domain,seed_tag,layer,sample_size,pca_dim,bootstrap_idx,h1_observed,h1_null_mean,h1_null_std,h1_delta_observed_minus_null,h1_delta_z,p_h1_upper
immune,seed42_main,0,120,10,0,12.107673645019531,7.64042682449023,1.7445702870744402,4.467246820529302,2.5606574014624544,0.04
immune,seed42_main,0,120,10,1,10.139428853988647,6.935278137524922,1.5928083260382533,3.204150716463725,2.0116360908419417,0.04
immune,seed42_main,0,120,10,2,13.48270559310913,5.914256349205971,1.514235997133584,7.56844924390316,4.998196617457169,0.04
immune,seed42_main,0,120,10,3,12.094010353088379,5.818143104513486,1.6165474090465695,6.275867248574893,3.8822661244399246,0.04
immune,seed42_main,0,120,14,0,6.238889217376709,5.051299249132474,1.3483799851065341,1.187589968244235,0.8807531856605328,0.2
immune,seed42_main,0,120,14,1,9.896889686584473,6.562079101800919,2.0863208730664833,3.334810584783554,1.5984169195813194,0.12
immune,seed42_main,0,120,14,2,4.637689113616943,4.055973410606384,1.3323272965615849,0.5817157030105591,0.436616215906715,0.28
immune,seed42_main,0,120,14,3,8.639402866363525,4.9242984354496,1.5453459180498248,3.715104430913925,2.4040600781462595,0.04
immune,seed42_main,0,180,10,0,12.611540794372559,7.804123543202877,1.3111611349144734,4.8074172511696815,3.66653427979829,0.04
immune,seed42_main,0,180,10,1,13.51778244972229,12.152356718977293,2.4233877190210853,1.365425730744997,0.5634367622912263,0.4
immune,seed42_main,0,180,10,2,15.476643562316895,9.167203538119793,1.408441619349127,6.309440024197102,4.479731309440505,0.04
immune,seed42_main,0,180,10,3,12.009487390518188,8.656272888183594,2.087305938072143,3.3532145023345947,1.6064796441987697,0.08
immune,seed42_main,0,180,14,0,16.197636604309082,6.889763491849105,1.7351130793355225,9.307873112459976,5.364418733250568,0.04
immune,seed42_main,0,180,14,1,13.254573822021484,7.048520058393478,1.7369492224529044,6.206053763628006,3.572962110712085,0.04
immune,seed42_main,0,180,14,2,15.020820617675781,9.05482297639052,1.6947830736839287,5.965997641285261,3.5202131354762907,0.04
immune,seed42_main,0,180,14,3,13.614431619644165,11.31153666973114,2.431301200706678,2.302894949913025,0.9471862014860533,0.2
immune,seed42_main,1,120,10,0,5.028199672698975,3.4842753460009894,1.2089784102950334,1.5439243266979852,1.277048715075205,0.16
immune,seed42_main,1,120,10,1,14.048404455184937,5.738707055648168,1.068253889945262,8.30969739953677,7.778766330711697,0.04
immune,seed42_main,1,120,10,2,8.996071338653564,5.084767783681552,1.382378611662759,3.9113035549720125,2.829401091093271,0.04
immune,seed42_main,1,120,10,3,7.437121391296387,4.254211177428563,1.0047923024258967,3.1829102138678236,3.167729492966367,0.04
immune,seed42_main,1,120,14,0,4.396322250366211,5.104847987492879,1.0741800917030915,-0.708525737126668,-0.6595967863672818,0.76
immune,seed42_main,1,120,14,1,10.427953720092773,4.922921349604924,0.9886781173939678,5.505032370487849,5.568073438734898,0.04
immune,seed42_main,1,120,14,2,5.263614654541016,4.005470762650172,1.4764960558332396,1.2581438918908434,0.8521146304916561,0.2
immune,seed42_main,1,120,14,3,7.559351921081543,4.537344733874003,1.2694291422341304,3.0220071872075396,2.380603284015016,0.04
immune,seed42_main,1,180,10,0,15.560635089874268,9.32221889992555,1.8708812668155614,6.238416189948717,3.3344800107131776,0.04
immune,seed42_main,1,180,10,1,14.856034278869629,8.815928503870964,1.696570845322943,6.040105774998665,3.560184821099376,0.04
immune,seed42_main,1,180,10,2,14.235219717025757,6.5041641021768255,1.374692483486116,7.731055614848931,5.623843661107185,0.04
immune,seed42_main,1,180,10,3,8.932090759277344,6.049762239058812,1.540767104874149,2.8823285202185316,1.8707100568474637,0.08
immune,seed42_main,1,180,14,0,14.27753758430481,7.1146903683741884,1.6392852983162078,7.162847215930621,4.369493961129552,0.04
immune,seed42_main,1,180,14,1,13.64092230796814,8.491479019323984,1.7219902034747367,5.1494432886441555,2.9904021958213773,0.04
immune,seed42_main,1,180,14,2,13.842545747756958,10.267074594895044,2.1058936420273593,3.5754711528619136,1.6978403276444392,0.12
immune,seed42_main,1,180,14,3,17.521341562271118,8.358435799678167,1.6922266833738084,9.16290576259295,5.414703507044384,0.04
immune,seed42_main,2,120,10,0,4.299607276916504,3.4864439740777016,0.947160052797368,0.8131633028388023,0.858527869264182,0.24
immune,seed42_main,2,120,10,1,7.230679035186768,3.781153400739034,1.1741949293018514,3.4495256344477334,2.9377793630576825,0.04
immune,seed42_main,2,120,10,2,7.285034418106079,5.3913720945517225,1.5305601407179106,1.8936623235543566,1.2372348344501496,0.12
immune,seed42_main,2,120,10,3,6.506652355194092,5.742356106638908,1.3991024724425325,0.7642962485551834,0.5462761041902886,0.36
immune,seed42_main,2,120,14,0,5.176427364349365,5.647066881259282,1.460599757644407,-0.4706395169099169,-0.32222346616483133,0.68
immune,seed42_main,2,120,14,1,4.567202091217041,3.8618114044268927,1.2210492696243769,0.7053906867901483,0.5776922387656401,0.24
immune,seed42_main,2,120,14,2,5.3065619468688965,5.229517449935277,1.4754459897677783,0.07704449693361948,0.052217768332901024,0.52
immune,seed42_main,2,120,14,3,12.786570072174072,8.348321785529455,2.111385396282166,4.438248286644617,2.102055026220061,0.04
immune,seed42_main,2,180,10,0,12.031251668930054,9.16912154853344,1.968373765624971,2.862130120396614,1.4540582530238162,0.16
immune,seed42_main,2,180,10,1,8.411707401275635,5.007618548969428,0.8758259986709933,3.4040888523062067,3.8867181992598567,0.04
immune,seed42_main,2,180,10,2,12.284041404724121,8.766460046172142,1.6261935971225077,3.517581358551979,2.1630766242181365,0.08
immune,seed42_main,2,180,10,3,11.923735618591309,7.691657744348049,1.2970581033697581,4.232077874243259,3.262828288097109,0.04
immune,seed42_main,2,180,14,0,13.542923212051392,7.892261847853661,1.7561256104101943,5.650661364197731,3.217686324647454,0.04
immune,seed42_main,2,180,14,1,11.140747553140237,7.829801594217618,1.699404972979635,3.310945958922619,1.9482972037966366,0.08
immune,seed42_main,2,180,14,2,13.957423686981201,8.06335694094499,2.1353118219344696,5.894066746036211,2.7602838530328757,0.04
immune,seed42_main,2,180,14,3,13.682724475860596,7.029110337297122,1.3785583186621333,6.653614138563474,4.826501747270429,0.04
immune,seed42_main,3,120,10,0,9.251130819320679,5.573575874169667,1.26529317805093,3.6775549451510114,2.9064844464817776,0.04
immune,seed42_main,3,120,10,1,10.230010986328125,3.7246012513836226,1.1870734190603605,6.505409734944502,5.480208405823554,0.04
immune,seed42_main,3,120,10,2,4.024055480957031,3.0453332463900247,1.0774825297582316,0.9787222345670066,0.9083416265489457,0.24
immune,seed42_main,3,120,10,3,8.720946311950684,5.835583388805389,1.4166532292930243,2.885362923145294,2.0367460867953393,0.04
immune,seed42_main,3,120,14,0,9.881727695465088,3.6452862322330475,1.040502427315299,6.23644146323204,5.993682757021148,0.04
immune,seed42_main,3,120,14,1,11.37411880493164,5.105267882347107,1.5731169430436862,6.268850922584534,3.9849872231815744,0.04
immune,seed42_main,3,120,14,2,12.281691551208496,5.589419682820638,1.9107087016230448,6.692271868387858,3.5025076607442167,0.04
immune,seed42_main,3,120,14,3,4.810511589050293,4.114882215857506,1.3591499785317325,0.6956293731927872,0.511812076421803,0.28
immune,seed42_main,3,180,10,0,12.024875164031982,8.975367205838362,1.224603404249773,3.0495079581936206,2.4902004560175426,0.04
immune,seed42_main,3,180,10,1,14.143929958343506,8.718636197348436,2.3362165943254634,5.4252937609950695,2.322256323258101,0.04
immune,seed42_main,3,180,10,2,12.680949449539185,7.534796630342801,2.1170282836973087,5.1461528191963835,2.430838008351021,0.04
immune,seed42_main,3,180,10,3,14.993723392486572,8.913088617225489,1.939566370326993,6.080634775261084,3.135048568150259,0.08
immune,seed42_main,3,180,14,0,12.253946781158447,6.967482219139735,1.6571684424430677,5.286464562018712,3.190058670822336,0.04
immune,seed42_main,3,180,14,1,8.376054763793945,7.743326887488365,1.397735485263996,0.6327278763055801,0.45268069854675935,0.28
immune,seed42_main,3,180,14,2,10.65073823928833,8.216053093473116,1.5830936231268027,2.434685145815214,1.5379287167290117,0.16
immune,seed42_main,3,180,14,3,11.611113786697388,7.071244309345881,1.864874847997878,4.539869477351506,2.4344097298492073,0.04
immune,seed42_main,4,120,10,0,4.603170871734619,4.614368113378684,1.1336349021858734,-0.011197241644064881,-0.009877290839049754,0.48
immune,seed42_main,4,120,10,1,6.218842029571533,3.863204230864843,1.501008830148782,2.3556377987066903,1.5693697131041038,0.16
immune,seed42_main,4,120,10,2,5.306024074554443,3.310392454266548,1.0491192145014643,1.9956316202878952,1.9021971867458467,0.04
immune,seed42_main,4,120,10,3,7.356024265289307,6.467026238640149,1.7929901798856018,0.8889980266491575,0.4958186810649791,0.32
immune,seed42_main,4,120,14,0,4.401136875152588,3.6864951898654303,0.8151780125937131,0.7146416852871575,0.8766694800030964,0.24
immune,seed42_main,4,120,14,1,13.784565448760986,4.587797999382019,1.610981931768546,9.196767449378967,5.708796146195073,0.04
immune,seed42_main,4,120,14,2,7.61340069770813,4.895295361677806,1.4728293874826546,2.718105336030324,1.8454991170637784,0.08
immune,seed42_main,4,120,14,3,7.001046657562256,4.410097738107045,1.406200524005632,2.5909489194552107,1.8425173887947692,0.04
immune,seed42_main,4,180,10,0,12.863492965698242,10.198552141586939,2.2676178267464455,2.6649408241113033,1.1752160313361606,0.16
immune,seed42_main,4,180,10,1,11.484960556030273,6.446886107325554,1.458620228775466,5.0380744487047195,3.45400012001771,0.04
immune,seed42_main,4,180,10,2,10.022417068481445,7.106109355886777,1.1223182557287044,2.9163077125946684,2.598467676267714,0.08
immune,seed42_main,4,180,10,3,9.91199517250061,8.92210660626491,1.3741004364765668,0.9898885662357007,0.7203902562272357,0.2
immune,seed42_main,4,180,14,0,18.476705074310303,7.812033871809642,1.278238276783151,10.66467120250066,8.343257581830832,0.04
immune,seed42_main,4,180,14,1,15.766246795654297,7.374068781733513,1.758951634034119,8.392178013920784,4.771124939861123,0.04
immune,seed42_main,4,180,14,2,10.671152353286743,7.929571022590001,1.7832179051874213,2.741581330696742,1.537434836866535,0.12
immune,seed42_main,4,180,14,3,12.563819408416748,8.495580608646074,1.6881818719246655,4.068238799770674,2.409834428989996,0.08
immune,seed42_main,5,120,10,0,12.530964851379395,3.567926824092865,0.902137570741679,8.96303802728653,9.935333931367438,0.04
immune,seed42_main,5,120,10,1,6.053139686584473,2.289047891894976,0.6590741294030001,3.7640917946894965,5.7111812177909185,0.04
immune,seed42_main,5,120,10,2,9.266834259033203,4.715403765439987,0.8615088637300331,4.551430493593216,5.28309188672072,0.04
immune,seed42_main,5,120,10,3,6.923955202102661,3.7713979333639145,0.9229912018255143,3.1525572687387466,3.415587558243194,0.04
immune,seed42_main,5,120,14,0,8.697749137878418,4.265776654084523,1.1274429343278067,4.431972483793895,3.930994948764558,0.04
immune,seed42_main,5,120,14,1,6.7264509201049805,3.298091242710749,1.077371645448892,3.4283596773942313,3.182151385452174,0.04
immune,seed42_main,5,120,14,2,10.125571727752686,5.560036296645801,1.60747966789732,4.565535431106885,2.8401823795623473,0.04
immune,seed42_main,5,120,14,3,7.54240083694458,4.415844023227692,1.2793879819985063,3.1265568137168884,2.4437909807384353,0.08
immune,seed42_main,5,180,10,0,12.59597134590149,8.11777044336001,1.6977467858353865,4.478200902541479,2.6377319263780676,0.04
immune,seed42_main,5,180,10,1,13.715524673461914,9.205154173076153,1.7350471988632952,4.510370500385761,2.5995664560255967,0.04
immune,seed42_main,5,180,10,2,12.117787599563599,7.599305639664332,1.2936011202322726,4.518481959899266,3.4929483947841677,0.04
immune,seed42_main,5,180,10,3,13.673045635223389,6.7128254398703575,1.6604430972578819,6.960220195353031,4.191784833009704,0.04
immune,seed42_main,5,180,14,0,17.59680199623108,10.541727175315222,1.6478879687459336,7.055074820915857,4.281283042562406,0.04
immune,seed42_main,5,180,14,1,13.69037938117981,7.417474016547203,2.0489437536823423,6.2729053646326065,3.0615312647296777,0.04
immune,seed42_main,5,180,14,2,12.315267562866211,7.225984628001849,1.7048184897372143,5.089282934864362,2.9852344765826677,0.04
immune,seed42_main,5,180,14,3,14.409957647323608,7.900730058550835,1.381288561904681,6.509227588772774,4.71243139455572,0.04
immune,seed42_main,6,120,10,0,9.176375389099121,4.952655866742134,1.3189067582738863,4.223719522356987,3.202439818173593,0.04
immune,seed42_main,6,120,10,1,4.663627624511719,3.9998657753070197,0.8823547768165407,0.663761849204699,0.7522618632464735,0.24
immune,seed42_main,6,120,10,2,5.8999550342559814,3.9788547108570733,1.0163382582713143,1.9211003233989081,1.890217460450896,0.08
immune,seed42_main,6,120,10,3,4.701237678527832,3.1332156459490457,1.2035648600581161,1.5680220325787864,1.3028147325606174,0.08
immune,seed42_main,6,120,14,0,10.023460388183594,4.502079178889592,1.3571900304835398,5.521381209294002,4.068244741864629,0.04
immune,seed42_main,6,120,14,1,8.5036940574646,4.955835868914922,1.5513042707283964,3.547858188549678,2.2870163211739287,0.08
immune,seed42_main,6,120,14,2,9.092912673950195,4.078981523712476,1.5977990101078,5.0139311502377195,3.138023690953105,0.04
immune,seed42_main,6,120,14,3,9.721385478973389,4.759544566273689,1.593371612944082,4.961840912699699,3.1140512792352473,0.04
immune,seed42_main,6,180,10,0,11.614474058151245,8.111610859632492,1.5894407411327787,3.502863198518753,2.2038337798101635,0.08
immune,seed42_main,6,180,10,1,9.153287887573242,7.358022632698218,1.2762390445990044,1.7952652548750239,1.4066841639627268,0.08
immune,seed42_main,6,180,10,2,12.425209760665894,5.91839449852705,1.3520474399772757,6.5068152621388435,4.812564311675071,0.04
immune,seed42_main,6,180,10,3,12.47376799583435,7.428544628123443,1.142873049711277,5.045223367710908,4.414508999552461,0.04
immune,seed42_main,6,180,14,0,16.232295513153076,8.055666302641233,1.8815547402603667,8.176629210511843,4.345677025072731,0.04
immune,seed42_main,6,180,14,1,11.661531925201416,7.466452126701673,1.3007826941859508,4.195079798499743,3.225042748512305,0.04
immune,seed42_main,6,180,14,2,16.543643951416016,7.714832549293836,1.4994851908508604,8.82881140212218,5.887895025641773,0.04
immune,seed42_main,6,180,14,3,18.807109594345093,7.255948260426521,1.4478870736771206,11.551161333918571,7.97794353989553,0.04
immune,seed42_main,7,120,10,0,7.888215065002441,4.427925835053126,1.3143316301684411,3.460289229949315,2.632736782628534,0.04
immune,seed42_main,7,120,10,1,9.587860584259033,2.888396474222342,0.7511164877103159,6.699464110036692,8.919341021976264,0.04
immune,seed42_main,7,120,10,2,6.6331868171691895,3.6250320772329965,1.0973924683817233,3.008154739936193,2.741184055719831,0.04
immune,seed42_main,7,120,10,3,6.8081300258636475,4.425997411211331,1.0424660172765887,2.382132614652316,2.2850937804097176,0.04
immune,seed42_main,7,120,14,0,6.782154560089111,4.7152169197797775,1.3275259501222074,2.066937640309334,1.5569847343188086,0.12
immune,seed42_main,7,120,14,1,7.7226715087890625,3.512107421954473,1.3948833926886617,4.210564086834589,3.0185778294342414,0.04
immune,seed42_main,7,120,14,2,7.131052732467651,5.757554034392039,1.700694557825814,1.373498698075612,0.8076104500645295,0.24
immune,seed42_main,7,120,14,3,7.659626007080078,4.675188546379407,0.8923493629784416,2.984437460700671,3.3444719984949445,0.04
immune,seed42_main,7,180,10,0,12.06280255317688,7.608734391629696,1.4335158774194932,4.454068161547184,3.1070937047854446,0.04
immune,seed42_main,7,180,10,1,15.821015357971191,9.124854239324728,1.3388515946284798,6.696161118646463,5.001421472335155,0.04
immune,seed42_main,7,180,10,2,9.949153423309326,7.357640445232391,1.6351370944577344,2.591512978076935,1.584890334441025,0.12
immune,seed42_main,7,180,10,3,11.180305004119873,5.262712652484576,1.1233004201201817,5.917592351635297,5.268040713217337,0.04
immune,seed42_main,7,180,14,0,14.458422660827637,7.503295610348384,1.3950335000456642,6.955127050479253,4.985634427607619,0.04
immune,seed42_main,7,180,14,1,13.478366136550903,6.8659848272800446,1.5687589402130737,6.612381309270859,4.21503975885403,0.04
immune,seed42_main,7,180,14,2,12.519393920898438,8.24835201104482,2.0186923261562857,4.271041909853617,2.115746838880691,0.08
immune,seed42_main,7,180,14,3,12.227242231369019,6.182149976491928,1.562308245465941,6.0450922548770905,3.8693338965287705,0.04
immune,seed42_main,8,120,10,0,8.186223030090332,3.5076733430226645,0.7513304864210598,4.678549687067667,6.227019621054882,0.04
immune,seed42_main,8,120,10,1,7.84266996383667,4.465266212821007,0.9823824380322795,3.377403751015663,3.4379724400841893,0.04
immune,seed42_main,8,120,10,2,7.187870502471924,4.704935654997826,1.0251218856947506,2.482934847474098,2.4220874412112114,0.04
immune,seed42_main,8,120,10,3,5.104674339294434,3.4152062932650247,0.9971867409872787,1.689468046029409,1.694234364430571,0.08
immune,seed42_main,8,120,14,0,5.389460563659668,3.9199091444412866,1.3396553249578185,1.4695514192183814,1.0969623236243178,0.12
immune,seed42_main,8,120,14,1,7.062290191650391,4.378832990924518,1.0155814861363586,2.683457200725873,2.6422864484192536,0.04
immune,seed42_main,8,120,14,2,8.699452638626099,4.183816532293956,1.5481406513272977,4.515636106332143,2.9168125645068823,0.04
immune,seed42_main,8,120,14,3,11.870640754699707,5.451705465714137,1.3049913492894154,6.41893528898557,4.9187569615400175,0.04
immune,seed42_main,8,180,10,0,11.986955642700195,5.546108332773049,1.5185246686597218,6.440847309927146,4.241516413013192,0.04
immune,seed42_main,8,180,10,1,12.454924821853638,6.974955181280772,1.7550068941892045,5.4799696405728655,3.1224775558400744,0.04
immune,seed42_main,8,180,10,2,15.818422555923462,8.104575944443544,1.4459594723956042,7.713846611479918,5.334759897084242,0.04
immune,seed42_main,8,180,10,3,19.20987629890442,8.306332441667715,1.3988642273567746,10.903543857236704,7.794569076975352,0.04
immune,seed42_main,8,180,14,0,15.386452913284302,9.704720452427864,1.5046775373660277,5.681732460856438,3.7760465720957015,0.04
immune,seed42_main,8,180,14,1,12.339582204818726,8.164289727807045,2.1248904356541196,4.175292477011681,1.964944829619616,0.04
immune,seed42_main,8,180,14,2,13.146825551986694,6.9165217479070025,1.4559890103911808,6.230303804079692,4.279087105284337,0.04
immune,seed42_main,8,180,14,3,12.27035117149353,7.4101090133190155,1.5407105408008928,4.860242158174515,3.1545459230086887,0.04
immune,seed42_main,9,120,10,0,7.039512395858765,3.3948841989040375,0.9056535876488835,3.644628196954727,4.02430713314131,0.04
immune,seed42_main,9,120,10,1,7.617238759994507,4.670567800601323,1.237030562787313,2.9466709593931837,2.3820518632713545,0.04
immune,seed42_main,9,120,10,2,9.511585474014282,4.717119604349136,1.090828490489011,4.794465869665146,4.395251780708961,0.04
immune,seed42_main,9,120,10,3,4.51611852645874,2.1260145430763564,0.7301947109686452,2.390103983382384,3.273241978072577,0.04
immune,seed42_main,9,120,14,0,8.172023296356201,2.9587656930088997,0.9298715180487597,5.2132576033473015,5.606427873692015,0.04
immune,seed42_main,9,120,14,1,10.348930835723877,5.104942709207535,1.3640919037744939,5.243988126516342,3.8443070501054377,0.04
immune,seed42_main,9,120,14,2,6.127843379974365,3.13082746664683,0.9872571698988344,2.997015913327535,3.0356993108482,0.04
immune,seed42_main,9,120,14,3,7.916821002960205,4.587331131100655,1.3302357035865622,3.3294898718595505,2.5029322701079937,0.04
immune,seed42_main,9,180,10,0,5.980631113052368,6.05526390299201,1.3172740477225815,-0.07463278993964195,-0.05665699556748775,0.52
immune,seed42_main,9,180,10,1,12.167142391204834,6.524742086728414,1.30829190991946,5.64240030447642,4.312799198239309,0.04
immune,seed42_main,9,180,10,2,11.685051441192627,5.366659787793954,1.4823147091923263,6.318391653398673,4.262517001250617,0.04
immune,seed42_main,9,180,10,3,6.982298851013184,5.027254442373912,1.0023483322234499,1.9550444086392718,1.9504640690647417,0.08
immune,seed42_main,9,180,14,0,15.050665140151978,6.21214634180069,1.1554691521892306,8.838518798351288,7.64929013808455,0.04
immune,seed42_main,9,180,14,1,7.63616418838501,4.5745382110277815,0.9774137856080024,3.0616259773572283,3.132374455226619,0.04
immune,seed42_main,9,180,14,2,10.581616878509521,7.010121886928876,1.355877925739833,3.5714949915806455,2.634082996076347,0.04
immune,seed42_main,9,180,14,3,10.522530555725098,5.778766994675,1.289768611063742,4.743763561050097,3.677995817761189,0.04
immune,seed42_main,10,120,10,0,4.959975242614746,2.3521940199037394,0.6389173855429996,2.6077812227110067,4.081562464313219,0.04
immune,seed42_main,10,120,10,1,4.540786027908325,2.815741394956907,0.8556947731819577,1.7250446329514184,2.015957891761764,0.04
immune,seed42_main,10,120,10,2,4.047216773033142,2.573114770154158,1.0298903855525716,1.474102002878984,1.4313193152655348,0.16
immune,seed42_main,10,120,10,3,7.37415075302124,3.882049545645714,0.8997468451273339,3.4921012073755264,3.881204165823014,0.04
immune,seed42_main,10,120,14,0,5.037163019180298,3.374791299303373,1.1674420229163893,1.662371719876925,1.4239437041166352,0.12
immune,seed42_main,10,120,14,1,3.6044371128082275,2.3168088098367057,0.6730052779261412,1.2876283029715219,1.913251416134631,0.08
immune,seed42_main,10,120,14,2,4.1240904331207275,2.4905822103222213,0.6521660680814956,1.6335082227985063,2.5047427338547736,0.04
immune,seed42_main,10,120,14,3,6.3363189697265625,3.6297777543465295,1.152753803781171,2.706541215380033,2.3478918084280966,0.08
immune,seed42_main,10,180,10,0,10.002253293991089,4.9540060088038445,0.9123991167531839,5.048247285187244,5.5329374907975994,0.04
immune,seed42_main,10,180,10,1,8.057965993881226,5.012149915099144,0.8750248221434009,3.0458160787820816,3.4808339126202443,0.04
immune,seed42_main,10,180,10,2,6.720834016799927,4.592121253410975,0.950368741700944,2.1287127633889513,2.2398808670192145,0.04
immune,seed42_main,10,180,10,3,6.232828617095947,4.584369201213121,1.0748695811717905,1.6484594158828259,1.533636678556005,0.12
immune,seed42_main,10,180,14,0,8.880942583084106,5.528215828041236,1.212658423905108,3.3527267550428705,2.764774223462988,0.04
immune,seed42_main,10,180,14,1,9.77025818824768,6.177785769104958,1.2984574601651864,3.592472419142723,2.7667232285907732,0.04
immune,seed42_main,10,180,14,2,10.49783730506897,5.774022462467353,1.3160191421746443,4.723814842601617,3.589472742171757,0.04
immune,seed42_main,10,180,14,3,3.9764256477355957,5.139307339986165,1.3871866861277824,-1.1628816922505694,-0.8383022292827476,0.92
immune,seed42_main,11,120,10,0,3.3408873081207275,2.1524085539082685,0.4571979779350182,1.188478754212459,2.599483831885832,0.04
immune,seed42_main,11,120,10,1,4.313146591186523,2.3637602478265762,0.5342158560303681,1.9493863433599472,3.649061175750783,0.04
immune,seed42_main,11,120,10,2,3.011001467704773,1.8725330928961437,0.4976058780229107,1.1384683748086293,2.2878917287796194,0.04
immune,seed42_main,11,120,10,3,3.328523278236389,2.196835088233153,0.7779076291551149,1.1316881900032363,1.454784792093603,0.08
immune,seed42_main,11,120,14,0,2.8039474487304688,1.9719028621912003,0.6138206646462475,0.8320445865392685,1.3555173898605528,0.2
immune,seed42_main,11,120,14,1,3.1993091106414795,1.8573515564203262,0.6890382085294036,1.3419575542211533,1.9475807519261927,0.12
immune,seed42_main,11,120,14,2,4.447949409484863,2.7818524539470673,0.8679534071535481,1.666096955537796,1.9195695758395477,0.08
immune,seed42_main,11,120,14,3,3.634671449661255,1.611194056769212,0.5297678520518008,2.023477392892043,3.8195548884960133,0.04
immune,seed42_main,11,180,10,0,4.937664151191711,3.374803811311722,0.9881336262922923,1.5628603398799896,1.58162853354417,0.12
immune,seed42_main,11,180,10,1,7.861165285110474,3.9491570815443993,0.770688351046851,3.9120082035660744,5.075992381584949,0.04
immune,seed42_main,11,180,10,2,4.70442008972168,3.0674377170701823,0.6533788552844487,1.6369823726514974,2.5054106922903494,0.04
immune,seed42_main,11,180,10,3,6.417101144790649,3.778895124172171,0.6462300552808087,2.6382060206184783,4.082456386819757,0.04
immune,seed42_main,11,180,14,0,4.256591439247131,3.677593879401684,0.994514504966161,0.5789975598454475,0.5821911660131666,0.32
immune,seed42_main,11,180,14,1,6.112360715866089,3.508940152823925,0.624290981935411,2.603420563042164,4.170203693798206,0.04
immune,seed42_main,11,180,14,2,7.129572749137878,3.6434618160128593,0.8138472012783077,3.486110933125019,4.283495628375816,0.04
immune,seed42_main,11,180,14,3,6.751512050628662,3.2393527378638587,0.7147457145444261,3.5121593127648034,4.9138585043347485,0.04
immune,seed43,0,120,10,0,6.866480827331543,3.8137318789958954,1.1969299434855545,3.0527489483356476,2.550482559484909,0.04
immune,seed43,0,120,10,1,11.285436630249023,4.849278599023819,1.6797247858494848,6.4361580312252045,3.8316741418675804,0.04
immune,seed43,0,120,10,2,9.89392375946045,5.686334351698558,1.9173299394840655,4.207589407761891,2.1945046175514307,0.04
immune,seed43,0,120,10,3,15.635875701904297,8.196506852904955,1.6397745526428018,7.439368848999342,4.536824182612537,0.04
immune,seed43,0,120,14,0,6.019917964935303,6.074214523037274,1.5711749179823011,-0.05429655810197165,-0.03455793333128129,0.44
immune,seed43,0,120,14,1,9.72524118423462,5.679131269454956,1.6848366043258953,4.046109914779663,2.4014850472678506,0.04
immune,seed43,0,120,14,2,9.475441932678223,4.597423732280731,1.5511884302947543,4.8780182003974915,3.144697382977438,0.04
immune,seed43,0,120,14,3,5.818315505981445,3.4539287189642587,1.0094224810184087,2.3643867870171866,2.3423163532968223,0.04
immune,seed43,0,180,10,0,15.890532493591309,9.102708923319975,2.1927787697287555,6.787823570271334,3.0955350630357685,0.04
immune,seed43,0,180,10,1,17.78457021713257,9.123747430741787,1.2642947652675856,8.660822786390781,6.850319258980255,0.04
immune,seed43,0,180,10,2,14.965209484100342,9.075372233986855,1.7920349901545516,5.889837250113487,3.286675360238837,0.04
immune,seed43,0,180,10,3,9.750526189804077,7.296803409854571,1.6951188134627246,2.453722779949506,1.4475225919353765,0.12
immune,seed43,0,180,14,0,26.30936098098755,12.671683207154274,3.000636122745942,13.637677773833275,4.544928878883266,0.04
immune,seed43,0,180,14,1,16.401891469955444,8.197056819995245,2.2526757347764903,8.2048346499602,3.6422617421819115,0.04
immune,seed43,0,180,14,2,12.862471580505371,7.705449879169464,1.978202013866911,5.157021701335907,2.6069236926153163,0.08
immune,seed43,0,180,14,3,13.721028327941895,7.547638510664304,2.02749393663647,6.173389817277591,3.044837620808946,0.04
immune,seed43,1,120,10,0,9.527252197265625,5.01060988008976,1.1314348080173018,4.516642317175865,3.991959838232975,0.04
immune,seed43,1,120,10,1,6.63950252532959,4.5099730143944425,1.090391706516813,2.1295295109351473,1.9529949615856845,0.08
immune,seed43,1,120,10,2,12.380301475524902,5.415392542878787,1.3222594799004408,6.964908932646115,5.2674297543346835,0.04
immune,seed43,1,120,10,3,11.929852485656738,5.082642753918965,1.3261103525891236,6.847209731737773,5.163378532718464,0.04
immune,seed43,1,120,14,0,8.64525318145752,4.483237341046333,1.6280882674572628,4.162015840411186,2.5563821821251818,0.04
immune,seed43,1,120,14,1,8.079638481140137,4.775888189673424,1.7132459724048867,3.303750291466713,1.9283572486097107,0.08
immune,seed43,1,120,14,2,8.445619583129883,7.20525798201561,2.006078502866059,1.240361601114273,0.618301626144681,0.24
immune,seed43,1,120,14,3,7.688732147216797,4.476699421803157,1.161806291440941,3.21203272541364,2.7646886975153127,0.04
immune,seed43,1,180,10,0,11.164760828018188,7.076840698719025,1.377953209301535,4.087920129299164,2.9666610584002426,0.04
immune,seed43,1,180,10,1,15.864290475845337,10.501807312170664,1.790385886785253,5.362483163674673,2.9951549552863064,0.04
immune,seed43,1,180,10,2,12.770986318588257,8.224000722169876,1.1993747360661147,4.546985596418381,3.791130041258932,0.04
immune,seed43,1,180,10,3,16.47968578338623,9.608820527791977,2.1010398032973416,6.8708652555942535,3.270221364460109,0.04
immune,seed43,1,180,14,0,14.915542602539062,9.04497874279817,2.346269967716368,5.8705638597408925,2.5020837064852546,0.08
immune,seed43,1,180,14,1,13.327103614807129,7.4738534440596895,1.8549745847867585,5.853250170747439,3.1554341582878744,0.04
immune,seed43,1,180,14,2,10.571231842041016,6.793755397200584,1.3993731005974233,3.777476444840431,2.6994062130595027,0.04
immune,seed43,1,180,14,3,11.627039670944214,8.871171390016874,2.225309145255748,2.7558682809273396,1.2384204170302797,0.16
immune,seed43,2,120,10,0,5.93870210647583,4.33195744951566,1.3799472702748756,1.6067446569601698,1.1643522114259957,0.24
immune,seed43,2,120,10,1,10.240633249282837,4.178844638168812,1.0563810929690347,6.061788611114025,5.738259275673587,0.04
immune,seed43,2,120,10,2,5.992738723754883,4.105841428041458,1.1695913671007574,1.8868972957134247,1.6132961880331464,0.08
immune,seed43,2,120,10,3,2.782759189605713,3.4493231549859047,1.0197588663910186,-0.6665639653801918,-0.6536486091908656,0.76
immune,seed43,2,120,14,0,6.971367835998535,4.022808462381363,1.0245878385715492,2.9485593736171722,2.877800477165694,0.04
immune,seed43,2,120,14,1,6.562559604644775,3.891142944494883,0.9639921610141564,2.6714166601498923,2.7712016398227335,0.04
immune,seed43,2,120,14,2,9.279282569885254,5.5915714005629225,1.1526916483162126,3.6877111693223315,3.1992173895854243,0.04
immune,seed43,2,120,14,3,8.22956919670105,4.825955078005791,1.5619493176692054,3.403614118695259,2.179081022676951,0.04
immune,seed43,2,180,10,0,14.629841327667236,7.188372895121574,1.3565024402577464,7.441468432545662,5.485775923592107,0.04
immune,seed43,2,180,10,1,10.516209602355957,8.272424764931202,1.3179285679282453,2.243784837424755,1.7025086869840196,0.12
immune,seed43,2,180,10,2,9.400087356567383,7.902025431394577,1.7624268560434517,1.4980619251728058,0.8499994874600755,0.28
immune,seed43,2,180,10,3,12.998927593231201,9.366300458709398,1.934425399113824,3.632627134521803,1.877884323845238,0.08
immune,seed43,2,180,14,0,9.069076776504517,7.457450886567433,1.6880220743587377,1.6116258899370832,0.954742188187664,0.2
immune,seed43,2,180,14,1,14.265708446502686,8.516972362995148,1.624466749952613,5.748736083507538,3.5388450272290197,0.04
immune,seed43,2,180,14,2,12.702220678329468,7.269403100013733,1.2461424948204283,5.432817578315735,4.359708136539318,0.04
immune,seed43,2,180,14,3,10.560974597930908,6.408066689968109,1.899064547272928,4.152907907962799,2.186817668593514,0.08
immune,seed43,3,120,10,0,3.5599584579467773,2.9744822680950165,0.8559272669446872,0.5854761898517609,0.6840256313572618,0.24
immune,seed43,3,120,10,1,5.577162027359009,4.6071735719839735,1.1205717406734998,0.9699884553750353,0.8656192364144589,0.24
immune,seed43,3,120,10,2,7.648460865020752,5.870162849624951,1.086607555293565,1.7782980153958006,1.6365595886905133,0.12
immune,seed43,3,120,10,3,11.485872745513916,6.10381514330705,1.4066652983813892,5.382057602206866,3.8261110191413263,0.04
immune,seed43,3,120,14,0,6.181941986083984,4.098546177148819,1.0084480359301005,2.0833958089351654,2.065942649139763,0.08
immune,seed43,3,120,14,1,13.76343560218811,6.169984926780065,1.9584012641463506,7.593450675408046,3.877372227310418,0.04
immune,seed43,3,120,14,2,11.081940650939941,4.627439647912979,1.3625048900965817,6.454501003026962,4.737231436895761,0.04
immune,seed43,3,120,14,3,8.23665475845337,6.011462549368541,1.3919813836332284,2.2251922090848284,1.598578999439092,0.08
immune,seed43,3,180,10,0,11.532155752182007,8.059448900322119,1.3213263818992977,3.472706851859888,2.628197617790663,0.04
immune,seed43,3,180,10,1,15.244452238082886,5.932047861317794,1.334081837330707,9.312404376765091,6.9803846429821705,0.04
immune,seed43,3,180,10,2,16.04420018196106,8.83783051619927,1.4845716219363831,7.206369665761789,4.854174466509115,0.04
immune,seed43,3,180,10,3,12.159571886062622,7.953180328011513,1.9276686661633085,4.206391558051109,2.1821133629987832,0.12
immune,seed43,3,180,14,0,13.117899894714355,8.060180788238844,1.2264055670530207,5.057719106475512,4.124018382030742,0.04
immune,seed43,3,180,14,1,8.818277359008789,6.340271711349487,1.8493712006965433,2.4780056476593018,1.3399179382625148,0.16
immune,seed43,3,180,14,2,9.630327224731445,6.382651925086975,1.5188993330450573,3.24767529964447,2.1381767881847855,0.04
immune,seed43,3,180,14,3,16.430166721343994,8.65415994822979,2.2382883982641237,7.776006773114204,3.4740861703392207,0.04
immune,seed43,4,120,10,0,5.1551923751831055,4.254846905668576,1.3988967262709673,0.9003454695145292,0.6436111057826012,0.28
immune,seed43,4,120,10,1,7.078966856002808,4.5240316192309065,1.2792659726382287,2.554935236771901,1.9971884576165757,0.08
immune,seed43,4,120,10,2,9.943402290344238,4.379770631591479,1.239275117343023,5.563631658752759,4.489424161272302,0.04
immune,seed43,4,120,10,3,8.924799680709839,4.861748943726222,1.2208169126159574,4.063050736983617,3.3281409289696033,0.04
immune,seed43,4,120,14,0,11.159101963043213,3.7721235702435174,1.0507005083420147,7.386978392799696,7.0305270884713655,0.04
immune,seed43,4,120,14,1,10.63007926940918,2.514484941959381,0.866986295430915,8.115594327449799,9.360695043115348,0.04
immune,seed43,4,120,14,2,13.564130306243896,5.278391415874164,1.485260281373311,8.285738890369732,5.578644355270764,0.04
immune,seed43,4,120,14,3,9.678502559661865,6.1282622416814165,1.686872803374423,3.5502403179804487,2.1046283446943446,0.04
immune,seed43,4,180,10,0,8.817145109176636,6.68896230806907,1.5070143733108181,2.128182801107566,1.412184805523715,0.08
immune,seed43,4,180,10,1,11.457356929779053,8.108960270881653,1.5024675437396071,3.3483966588974,2.2285983285434035,0.04
immune,seed43,4,180,10,2,13.587234258651733,6.914542260269324,1.6063828842357302,6.672691998382409,4.153861485771008,0.04
immune,seed43,4,180,10,3,14.446017026901245,7.286284995575746,1.1898983573435018,7.1597320313254995,6.017095478048064,0.04
immune,seed43,4,180,14,0,12.85301399230957,7.918001517653465,1.778621519743947,4.935012474656105,2.7746276636706435,0.04
immune,seed43,4,180,14,1,16.10094976425171,9.673247108856836,2.3579784356328735,6.427702655394873,2.7259378438479063,0.08
immune,seed43,4,180,14,2,18.111457109451294,9.855129490296045,1.9342872696023683,8.256327619155249,4.26840818560735,0.04
immune,seed43,4,180,14,3,22.37210488319397,10.078384096423784,1.8455174343399872,12.293720786770185,6.661395092431298,0.04
immune,seed43,5,120,10,0,3.6768202781677246,5.589452475309372,1.3151133135357254,-1.9126321971416473,-1.4543478314770648,0.96
immune,seed43,5,120,10,1,4.100953578948975,4.422143389781316,1.2501569075271208,-0.3211898108323412,-0.2569195983652586,0.52
immune,seed43,5,120,10,2,7.763882160186768,4.923161764939626,1.0873453455780546,2.840720395247142,2.6125282130346816,0.04
immune,seed43,5,120,10,3,5.7412309646606445,4.0508627196153,0.8707524894993413,1.6903682450453443,1.9412729374750186,0.08
immune,seed43,5,120,14,0,6.069154262542725,3.331047917405764,0.9321860139810864,2.7381063451369605,2.9372960987754313,0.04
immune,seed43,5,120,14,1,4.451382637023926,4.311107695102692,1.4430613077320822,0.14027494192123413,0.09720650194999961,0.4
immune,seed43,5,120,14,2,7.193187713623047,3.3008911162614822,0.9707560754171863,3.8922965973615646,4.009551618494155,0.04
immune,seed43,5,120,14,3,4.042809963226318,4.302771011988322,1.2302373179990571,-0.2599610487620039,-0.21130967557829636,0.64
immune,seed43,5,180,10,0,9.513668298721313,7.221344898144404,1.4238919501289393,2.292323400576909,1.6098998233394253,0.08
immune,seed43,5,180,10,1,12.567638397216797,8.339075890680155,1.8088848106353446,4.228562506536642,2.3376626744484397,0.04
immune,seed43,5,180,10,2,13.161857843399048,6.982339538633823,1.4060098881384715,6.1795183047652245,4.395074567044266,0.04
immune,seed43,5,180,10,3,9.057466983795166,5.391122289001942,1.402732721250457,3.6663446947932243,2.6137158110286105,0.04
immune,seed43,5,180,14,0,13.992743015289307,8.534919917583466,1.805576543961495,5.457823097705841,3.0227591917584595,0.04
immune,seed43,5,180,14,1,14.315873146057129,7.398937498529752,1.3700372560378191,6.916935647527377,5.048720837331534,0.04
immune,seed43,5,180,14,2,18.910422325134277,7.6330162435770035,1.59825849620311,11.277406081557274,7.05605889240839,0.04
immune,seed43,5,180,14,3,15.405627012252808,6.602368573347728,1.3913324974872128,8.803258438905079,6.3272139826222755,0.04
immune,seed43,6,120,10,0,9.834632158279419,5.325367997090022,1.6810274319066603,4.509264161189397,2.682445314644532,0.08
immune,seed43,6,120,10,1,9.234153270721436,3.021763357023398,0.8172209285522204,6.212389913698038,7.601848764570911,0.04
immune,seed43,6,120,10,2,3.4513120651245117,4.530084997415543,1.015792138952319,-1.0787729322910309,-1.0620016535485972,0.88
immune,seed43,6,120,10,3,11.308213233947754,5.1331265072027845,1.222551212905365,6.175086726744969,5.050984086808954,0.04
immune,seed43,6,120,14,0,8.304802894592285,4.633820856610934,1.075702218017602,3.670982037981351,3.412637784956807,0.04
immune,seed43,6,120,14,1,6.595777988433838,4.134804919362068,1.1908828177285016,2.4609730690717697,2.066511524365878,0.08
immune,seed43,6,120,14,2,6.054470062255859,5.135647386312485,1.6987282639458838,0.9188226759433746,0.5408885546345138,0.28
immune,seed43,6,120,14,3,8.667875289916992,5.698893507321675,1.3937613374775009,2.968981782595317,2.130193814845327,0.08
immune,seed43,6,180,10,0,12.40038514137268,7.834813162684441,1.6237296301484538,4.56557197868824,2.8117809092755417,0.04
immune,seed43,6,180,10,1,11.501465797424316,6.507982627799113,1.4783712340622903,4.993483169625203,3.3776923219253554,0.04
immune,seed43,6,180,10,2,13.00859260559082,6.7699925154447556,1.2146596926289164,6.238600090146065,5.136088834484684,0.04
immune,seed43,6,180,10,3,15.750522136688232,7.680588307480018,1.2180780326011398,8.069933829208214,6.625136983506852,0.04
immune,seed43,6,180,14,0,13.176032066345215,7.809661174813907,1.388937943066755,5.366370891531308,3.8636505788147653,0.04
immune,seed43,6,180,14,1,8.4315767288208,6.61938417951266,1.02156883020429,1.8121925493081408,1.7739309324578876,0.08
immune,seed43,6,180,14,2,20.474682807922363,8.554992397626242,1.8989785203929768,11.919690410296122,6.276895855332029,0.04
immune,seed43,6,180,14,3,12.456742763519287,8.000025769074758,1.6522735518151426,4.456716994444529,2.6973239309260726,0.04
immune,seed43,7,120,10,0,8.181569576263428,4.632422695557277,1.463379928703919,3.549146880706151,2.425307883937043,0.08
immune,seed43,7,120,10,1,13.736423969268799,6.094396894176801,1.493002182660921,7.642027075091998,5.11856389677431,0.04
immune,seed43,7,120,10,2,9.711506605148315,4.591693545381228,1.2600119761534665,5.119813059767087,4.063305073760823,0.04
immune,seed43,7,120,10,3,9.275784015655518,5.350513721505801,0.921299967396879,3.9252702941497164,4.260577910341122,0.04
immune,seed43,7,120,14,0,7.878705978393555,4.015017107129097,1.2549643386273124,3.8636888712644577,3.078724031642094,0.04
immune,seed43,7,120,14,1,10.21875,4.580373674631119,1.4048019166170518,5.638376325368881,4.01364509448648,0.04
immune,seed43,7,120,14,2,2.85726261138916,3.4972317069768906,0.771586655826366,-0.6399690955877304,-0.8294195991154184,0.8
immune,seed43,7,120,14,3,6.8758931159973145,4.030903076132138,1.0647729893651523,2.844990039865176,2.671921682470099,0.04
immune,seed43,7,180,10,0,6.688525676727295,5.793041643997033,1.1270042664157678,0.8954840327302618,0.7945702235747658,0.24
immune,seed43,7,180,10,1,17.33705449104309,7.866169239083926,1.3222411909318268,9.470885251959164,7.162751629392189,0.04
immune,seed43,7,180,10,2,9.147425651550293,5.6631017078955965,1.3553052092184896,3.4843239436546964,2.5708777014831856,0.04
immune,seed43,7,180,10,3,10.71787428855896,7.634382327397664,1.111149098447471,3.083491961161296,2.775047887537856,0.04
immune,seed43,7,180,14,0,20.38136339187622,6.954906538128853,1.571047307837457,13.426456853747368,8.546182395794734,0.04
immune,seed43,7,180,14,1,15.348010301589966,9.045155505339304,1.6535052972125175,6.302854796250662,3.811814091593303,0.04
immune,seed43,7,180,14,2,13.878031492233276,7.386428187290828,1.9199350103760782,6.491603304942449,3.3811578342382074,0.04
immune,seed43,7,180,14,3,9.818107843399048,6.621665033201377,2.1017620424903654,3.196442810197671,1.5208395356162134,0.08
immune,seed43,8,120,10,0,8.24822211265564,4.601419428984324,1.3422226457219264,3.646802683671315,2.716987895099074,0.04
immune,seed43,8,120,10,1,3.4724109172821045,3.4371910194555917,1.0615835935984603,0.0352198978265128,0.033176754054714444,0.56
immune,seed43,8,120,10,2,7.087178945541382,4.431380572418372,1.2491663770968144,2.6557983731230097,2.1260565603513037,0.04
immune,seed43,8,120,10,3,10.40930700302124,5.05805725355943,1.4987590113190095,5.35124974946181,3.570453759061568,0.04
immune,seed43,8,120,14,0,6.442941665649414,5.536440700292587,1.5275841614833854,0.9065009653568268,0.5934212907020017,0.2
immune,seed43,8,120,14,1,5.9081525802612305,3.194410209854444,1.3610210814268833,2.7137423704067865,1.9939017884776769,0.08
immune,seed43,8,120,14,2,10.183706998825073,5.739544590314229,1.454261008907338,4.444162408510844,3.0559592660701362,0.04
immune,seed43,8,120,14,3,8.874810695648193,4.51497320830822,1.2288423299795608,4.3598374873399734,3.5479226076664916,0.04
immune,seed43,8,180,10,0,9.164597034454346,6.707292007903258,1.173065985029146,2.4573050265510874,2.0947713562722234,0.08
immune,seed43,8,180,10,1,11.82795786857605,6.606044299900532,1.8914442652922736,5.221913568675518,2.7608075277374344,0.04
immune,seed43,8,180,10,2,18.434205293655396,7.424687231580417,1.5781592587789062,11.009518062074978,6.976176829971752,0.04
immune,seed43,8,180,10,3,11.650851488113403,6.352665163576603,1.0500364253566363,5.2981863245368,5.045716692820059,0.04
immune,seed43,8,180,14,0,11.981990337371826,5.5175335084398585,1.1375667173161914,6.464456828931968,5.682705660113331,0.04
immune,seed43,8,180,14,1,13.336614847183228,9.919394592444101,2.0361901909814835,3.417220254739126,1.6782421741329168,0.04
immune,seed43,8,180,14,2,11.47526741027832,5.727799251675606,1.3193469746899482,5.7474681586027145,4.356297671882027,0.04
immune,seed43,8,180,14,3,5.213794946670532,6.418180604775746,1.146297833377259,-1.2043856581052141,-1.050674285500602,0.92
immune,seed43,9,120,10,0,5.964568614959717,3.7993556037545204,1.0631508531120812,2.1652130112051964,2.036599982806327,0.04
immune,seed43,9,120,10,1,4.622517108917236,4.20899032553037,1.247870468225613,0.41352678338686655,0.3313859840304479,0.4
immune,seed43,9,120,10,2,6.696959733963013,4.112847839792569,1.18525879418149,2.5841118941704435,2.1802090013386124,0.08
immune,seed43,9,120,10,3,4.58827543258667,3.8022667268911996,1.036354750566045,0.7860087056954703,0.7584359549736471,0.24
immune,seed43,9,120,14,0,8.216648578643799,4.076634978254636,1.3907019716460114,4.140013600389163,2.9769236556932386,0.04
immune,seed43,9,120,14,1,4.083621978759766,3.470288043220838,1.2246965325198411,0.6133339355389276,0.5008048269526607,0.28
immune,seed43,9,120,14,2,7.519033908843994,3.0075602680444717,1.0542168897793862,4.511473640799522,4.279454901793666,0.04
immune,seed43,9,120,14,3,3.5810790061950684,3.7145496557156243,1.1912331208271276,-0.13347064952055598,-0.11204410545253904,0.52
immune,seed43,9,180,10,0,10.55049180984497,6.262918248772621,1.053736740013198,4.2875735610723495,4.068922904737786,0.04
immune,seed43,9,180,10,1,7.4995951652526855,4.9305672744909925,0.8846164029099434,2.569027890761693,2.9041151389537516,0.04
immune,seed43,9,180,10,2,16.540836334228516,8.872612158457438,1.5997561502426556,7.668224175771078,4.793370645779088,0.04
immune,seed43,9,180,10,3,9.344866037368774,7.3621358672777815,1.4092678324376096,1.982730170090993,1.406922178344583,0.16
immune,seed43,9,180,14,0,11.930895805358887,6.8022525161504745,1.3333891066445727,5.128643289208412,3.8463215724539275,0.04
immune,seed43,9,180,14,1,10.533883094787598,6.584618292748928,1.6748163481523846,3.9492648020386696,2.358028570736947,0.04
immune,seed43,9,180,14,2,10.642641067504883,6.531562318404515,1.516364573120615,4.1110787491003675,2.711141383321029,0.04
immune,seed43,9,180,14,3,13.541127443313599,8.679533739884695,1.8570041920196558,4.861593703428904,2.617976696931155,0.04
immune,seed43,10,120,10,0,3.7320151329040527,3.173226848244667,0.7368284848764227,0.5587882846593857,0.758369546468787,0.16
immune,seed43,10,120,10,1,7.327463865280151,2.877301722764969,0.6899453183976962,4.4501621425151825,6.450021497935597,0.04
immune,seed43,10,120,10,2,5.543644428253174,4.1447985197107,1.3411906159374558,1.3988459085424738,1.0429881411910493,0.12
immune,seed43,10,120,10,3,4.495657444000244,3.7215372746189437,1.1639143271139554,0.7741201693813005,0.6651006441648587,0.28
immune,seed43,10,120,14,0,4.216649532318115,2.4238715320825577,0.7772780820232971,1.7927780002355576,2.306482119323855,0.04
immune,seed43,10,120,14,1,6.019259452819824,3.3907623638709388,0.9993000794958302,2.6284970889488855,2.6303381138973636,0.04
immune,seed43,10,120,14,2,4.83433723449707,3.2291333079338074,0.7217613966030622,1.605203926563263,2.224009114222615,0.08
immune,seed43,10,120,14,3,9.017898797988892,4.175926337639491,1.1487519227210445,4.8419724603494005,4.214985290005219,0.04
immune,seed43,10,180,10,0,10.233509540557861,4.851063705980778,0.9215619634835783,5.382445834577084,5.840568558613723,0.04
immune,seed43,10,180,10,1,5.049329876899719,4.3874536616106825,0.9037540661728101,0.6618762152890367,0.7323631940706686,0.28
immune,seed43,10,180,10,2,6.81911301612854,4.859654222925504,1.3047743269695515,1.9594587932030363,1.5017606885723171,0.12
immune,seed43,10,180,10,3,9.270835995674133,4.940060637891293,1.4487741227207498,4.330775357782841,2.9892688493500414,0.08
immune,seed43,10,180,14,0,6.8472559452056885,5.152102035780747,1.0388797164470602,1.695153909424941,1.6317133552194154,0.08
immune,seed43,10,180,14,1,4.520674467086792,5.707944132387638,1.1440889849202376,-1.187269665300846,-1.0377424133192545,0.92
immune,seed43,10,180,14,2,7.051214218139648,4.8269770095745725,0.8574458380591817,2.224237208565076,2.5940264763609835,0.04
immune,seed43,10,180,14,3,9.235054969787598,5.6661455283562345,1.1696197845683638,3.568909441431363,3.051341543181138,0.04
immune,seed43,11,120,10,0,5.354701519012451,2.800318998595079,0.6072875403255117,2.5543825204173722,4.206215913539053,0.04
immune,seed43,11,120,10,1,5.25020432472229,3.394256259004275,0.9597003107719964,1.8559480657180152,1.9338829454907456,0.04
immune,seed43,11,120,10,2,2.2070302963256836,1.949169664333264,0.7386526349539975,0.2578606319924195,0.34909593419291446,0.32
immune,seed43,11,120,10,3,4.005757689476013,2.539518028497696,0.709375542232798,1.4662396609783173,2.066944194743879,0.04
immune,seed43,11,120,14,0,3.555356502532959,2.454910715421041,0.6109228349539428,1.100445787111918,1.8012844214500439,0.08
immune,seed43,11,120,14,1,2.9316318035125732,1.7275074869394302,0.6667938931456194,1.204124316573143,1.8058418458015715,0.12
immune,seed43,11,120,14,2,2.2415850162506104,2.2086930895845094,0.7727551857382527,0.03289192666610097,0.042564485144299787,0.44
immune,seed43,11,120,14,3,2.784700632095337,1.9017617205778758,0.5497484554782912,0.8829389115174611,1.606078018251475,0.12
immune,seed43,11,180,10,0,7.1150747537612915,4.8990383222699165,0.9814261068738395,2.216036431491375,2.2579758309998437,0.08
immune,seed43,11,180,10,1,5.593435764312744,4.802901960909367,1.0533915722017324,0.7905338034033775,0.7504652813963457,0.32
immune,seed43,11,180,10,2,6.958523154258728,4.049970380961895,0.8920677679678407,2.908552773296833,3.260461676204431,0.04
immune,seed43,11,180,10,3,6.592543721199036,4.740742556750774,1.0741649949691607,1.8518011644482613,1.7239448049389112,0.08
immune,seed43,11,180,14,0,3.9957404136657715,2.879287285109361,0.7834031565956211,1.1164531285564103,1.4251322805271405,0.12
immune,seed43,11,180,14,1,3.3000441789627075,3.4156375030676522,0.8270651694818265,-0.11559332410494472,-0.1397632595719187,0.6
immune,seed43,11,180,14,2,4.4911208152771,3.943026582400004,0.9189534024666082,0.5480942328770957,0.5964331061939548,0.24
immune,seed43,11,180,14,3,5.205499291419983,3.523963468770186,0.5997878719540684,1.681535822649797,2.803550886028949,0.04
immune,seed44,0,120,10,0,7.081913948059082,5.130160252253215,1.2824478228651204,1.9517536958058672,1.5218971559587908,0.08
immune,seed44,0,120,10,1,11.857863903045654,4.412683432300885,1.0815840475835943,7.445180470744769,6.883589380311889,0.04
immune,seed44,0,120,10,2,10.129722595214844,5.721785952647527,1.3326237968729717,4.407936642567317,3.307712686508312,0.04
immune,seed44,0,120,10,3,15.47313642501831,7.20290703078111,1.3931086083922353,8.270229394237202,5.936528809369152,0.04
immune,seed44,0,120,14,0,8.534451961517334,6.3502091119686765,1.662011028620142,2.1842428495486574,1.3142168196367945,0.12
immune,seed44,0,120,14,1,6.306864261627197,3.9136699438095093,1.087749220084824,2.393194317817688,2.2001342510095565,0.04
immune,seed44,0,120,14,2,5.439047336578369,4.15373628338178,1.0472691700632935,1.2853110531965894,1.2272977078964444,0.12
immune,seed44,0,120,14,3,10.546391010284424,5.209877222776413,1.5712352948289594,5.336513787508011,3.396381052331534,0.04
immune,seed44,0,180,10,0,14.928550243377686,9.548746963342031,2.1693258586741644,5.379803280035654,2.4799424466565423,0.04
immune,seed44,0,180,10,1,17.114930868148804,8.4713698849082,1.8192306829799318,8.643560983240604,4.751217676436219,0.04
immune,seed44,0,180,10,2,14.97412896156311,8.1838254754742,1.3852196679814712,6.790303486088911,4.901968718854322,0.04
immune,seed44,0,180,10,3,14.261268615722656,9.504429715375105,1.7453034341092637,4.756838900347551,2.7255082438142066,0.04
immune,seed44,0,180,14,0,17.127753734588623,7.402775466442108,1.4927598272479958,9.724978268146515,6.514764186520486,0.04
immune,seed44,0,180,14,1,16.2055025100708,8.187040825684866,1.8298061994209052,8.018461684385935,4.382137126074592,0.04
immune,seed44,0,180,14,2,7.407199859619141,7.122467165191968,2.022145809960659,0.28473269442717264,0.14080720237078498,0.4
immune,seed44,0,180,14,3,10.446900367736816,7.841741546988487,1.8410031586517255,2.605158820748329,1.4150756923421923,0.12
immune,seed44,1,120,10,0,12.46341872215271,4.347965404391289,0.9311085040622616,8.115453317761421,8.715905046124302,0.04
immune,seed44,1,120,10,1,8.488665580749512,4.843334719538689,1.1980639361022567,3.645330861210823,3.042684741874246,0.04
immune,seed44,1,120,10,2,13.60048222541809,4.850384031732877,1.3519619845707644,8.750098193685215,6.472148098151696,0.04
immune,seed44,1,120,10,3,7.686937093734741,5.6322382514675455,1.2659453393160083,2.0546988422671957,1.6230549430785826,0.12
immune,seed44,1,120,14,0,8.706406116485596,5.239912768205007,1.7695735918678621,3.466493348280589,1.9589427431851598,0.08
immune,seed44,1,120,14,1,9.073549270629883,4.609991883238156,1.320982169048146,4.4635573873917265,3.378968686026279,0.04
immune,seed44,1,120,14,2,7.70039176940918,4.7886156141757965,1.324230296001942,2.911776155233383,2.1988442356481688,0.08
immune,seed44,1,120,14,3,3.9980645179748535,4.342763001720111,1.4046080976608353,-0.34469848374525736,-0.24540545086839216,0.6
immune,seed44,1,180,10,0,15.45633840560913,7.762377507984638,1.894138248828639,7.693960897624493,4.061984862150669,0.04
immune,seed44,1,180,10,1,10.870120763778687,7.416553507248561,1.353400109286322,3.4535672565301256,2.5517710766252986,0.04
immune,seed44,1,180,10,2,13.178894996643066,8.148554037014643,1.7954999821181672,5.030340959628424,2.80163798770549,0.04
immune,seed44,1,180,10,3,12.728155136108398,7.582585404316585,1.2034683390796388,5.145569731791814,4.27561703156338,0.04
immune,seed44,1,180,14,0,15.834972620010376,8.97203186651071,2.0796487458776975,6.862940753499666,3.300048031574281,0.04
immune,seed44,1,180,14,1,14.03194808959961,8.549037218093872,1.3704449661536964,5.482910871505737,4.000825281509334,0.04
immune,seed44,1,180,14,2,11.059043169021606,7.58333520591259,1.7057579104766898,3.4757079631090164,2.0376326205047848,0.04
immune,seed44,1,180,14,3,15.114208698272705,7.610001161694527,1.6461220299558406,7.504207536578178,4.558718852830594,0.04
immune,seed44,2,120,10,0,5.518039703369141,4.27786149084568,0.9631079397129546,1.2401782125234604,1.2876835088758594,0.08
immune,seed44,2,120,10,1,5.96327018737793,2.8377407093842826,0.8589225906742617,3.125529477993647,3.638895411868471,0.04
immune,seed44,2,120,10,2,7.217000961303711,4.0356259395678835,0.9909497906000732,3.1813750217358274,3.2104300830407406,0.04
immune,seed44,2,120,10,3,7.76787805557251,4.61925995349884,1.0461572901363125,3.1486181020736694,3.009698568992155,0.04
immune,seed44,2,120,14,0,5.312765598297119,4.2436476200819016,1.108398307367044,1.0691179782152176,0.9645611781835931,0.24
immune,seed44,2,120,14,1,5.721081256866455,3.22341222067674,0.760715682545547,2.497669036189715,3.283314765575186,0.04
immune,seed44,2,120,14,2,6.623366832733154,3.3462855418523154,1.063816900656172,3.277081290880839,3.0804937257332643,0.04
immune,seed44,2,120,14,3,5.796907424926758,3.3027424812316895,1.3667186589082696,2.4941649436950684,1.82492931197886,0.12
immune,seed44,2,180,10,0,12.958551168441772,7.905546387036641,1.3116399919405015,5.053004781405131,3.852432686256422,0.04
immune,seed44,2,180,10,1,16.353835344314575,6.943155174454053,1.3595744090577127,9.410680169860523,6.921783831942709,0.04
immune,seed44,2,180,10,2,12.742680311203003,5.751746055980523,1.1943942284613231,6.99093425522248,5.85312125827619,0.04
immune,seed44,2,180,10,3,12.432625770568848,8.701478451490402,1.7579371293559667,3.7311473190784454,2.122457768625048,0.04
immune,seed44,2,180,14,0,7.99138331413269,8.20791112879912,1.903757646558778,-0.21652781466642956,-0.11373706886697842,0.4
immune,seed44,2,180,14,1,17.064300775527954,8.429758633176485,2.0165874813251654,8.634542142351469,4.281759268085741,0.04
immune,seed44,2,180,14,2,7.730339527130127,5.556090923647086,1.2766709652441883,2.174248603483041,1.7030610556449148,0.08
immune,seed44,2,180,14,3,11.571023941040039,7.619951610763867,1.9542269812627928,3.9510723302761717,2.021808298696827,0.08
immune,seed44,3,120,10,0,8.34853219985962,4.280795753002167,1.161450084232806,4.067736446857452,3.5022912293661745,0.04
immune,seed44,3,120,10,1,6.2571861743927,4.050519819060962,1.1709942018242325,2.2066663553317385,1.88443832600507,0.08
immune,seed44,3,120,10,2,9.68923544883728,4.852467526992162,1.0103949991587382,4.8367679218451185,4.78700698349184,0.04
immune,seed44,3,120,10,3,5.438395977020264,3.631578957041105,1.2492413593538034,1.806817019979159,1.4463314114635475,0.12
immune,seed44,3,120,14,0,4.5580925941467285,4.600408857067426,1.6254726091120515,-0.042316262920697234,-0.026033205762710558,0.52
immune,seed44,3,120,14,1,14.76251745223999,4.5745749324560165,1.4679716146745354,10.187942519783974,6.940149530822227,0.04
immune,seed44,3,120,14,2,6.576366901397705,5.038323809703191,1.5507613297882714,1.5380430916945143,0.9917987127733625,0.2
immune,seed44,3,120,14,3,8.84731388092041,4.731368641058604,1.5255864481130326,4.115945239861806,2.6979429728513864,0.04
immune,seed44,3,180,10,0,7.513329267501831,8.055378956099352,1.5530362064526164,-0.5420496885975208,-0.34902578960900293,0.6
immune,seed44,3,180,10,1,12.550273895263672,8.541213164726893,1.5048847252394193,4.009060730536779,2.6640317764106,0.04
immune,seed44,3,180,10,2,9.627606391906738,7.42912282794714,1.2045429554866753,2.1984835639595985,1.825159951432515,0.12
immune,seed44,3,180,10,3,13.359726428985596,8.87593188881874,1.479091280332817,4.483794540166855,3.0314522144478357,0.04
immune,seed44,3,180,14,0,17.431892156600952,10.70826600988706,1.7404618604340447,6.723626146713892,3.8631275385569173,0.04
immune,seed44,3,180,14,1,10.922167301177979,6.8181062489748,1.4752053994177445,4.104061052203178,2.7820268628633014,0.04
immune,seed44,3,180,14,2,14.600921630859375,7.657652760545413,1.4192568834433483,6.943268870313962,4.892186147849623,0.04
immune,seed44,3,180,14,3,12.065813541412354,7.121517017483711,1.709270283111898,4.944296523928642,2.892635863319649,0.04
immune,seed44,4,120,10,0,4.873475551605225,3.2229611376921334,0.964751053483756,1.6505144139130912,1.710818978888073,0.12
immune,seed44,4,120,10,1,9.684473514556885,4.966511696577072,1.3048329049435574,4.717961817979813,3.6157593792196216,0.04
immune,seed44,4,120,10,2,10.094656229019165,4.83749237159888,1.4845119018557658,5.257163857420285,3.5413416674578646,0.04
immune,seed44,4,120,10,3,4.655783653259277,3.855437864859899,0.996258609596702,0.8003457883993783,0.8033514389602283,0.24
immune,seed44,4,120,14,0,10.308997631072998,4.978357190887134,1.6419325705488634,5.3306404401858645,3.2465647691959596,0.04
immune,seed44,4,120,14,1,6.687621593475342,3.6465502232313156,1.4191235051974231,3.041071370244026,2.1429222734761493,0.08
immune,seed44,4,120,14,2,6.036425590515137,3.7394635627667108,1.1548519802470893,2.296962027748426,1.9889666078833814,0.08
immune,seed44,4,120,14,3,9.866872072219849,4.871419742703438,1.1193601472416246,4.995452329516411,4.462774860587671,0.04
immune,seed44,4,180,10,0,12.379241228103638,6.897569524745147,1.3856047792003388,5.481671703358491,3.9561581929342933,0.04
immune,seed44,4,180,10,1,12.322245359420776,8.117460265755653,1.4320198183124373,4.204785093665123,2.9362618009602595,0.04
immune,seed44,4,180,10,2,14.866682529449463,10.489706551035246,1.985204306874621,4.376975978414217,2.204798750965965,0.04
immune,seed44,4,180,10,3,11.368336200714111,7.327639075616996,1.3989570781480176,4.0406971250971155,2.8883639000261185,0.08
immune,seed44,4,180,14,0,14.48862910270691,7.774872983495395,1.6815793380651627,6.7137561192115145,3.9925300955135903,0.04
immune,seed44,4,180,14,1,9.530465126037598,6.529792999227841,1.2601300538259737,3.0006721268097563,2.381240027819315,0.04
immune,seed44,4,180,14,2,13.343039751052856,7.659086813529332,1.4501209449203576,5.683952937523524,3.9196406020575427,0.04
immune,seed44,4,180,14,3,15.464017391204834,6.595401210089524,1.2640585518862404,8.86861618111531,7.015985264974862,0.04
immune,seed44,5,120,10,0,5.304438829421997,3.5085643405715623,1.010220588837889,1.7958744888504348,1.777705292206151,0.04
immune,seed44,5,120,10,1,9.436075687408447,4.042622551321983,1.2912920865960416,5.393453136086464,4.1767878761863155,0.04
immune,seed44,5,120,10,2,6.585937023162842,5.0068331609169645,1.226651316804182,1.5791038622458773,1.2873290390888077,0.16
immune,seed44,5,120,10,3,6.216588020324707,3.7117182513078055,0.8764004432834704,2.5048697690169015,2.858133842075855,0.04
immune,seed44,5,120,14,0,9.85506296157837,4.070621843139331,1.265905808803567,5.784441118439038,4.569408777211174,0.04
immune,seed44,5,120,14,1,10.240770816802979,4.771207009752591,1.3343882520838743,5.469563807050387,4.09892982376741,0.04
immune,seed44,5,120,14,2,7.5864176750183105,5.818335264921188,1.4973305756928046,1.7680824100971222,1.1808230177215338,0.12
immune,seed44,5,120,14,3,7.483208656311035,4.261719276507695,1.2059416409822539,3.22148937980334,2.671347657012698,0.04
immune,seed44,5,180,10,0,12.523990631103516,4.360623308767875,1.0345376256667485,8.163367322335642,7.890836555300346,0.04
immune,seed44,5,180,10,1,9.025585174560547,7.377362813800573,1.3479379662842792,1.6482223607599735,1.2227731548215708,0.16
immune,seed44,5,180,10,2,14.420373678207397,8.732359873751799,1.6832403422935567,5.688013804455599,3.3792047743615723,0.04
immune,seed44,5,180,10,3,7.195060729980469,6.936263223489125,1.4826130234558368,0.2587975064913435,0.17455499326017987,0.48
immune,seed44,5,180,14,0,14.615567207336426,8.331629032890001,1.9070253493364686,6.283938174446424,3.2951518831869273,0.04
immune,seed44,5,180,14,1,13.272658109664917,7.039710904161136,1.622875442891794,6.232947205503781,3.8406811988951173,0.04
immune,seed44,5,180,14,2,13.069839477539062,7.0715963790814085,1.495465964623969,5.998243098457654,4.0109525969418796,0.04
immune,seed44,5,180,14,3,18.26624369621277,8.375052109360695,1.341543667235289,9.891191586852074,7.372992636060275,0.04
immune,seed44,6,120,10,0,6.092065334320068,5.1392911324898405,1.3875001471294994,0.9527742018302279,0.6866840361168038,0.28
immune,seed44,6,120,10,1,8.14121389389038,4.1444791952768965,1.3621280072215611,3.9967346986134844,2.934184360419805,0.04
immune,seed44,6,120,10,2,8.51403284072876,4.418707172075908,1.0120152736528372,4.095325668652852,4.046703415674943,0.04
immune,seed44,6,120,10,3,5.5401551723480225,4.44708210726579,0.8610981551506088,1.0930730650822325,1.2693942697179001,0.16
immune,seed44,6,120,14,0,10.407733917236328,5.650594333807628,1.3552778404504837,4.7571395834287005,3.510084381175582,0.04
immune,seed44,6,120,14,1,6.040889739990234,5.79937328894933,1.4233503501260116,0.24151645104090402,0.16968166049197972,0.52
immune,seed44,6,120,14,2,12.289031028747559,4.535623242457707,1.5611396920570015,7.753407786289851,4.966504804645148,0.04
immune,seed44,6,120,14,3,4.586103439331055,4.145481646060944,1.1873784519761694,0.4406217932701111,0.3710879140224337,0.28
immune,seed44,6,180,10,0,8.258383989334106,6.767723175386588,1.181526386888673,1.4906608139475184,1.2616398831440852,0.16
immune,seed44,6,180,10,1,10.429931402206421,6.328088944156964,1.085620292878717,4.101842458049457,3.778339886586262,0.04
immune,seed44,6,180,10,2,13.613198280334473,7.051377293964227,1.5327948361731034,6.561820986370246,4.280951910349629,0.04
immune,seed44,6,180,10,3,11.48142409324646,7.770092807710171,1.231922589834556,3.711331285536289,3.0126335154078774,0.04
immune,seed44,6,180,14,0,14.633862733840942,6.880118784805139,1.5330553061110272,7.753743949035804,5.057706602671354,0.04
immune,seed44,6,180,14,1,14.260355234146118,9.059219186504682,1.5837042456252846,5.201136047641436,3.2841586797058455,0.04
immune,seed44,6,180,14,2,9.995377540588379,6.336295676728089,1.2981111034462693,3.6590818638602896,2.818774025834353,0.04
immune,seed44,6,180,14,3,14.954224586486816,8.316836973031362,1.6764907391401147,6.637387613455454,3.959095898675066,0.04
immune,seed44,7,120,10,0,9.129039287567139,4.362981545428435,1.4869487765973552,4.766057742138703,3.205260203945831,0.04
immune,seed44,7,120,10,1,6.743860244750977,4.897378345330556,1.092913253222097,1.8464818994204206,1.6895045350462796,0.04
immune,seed44,7,120,10,2,5.151500701904297,2.6608390187223754,0.9400505025988443,2.4906616831819215,2.649497738309582,0.08
immune,seed44,7,120,10,3,5.921769380569458,4.283178672194481,0.862689661496776,1.6385907083749771,1.8993976392769178,0.08
immune,seed44,7,120,14,0,7.459268093109131,4.362215206027031,1.4173011968840852,3.0970528870821,2.185176229093538,0.08
immune,seed44,7,120,14,1,7.826239585876465,4.178709263602893,1.0135666667129426,3.647530322273572,3.5987078486943767,0.04
immune,seed44,7,120,14,2,6.354520797729492,3.066413030028343,0.8142694218498419,3.288107767701149,4.038107873673041,0.04
immune,seed44,7,120,14,3,4.576003074645996,3.5627983262141547,1.3629153229733262,1.0132047484318414,0.7434099027355796,0.28
immune,seed44,7,180,10,0,9.715479373931885,6.173126503825188,1.437983910433204,3.542352870106697,2.4634162051063,0.04
immune,seed44,7,180,10,1,7.425611734390259,5.34391342351834,1.3028030112076197,2.0816983108719187,1.597861143523493,0.12
immune,seed44,7,180,10,2,11.61909794807434,5.844828004638354,1.2600184173136733,5.7742699434359865,4.582686934976628,0.04
immune,seed44,7,180,10,3,7.102434873580933,6.663545221090317,1.4590602749625003,0.43888965249061584,0.3008029618249273,0.32
immune,seed44,7,180,14,0,13.149614810943604,5.389746119578679,1.1356933407778715,7.759868691364924,6.832714788322378,0.04
immune,seed44,7,180,14,1,12.48408555984497,7.960696558157603,2.0746081257934788,4.5233890016873675,2.1803582774346557,0.08
immune,seed44,7,180,14,2,9.732698440551758,9.582590440909067,1.5644998543007913,0.15010799964269061,0.0959463173704358,0.28
immune,seed44,7,180,14,3,10.077787637710571,6.117518792549769,1.3815904808274437,3.960268845160802,2.8664563756421613,0.04
immune,seed44,8,120,10,0,6.179766654968262,3.3820018817981086,0.9502900168236753,2.797764773170153,2.9441167650876805,0.04
immune,seed44,8,120,10,1,3.4151790142059326,3.422505348920822,1.2542205164358795,-0.007326334714889526,-0.0058413449732647,0.44
immune,seed44,8,120,10,2,5.433930397033691,3.547785604993502,1.0887837211861826,1.8861447920401893,1.7323411009975196,0.08
immune,seed44,8,120,10,3,8.66491436958313,3.164287450412909,0.9652686893386697,5.500626919170221,5.69854484479373,0.04
immune,seed44,8,120,14,0,8.5857253074646,3.5068974743286767,1.2893086481058287,5.078827833135923,3.9391869717605874,0.04
immune,seed44,8,120,14,1,9.814804315567017,4.17622683942318,1.1745143282557235,5.638577476143837,4.800773677846007,0.04
immune,seed44,8,120,14,2,6.242964267730713,3.274954934914907,1.17653250789282,2.968009332815806,2.5226751580446014,0.04
immune,seed44,8,120,14,3,5.124330043792725,2.9171585390965142,1.0349674760626633,2.2071715046962104,2.1325998677372686,0.04
immune,seed44,8,180,10,0,11.85207200050354,5.751344330608845,1.393368236204517,6.100727669894695,4.378403000009851,0.04
immune,seed44,8,180,10,1,11.468219757080078,6.740370646119118,1.2782700940294298,4.72784911096096,3.698630774000944,0.04
immune,seed44,8,180,10,2,17.28158140182495,8.126403172810873,2.2580259687089255,9.155178229014078,4.054505285514604,0.04
immune,seed44,8,180,10,3,17.73926544189453,8.792665792008242,1.8822586876006604,8.94659964988629,4.753119060662972,0.04
immune,seed44,8,180,14,0,9.836045265197754,6.057801723480225,1.57829029796059,3.7782435417175293,2.393883776771457,0.08
immune,seed44,8,180,14,1,12.202866792678833,7.252269317706426,1.730151766432162,4.950597474972407,2.861366018959095,0.04
immune,seed44,8,180,14,2,10.92997670173645,5.696145236492157,1.6028225564191507,5.233831465244293,3.265384206765693,0.04
immune,seed44,8,180,14,3,11.190196990966797,6.579241504271825,1.0082552212195615,4.610955486694972,4.573202682297511,0.04
immune,seed44,9,120,10,0,4.352641820907593,1.787802370886008,0.7672720482523946,2.5648394500215845,3.3428031850250277,0.04
immune,seed44,9,120,10,1,2.228196382522583,3.4220768262942634,0.9279037526713932,-1.1938804437716803,-1.2866425413712463,0.84
immune,seed44,9,120,10,2,7.259663343429565,4.344115460912387,1.2380747940588137,2.9155478825171786,2.3549044808546302,0.08
immune,seed44,9,120,10,3,10.039128303527832,4.172227668265502,1.1590790915660434,5.86690063526233,5.06169136592207,0.04
immune,seed44,9,120,14,0,5.852086067199707,2.8248374462127686,0.9071862280660544,3.0272486209869385,3.33696491855204,0.04
immune,seed44,9,120,14,1,8.27988862991333,3.8848026990890503,1.2716163206116733,4.39508593082428,3.456298771986392,0.04
immune,seed44,9,120,14,2,7.965126037597656,3.0166250045100846,1.0806395862075904,4.948501033087572,4.579233531389191,0.04
immune,seed44,9,120,14,3,5.452614784240723,3.1315765728553138,0.9649160454178934,2.321038211385409,2.4054302133350527,0.08
immune,seed44,9,180,10,0,10.027629852294922,5.335811133186023,1.1425778643904831,4.691818719108899,4.106344837605829,0.04
immune,seed44,9,180,10,1,6.208436489105225,5.936443939805031,1.4165361884531995,0.2719925493001938,0.19201242532687166,0.36
immune,seed44,9,180,10,2,10.93940258026123,6.42439204454422,0.9433447395876932,4.5150105357170105,4.786172373107428,0.04
immune,seed44,9,180,10,3,8.857277870178223,5.39902816961209,1.1689682007415687,3.4582497005661326,2.958377905758184,0.04
immune,seed44,9,180,14,0,8.60400915145874,4.611905040840308,1.1293966441720056,3.992104110618432,3.5347228342531865,0.04
immune,seed44,9,180,14,1,3.986166000366211,3.859543412923813,1.2204757683912764,0.12662258744239807,0.10374854677004547,0.48
immune,seed44,9,180,14,2,8.30641794204712,4.815333895385265,0.8943063830519334,3.491084046661854,3.9036778769759093,0.04
immune,seed44,9,180,14,3,9.695189476013184,6.878408496578534,1.5318071324966758,2.8167809794346494,1.8388613800255305,0.04
immune,seed44,10,120,10,0,5.838525056838989,2.087559034427007,0.663106752656861,3.750966022411982,5.656654832312266,0.04
immune,seed44,10,120,10,1,6.2053937911987305,2.581325570742289,0.8195091957020604,3.6240682204564414,4.422242282381613,0.04
immune,seed44,10,120,10,2,0.5076918601989746,2.069435882071654,0.7193647016175123,-1.5617440218726792,-2.171004521336741,1.0
immune,seed44,10,120,10,3,4.412808656692505,1.5969663113355637,0.44743893228611314,2.8158423453569412,6.293243917503176,0.04
immune,seed44,10,120,14,0,1.8973414897918701,2.633788585662842,0.8186621517644677,-0.7364470958709717,-0.8995738881834573,0.84
immune,seed44,10,120,14,1,4.710372686386108,2.0167764524618783,0.7146031252344403,2.69359623392423,3.769359711757741,0.04
immune,seed44,10,120,14,2,3.9901208877563477,2.8868314872185388,1.0897851824477773,1.1032894005378089,1.0123916321263497,0.16
immune,seed44,10,120,14,3,3.0172133445739746,1.813169630865256,0.5744788503778323,1.2040437137087185,2.095888666433822,0.08
immune,seed44,10,180,10,0,5.432771325111389,4.64817138761282,0.9003973495449497,0.7845999374985695,0.8713929878000021,0.28
immune,seed44,10,180,10,1,6.974943161010742,3.672103894253572,0.7436686976067692,3.30283926675717,4.44127777993735,0.04
immune,seed44,10,180,10,2,10.379901885986328,4.81914858520031,1.1004312749971865,5.560753300786018,5.053249050693316,0.04
immune,seed44,10,180,10,3,8.51626205444336,4.999465301632881,1.1632598792217892,3.516796752810478,3.023225345087943,0.04
immune,seed44,10,180,14,0,7.315731048583984,3.831950582563877,1.1357046810200702,3.4837804660201073,3.0675055946969687,0.08
immune,seed44,10,180,14,1,10.974741458892822,5.0482611283659935,1.2145515247905463,5.926480330526829,4.879562706628941,0.04
immune,seed44,10,180,14,2,8.132554769515991,4.566636922458808,1.0253053924362368,3.5659178470571833,3.4779080163679503,0.04
immune,seed44,10,180,14,3,8.813860654830933,4.480521284043789,1.183451235120464,4.333339370787144,3.661612104096912,0.04
immune,seed44,11,120,10,0,2.7900421619415283,1.8652843435605366,0.510734850746167,0.9247578183809917,1.810641696409221,0.04
immune,seed44,11,120,10,1,2.740560293197632,2.1293885409832,0.7663240374588455,0.6111717522144318,0.7975369707096224,0.28
immune,seed44,11,120,10,2,0.6207175254821777,1.1698921198646228,0.4224207333492928,-0.5491745943824451,-1.3000654317511355,0.92
immune,seed44,11,120,10,3,3.3774465322494507,2.311559227605661,0.8474675011821946,1.0658873046437898,1.2577323636589877,0.16
immune,seed44,11,120,14,0,3.50179386138916,2.0813956037163734,0.6019641643517322,1.4203982576727867,2.359606002199213,0.08
immune,seed44,11,120,14,1,1.8720757961273193,1.2942886302868526,0.38117216359001505,0.5777871658404667,1.5158167870466848,0.16
immune,seed44,11,120,14,2,2.9429728984832764,1.8533592497309048,0.5767164652241991,1.0896136487523715,1.8893402782239674,0.08
immune,seed44,11,120,14,3,3.019979953765869,2.437060167392095,0.5873376655923174,0.5829197863737741,0.9924781254977645,0.12
immune,seed44,11,180,10,0,3.0974957942962646,2.158189388612906,0.5398897608477861,0.9393064056833587,1.739811480159504,0.08
immune,seed44,11,180,10,1,5.940394639968872,3.625348549336195,0.6412273687724902,2.315046090632677,3.610335740119864,0.04
immune,seed44,11,180,10,2,4.129698276519775,3.454187241072456,0.6789782050311933,0.6755110354473195,0.9948935465776725,0.28
immune,seed44,11,180,10,3,3.920668840408325,3.367109403014183,0.7032563367268955,0.5535594373941422,0.7871375026400587,0.28
immune,seed44,11,180,14,0,4.819606423377991,3.503035264710585,0.7685644555726879,1.3165711586674056,1.7130263407424298,0.04
immune,seed44,11,180,14,1,3.93418288230896,2.8610614761710167,0.671975308339895,1.0731214061379433,1.59696553016525,0.12
immune,seed44,11,180,14,2,6.512679219245911,3.4286315788825354,0.9006682873539429,3.084047640363375,3.424177003055993,0.04
immune,seed44,11,180,14,3,7.405206799507141,3.804281455775102,0.640104328380986,3.600925343732039,5.625528805928122,0.04
