null_kind,domain,split_regime,layer,perm_idx,null_delta_auc
eigenspectrum_permutation,external_lung,source_disjoint,7,0,-0.1826246584699453
eigenspectrum_permutation,external_lung,source_disjoint,7,1,-0.07815915300546439
eigenspectrum_permutation,external_lung,source_disjoint,7,2,-0.21983008879781418
eigenspectrum_permutation,external_lung,source_disjoint,7,3,-0.1412824453551912
eigenspectrum_permutation,external_lung,source_disjoint,7,4,-0.22381318306010922
eigenspectrum_permutation,external_lung,source_disjoint,7,5,-0.24220884562841521
eigenspectrum_permutation,external_lung,source_disjoint,7,6,-0.21290129781420758
eigenspectrum_permutation,external_lung,source_disjoint,7,7,-0.1470969945355191
eigenspectrum_permutation,external_lung,source_disjoint,7,8,-0.13519040300546442
eigenspectrum_permutation,external_lung,source_disjoint,7,9,-0.03735484972677583
eigenspectrum_permutation,external_lung,source_disjoint,7,10,-0.17450905054644805
eigenspectrum_permutation,external_lung,source_disjoint,7,11,-0.16456198770491798
eigenspectrum_permutation,external_lung,source_disjoint,7,12,-0.03145491803278688
eigenspectrum_permutation,external_lung,source_disjoint,7,13,-0.1429089822404372
eigenspectrum_permutation,external_lung,source_disjoint,7,14,0.11645747950819674
eigenspectrum_permutation,external_lung,source_disjoint,7,15,-0.11479678961748624
eigenspectrum_permutation,external_lung,source_disjoint,7,16,-0.052821892076502674
eigenspectrum_permutation,external_lung,source_disjoint,7,17,-0.08071209016393432
eigenspectrum_permutation,external_lung,source_disjoint,7,18,-0.19572233606557377
eigenspectrum_permutation,external_lung,source_disjoint,7,19,0.03878073770491819
eigenspectrum_permutation,external_lung,source_disjoint,7,20,-0.21066427595628412
eigenspectrum_permutation,external_lung,source_disjoint,7,21,-0.026242315573770436
eigenspectrum_permutation,external_lung,source_disjoint,7,22,0.2111552254098361
eigenspectrum_permutation,external_lung,source_disjoint,7,23,-0.13837090163934418
eigenspectrum_permutation,external_lung,source_disjoint,11,0,0.1143101092896176
eigenspectrum_permutation,external_lung,source_disjoint,11,1,0.09515881147540994
eigenspectrum_permutation,external_lung,source_disjoint,11,2,-0.09335724043715843
eigenspectrum_permutation,external_lung,source_disjoint,11,3,0.017844945355191377
eigenspectrum_permutation,external_lung,source_disjoint,11,4,0.2726989412568307
eigenspectrum_permutation,external_lung,source_disjoint,11,5,0.08287226775956291
eigenspectrum_permutation,external_lung,source_disjoint,11,6,0.12920081967213126
eigenspectrum_permutation,external_lung,source_disjoint,11,7,0.1337559767759563
eigenspectrum_permutation,external_lung,source_disjoint,11,8,0.2650870901639345
eigenspectrum_permutation,external_lung,source_disjoint,11,9,-0.02055157103825128
eigenspectrum_permutation,external_lung,source_disjoint,11,10,-0.08846055327868846
eigenspectrum_permutation,external_lung,source_disjoint,11,11,0.21131318306010938
eigenspectrum_permutation,external_lung,source_disjoint,11,12,0.2656933060109291
eigenspectrum_permutation,external_lung,source_disjoint,11,13,-0.026656420765027278
eigenspectrum_permutation,external_lung,source_disjoint,11,14,0.21082650273224057
eigenspectrum_permutation,external_lung,source_disjoint,11,15,0.31326844262295095
eigenspectrum_permutation,external_lung,source_disjoint,11,16,0.10530652322404377
eigenspectrum_permutation,external_lung,source_disjoint,11,17,-0.13857155054644804
eigenspectrum_permutation,external_lung,source_disjoint,11,18,0.19624743852459026
eigenspectrum_permutation,external_lung,source_disjoint,11,19,0.3116888661202186
eigenspectrum_permutation,external_lung,source_disjoint,11,20,-0.004392930327868805
eigenspectrum_permutation,external_lung,source_disjoint,11,21,0.17973446038251373
eigenspectrum_permutation,external_lung,source_disjoint,11,22,0.30491376366120226
eigenspectrum_permutation,external_lung,source_disjoint,11,23,0.13145918715847005
eigenspectrum_permutation,external_lung,target_disjoint,7,0,-0.014323657749952645
eigenspectrum_permutation,external_lung,target_disjoint,7,1,-0.001606273319420759
eigenspectrum_permutation,external_lung,target_disjoint,7,2,-0.1932334155441725
eigenspectrum_permutation,external_lung,target_disjoint,7,3,0.003591981281224288
eigenspectrum_permutation,external_lung,target_disjoint,7,4,0.002156453550875792
eigenspectrum_permutation,external_lung,target_disjoint,7,5,0.0020615948902801273
eigenspectrum_permutation,external_lung,target_disjoint,7,6,-0.03549611079491566
eigenspectrum_permutation,external_lung,target_disjoint,7,7,-0.13364952886865245
eigenspectrum_permutation,external_lung,target_disjoint,7,8,-0.06450388920508443
eigenspectrum_permutation,external_lung,target_disjoint,7,9,-0.07967495098969202
eigenspectrum_permutation,external_lung,target_disjoint,7,10,0.1014734711945866
eigenspectrum_permutation,external_lung,target_disjoint,7,11,0.004243344083981526
eigenspectrum_permutation,external_lung,target_disjoint,7,12,0.13793081641687222
eigenspectrum_permutation,external_lung,target_disjoint,7,13,-0.13941061152216533
eigenspectrum_permutation,external_lung,target_disjoint,7,14,-0.10359198128122438
eigenspectrum_permutation,external_lung,target_disjoint,7,15,0.0002592803389616094
eigenspectrum_permutation,external_lung,target_disjoint,7,16,-0.10600771517106183
eigenspectrum_permutation,external_lung,target_disjoint,7,17,0.21053563523683028
eigenspectrum_permutation,external_lung,target_disjoint,7,18,-0.014058053500284662
eigenspectrum_permutation,external_lung,target_disjoint,7,19,0.09208878770631768
eigenspectrum_permutation,external_lung,target_disjoint,7,20,0.16061468412066016
eigenspectrum_permutation,external_lung,target_disjoint,7,21,-0.1378865490419276
eigenspectrum_permutation,external_lung,target_disjoint,7,22,-0.0015809776765952632
eigenspectrum_permutation,external_lung,target_disjoint,7,23,0.0943590716499082
eigenspectrum_permutation,external_lung,target_disjoint,11,0,0.1437551381774489
eigenspectrum_permutation,external_lung,target_disjoint,11,1,0.23473724151014985
eigenspectrum_permutation,external_lung,target_disjoint,11,2,0.22308859798899627
eigenspectrum_permutation,external_lung,target_disjoint,11,3,0.24760639979763488
eigenspectrum_permutation,external_lung,target_disjoint,11,4,0.19772971605640932
eigenspectrum_permutation,external_lung,target_disjoint,11,5,0.14758742806551572
eigenspectrum_permutation,external_lung,target_disjoint,11,6,0.1441661923733637
eigenspectrum_permutation,external_lung,target_disjoint,11,7,0.10573578701068737
eigenspectrum_permutation,external_lung,target_disjoint,11,8,0.13665971036488966
eigenspectrum_permutation,external_lung,target_disjoint,11,9,0.05470815152090047
eigenspectrum_permutation,external_lung,target_disjoint,11,10,0.24895339277809392
eigenspectrum_permutation,external_lung,target_disjoint,11,11,0.04386896857016381
eigenspectrum_permutation,external_lung,target_disjoint,11,12,0.05126794409662927
eigenspectrum_permutation,external_lung,target_disjoint,11,13,-0.0015240624802377312
eigenspectrum_permutation,external_lung,target_disjoint,11,14,0.27285777524821353
eigenspectrum_permutation,external_lung,target_disjoint,11,15,0.3706507304116865
eigenspectrum_permutation,external_lung,target_disjoint,11,16,0.05455637766394733
eigenspectrum_permutation,external_lung,target_disjoint,11,17,0.1150382596597736
eigenspectrum_permutation,external_lung,target_disjoint,11,18,0.029393536963258082
eigenspectrum_permutation,external_lung,target_disjoint,11,19,0.16251185733257434
eigenspectrum_permutation,external_lung,target_disjoint,11,20,0.13665338645418323
eigenspectrum_permutation,external_lung,target_disjoint,11,21,0.14350850565990003
eigenspectrum_permutation,external_lung,target_disjoint,11,22,0.042604186428887525
eigenspectrum_permutation,external_lung,target_disjoint,11,23,0.0071713147410358835
eigenspectrum_permutation,immune,source_disjoint,7,0,-0.28629317785944297
eigenspectrum_permutation,immune,source_disjoint,7,1,-0.16289094602347615
eigenspectrum_permutation,immune,source_disjoint,7,2,-0.2305127847296522
eigenspectrum_permutation,immune,source_disjoint,7,3,-0.04421805626624897
eigenspectrum_permutation,immune,source_disjoint,7,4,-0.28922640368423497
eigenspectrum_permutation,immune,source_disjoint,7,5,-0.07588138913440112
eigenspectrum_permutation,immune,source_disjoint,7,6,-0.2666366883234353
eigenspectrum_permutation,immune,source_disjoint,7,7,-0.019305019305019266
eigenspectrum_permutation,immune,source_disjoint,7,8,-0.06007298175972875
eigenspectrum_permutation,immune,source_disjoint,7,9,-0.1780196719955755
eigenspectrum_permutation,immune,source_disjoint,7,10,-0.3727419329828968
eigenspectrum_permutation,immune,source_disjoint,7,11,-0.21094416275139166
eigenspectrum_permutation,immune,source_disjoint,7,12,-0.13697518516795626
eigenspectrum_permutation,immune,source_disjoint,7,13,-0.20550929587074163
eigenspectrum_permutation,immune,source_disjoint,7,14,-0.16422704976921843
eigenspectrum_permutation,immune,source_disjoint,7,15,-0.10894026556677161
eigenspectrum_permutation,immune,source_disjoint,7,16,-0.277204054312488
eigenspectrum_permutation,immune,source_disjoint,7,17,-0.08714135822569546
eigenspectrum_permutation,immune,source_disjoint,7,18,-0.13909692825355469
eigenspectrum_permutation,immune,source_disjoint,7,19,0.012316964124193142
eigenspectrum_permutation,immune,source_disjoint,7,20,-0.30527257033281124
eigenspectrum_permutation,immune,source_disjoint,7,21,-0.05214939552288944
eigenspectrum_permutation,immune,source_disjoint,7,22,-0.06150729042295311
eigenspectrum_permutation,immune,source_disjoint,7,23,-0.22861587921828885
eigenspectrum_permutation,immune,source_disjoint,11,0,-0.12730200079597676
eigenspectrum_permutation,immune,source_disjoint,11,1,-0.23225721418492506
eigenspectrum_permutation,immune,source_disjoint,11,2,-0.28068257586329876
eigenspectrum_permutation,immune,source_disjoint,11,3,-0.17641221255679085
eigenspectrum_permutation,immune,source_disjoint,11,4,-0.19795527024442694
eigenspectrum_permutation,immune,source_disjoint,11,5,-0.3476350705266369
eigenspectrum_permutation,immune,source_disjoint,11,6,-0.1691605547027234
eigenspectrum_permutation,immune,source_disjoint,11,7,-0.07470551446455065
eigenspectrum_permutation,immune,source_disjoint,11,8,-0.31485271846717633
eigenspectrum_permutation,immune,source_disjoint,11,9,-0.18511626945361892
eigenspectrum_permutation,immune,source_disjoint,11,10,-0.24172882004207308
eigenspectrum_permutation,immune,source_disjoint,11,11,-0.1056064670522503
eigenspectrum_permutation,immune,source_disjoint,11,12,-0.20789981030944893
eigenspectrum_permutation,immune,source_disjoint,11,13,-0.21952417133140034
eigenspectrum_permutation,immune,source_disjoint,11,14,-0.3978823918582955
eigenspectrum_permutation,immune,source_disjoint,11,15,-0.04995270657921269
eigenspectrum_permutation,immune,source_disjoint,11,16,-0.2790311826456406
eigenspectrum_permutation,immune,source_disjoint,11,17,-0.29604647676936835
eigenspectrum_permutation,immune,source_disjoint,11,18,-0.005230704025884769
eigenspectrum_permutation,immune,source_disjoint,11,19,-0.15568839062814976
eigenspectrum_permutation,immune,source_disjoint,11,20,-0.20069467057418872
eigenspectrum_permutation,immune,source_disjoint,11,21,-0.25508210447969487
eigenspectrum_permutation,immune,source_disjoint,11,22,-0.0320148030991404
eigenspectrum_permutation,immune,source_disjoint,11,23,-0.31791774562858904
eigenspectrum_permutation,immune,target_disjoint,7,0,-0.2111740425432117
eigenspectrum_permutation,immune,target_disjoint,7,1,-0.39881622458312815
eigenspectrum_permutation,immune,target_disjoint,7,2,-0.3703505007153077
eigenspectrum_permutation,immune,target_disjoint,7,3,-0.17027838363939118
eigenspectrum_permutation,immune,target_disjoint,7,4,-0.4702297192710899
eigenspectrum_permutation,immune,target_disjoint,7,5,-0.2795005745913366
eigenspectrum_permutation,immune,target_disjoint,7,6,-0.4543287835080561
eigenspectrum_permutation,immune,target_disjoint,7,7,-0.20753300968596833
eigenspectrum_permutation,immune,target_disjoint,7,8,-0.13178369567766612
eigenspectrum_permutation,immune,target_disjoint,7,9,-0.43944510893782696
eigenspectrum_permutation,immune,target_disjoint,7,10,-0.18793240929665322
eigenspectrum_permutation,immune,target_disjoint,7,11,-0.5265455334318347
eigenspectrum_permutation,immune,target_disjoint,7,12,-0.22259551115176268
eigenspectrum_permutation,immune,target_disjoint,7,13,-0.21650367034874185
eigenspectrum_permutation,immune,target_disjoint,7,14,-0.22573524238373333
eigenspectrum_permutation,immune,target_disjoint,7,15,-0.20969945355191266
eigenspectrum_permutation,immune,target_disjoint,7,16,-0.1907672553296279
eigenspectrum_permutation,immune,target_disjoint,7,17,-0.4816629142334483
eigenspectrum_permutation,immune,target_disjoint,7,18,-0.1275622083069491
eigenspectrum_permutation,immune,target_disjoint,7,19,-0.508522127629635
eigenspectrum_permutation,immune,target_disjoint,7,20,-0.4707046366002956
eigenspectrum_permutation,immune,target_disjoint,7,21,-0.16392269987570063
eigenspectrum_permutation,immune,target_disjoint,7,22,-0.13552733413072537
eigenspectrum_permutation,immune,target_disjoint,7,23,-0.32320176364361275
eigenspectrum_permutation,immune,target_disjoint,11,0,0.076995239100354
eigenspectrum_permutation,immune,target_disjoint,11,1,0.11027756279462464
eigenspectrum_permutation,immune,target_disjoint,11,2,0.049834072093623116
eigenspectrum_permutation,immune,target_disjoint,11,3,0.08095581509885308
eigenspectrum_permutation,immune,target_disjoint,11,4,0.2110714369473955
eigenspectrum_permutation,immune,target_disjoint,11,5,-0.2018633176200193
eigenspectrum_permutation,immune,target_disjoint,11,6,0.02574227819601771
eigenspectrum_permutation,immune,target_disjoint,11,7,0.0736444334998475
eigenspectrum_permutation,immune,target_disjoint,11,8,-0.13126187293323022
eigenspectrum_permutation,immune,target_disjoint,11,9,-0.16984157696006008
eigenspectrum_permutation,immune,target_disjoint,11,10,0.12200684819062346
eigenspectrum_permutation,immune,target_disjoint,11,11,-0.28544876756021487
eigenspectrum_permutation,immune,target_disjoint,11,12,0.06917082952226816
eigenspectrum_permutation,immune,target_disjoint,11,13,-0.14426933089425187
eigenspectrum_permutation,immune,target_disjoint,11,14,-0.10811111892868036
eigenspectrum_permutation,immune,target_disjoint,11,15,-0.02734878866765178
eigenspectrum_permutation,immune,target_disjoint,11,16,-0.005819203076995294
eigenspectrum_permutation,immune,target_disjoint,11,17,-0.11262283355613417
eigenspectrum_permutation,immune,target_disjoint,11,18,0.06621285677431454
eigenspectrum_permutation,immune,target_disjoint,11,19,0.04682919393043916
eigenspectrum_permutation,immune,target_disjoint,11,20,-0.01912275147165743
eigenspectrum_permutation,immune,target_disjoint,11,21,0.05171322029128256
eigenspectrum_permutation,immune,target_disjoint,11,22,-0.011908112291564132
eigenspectrum_permutation,immune,target_disjoint,11,23,-0.12008372616618596
eigenspectrum_permutation,lung,source_disjoint,7,0,-0.1313464551917829
eigenspectrum_permutation,lung,source_disjoint,7,1,0.14248980521805432
eigenspectrum_permutation,lung,source_disjoint,7,2,-0.237109471266292
eigenspectrum_permutation,lung,source_disjoint,7,3,0.006081995340856627
eigenspectrum_permutation,lung,source_disjoint,7,4,-0.07286769800196241
eigenspectrum_permutation,lung,source_disjoint,7,5,-0.07758961410948528
eigenspectrum_permutation,lung,source_disjoint,7,6,-0.07836846290122346
eigenspectrum_permutation,lung,source_disjoint,7,7,0.128358930721981
eigenspectrum_permutation,lung,source_disjoint,7,8,0.10396817647086176
eigenspectrum_permutation,lung,source_disjoint,7,9,0.16003133994541074
eigenspectrum_permutation,lung,source_disjoint,7,10,0.15805050660045283
eigenspectrum_permutation,lung,source_disjoint,7,11,-0.20310284058941425
eigenspectrum_permutation,lung,source_disjoint,7,12,0.07486248087751834
eigenspectrum_permutation,lung,source_disjoint,7,13,0.1521800791403367
eigenspectrum_permutation,lung,source_disjoint,7,14,-0.14632592613258566
eigenspectrum_permutation,lung,source_disjoint,7,15,0.06294260698127496
eigenspectrum_permutation,lung,source_disjoint,7,16,0.04828397524423289
eigenspectrum_permutation,lung,source_disjoint,7,17,-0.09732122514077407
eigenspectrum_permutation,lung,source_disjoint,7,18,0.10438433746704412
eigenspectrum_permutation,lung,source_disjoint,7,19,-0.06949888636247398
eigenspectrum_permutation,lung,source_disjoint,7,20,-0.12628510050636804
eigenspectrum_permutation,lung,source_disjoint,7,21,-0.1757268867902596
eigenspectrum_permutation,lung,source_disjoint,7,22,-0.11067092592334282
eigenspectrum_permutation,lung,source_disjoint,7,23,-0.16217026797048284
eigenspectrum_permutation,lung,source_disjoint,11,0,0.07024286132771629
eigenspectrum_permutation,lung,source_disjoint,11,1,-0.08163730290475724
eigenspectrum_permutation,lung,source_disjoint,11,2,-0.08688232640971638
eigenspectrum_permutation,lung,source_disjoint,11,3,-0.08932814410795081
eigenspectrum_permutation,lung,source_disjoint,11,4,0.09035343460692535
eigenspectrum_permutation,lung,source_disjoint,11,5,0.06959885799842824
eigenspectrum_permutation,lung,source_disjoint,11,6,0.11015246836943937
eigenspectrum_permutation,lung,source_disjoint,11,7,0.059271555512156904
eigenspectrum_permutation,lung,source_disjoint,11,8,0.12566899623827654
eigenspectrum_permutation,lung,source_disjoint,11,9,-0.14762323247822717
eigenspectrum_permutation,lung,source_disjoint,11,10,-0.014235495975560508
eigenspectrum_permutation,lung,source_disjoint,11,11,-0.050306657180985925
eigenspectrum_permutation,lung,source_disjoint,11,12,-0.07874742514914379
eigenspectrum_permutation,lung,source_disjoint,11,13,0.042629765508390594
eigenspectrum_permutation,lung,source_disjoint,11,14,-0.06078507958207213
eigenspectrum_permutation,lung,source_disjoint,11,15,-0.09522414570749704
eigenspectrum_permutation,lung,source_disjoint,11,16,0.06948261191010918
eigenspectrum_permutation,lung,source_disjoint,11,17,-0.11289122621023806
eigenspectrum_permutation,lung,source_disjoint,11,18,0.12420662044722186
eigenspectrum_permutation,lung,source_disjoint,11,19,-8.369718358980371e-05
eigenspectrum_permutation,lung,source_disjoint,11,20,0.008218598444162395
eigenspectrum_permutation,lung,source_disjoint,11,21,-0.05726747294953527
eigenspectrum_permutation,lung,source_disjoint,11,22,-0.0014135524339606853
eigenspectrum_permutation,lung,source_disjoint,11,23,0.06725533685791463
eigenspectrum_permutation,lung,target_disjoint,7,0,-0.12042502951593853
eigenspectrum_permutation,lung,target_disjoint,7,1,-0.1256602249425215
eigenspectrum_permutation,lung,target_disjoint,7,2,-0.1621512458833032
eigenspectrum_permutation,lung,target_disjoint,7,3,0.09517336730255399
eigenspectrum_permutation,lung,target_disjoint,7,4,0.08937115516062888
eigenspectrum_permutation,lung,target_disjoint,7,5,-0.07386752003976882
eigenspectrum_permutation,lung,target_disjoint,7,6,0.2214705151308023
eigenspectrum_permutation,lung,target_disjoint,7,7,0.11360529422730381
eigenspectrum_permutation,lung,target_disjoint,7,8,-0.017996955197912112
eigenspectrum_permutation,lung,target_disjoint,7,9,0.049423662461939966
eigenspectrum_permutation,lung,target_disjoint,7,10,-0.01812900018641639
eigenspectrum_permutation,lung,target_disjoint,7,11,-0.08491269496054177
eigenspectrum_permutation,lung,target_disjoint,7,12,-0.14837196296526434
eigenspectrum_permutation,lung,target_disjoint,7,13,-0.1564655440253525
eigenspectrum_permutation,lung,target_disjoint,7,14,0.16690486546945882
eigenspectrum_permutation,lung,target_disjoint,7,15,-0.15545578823090783
eigenspectrum_permutation,lung,target_disjoint,7,16,-0.05534238488783938
eigenspectrum_permutation,lung,target_disjoint,7,17,0.11015658982166165
eigenspectrum_permutation,lung,target_disjoint,7,18,0.11425775181756048
eigenspectrum_permutation,lung,target_disjoint,7,19,-0.03658422916796111
eigenspectrum_permutation,lung,target_disjoint,7,20,0.08006586714720698
eigenspectrum_permutation,lung,target_disjoint,7,21,0.15258186789287276
eigenspectrum_permutation,lung,target_disjoint,7,22,0.22041415522276775
eigenspectrum_permutation,lung,target_disjoint,7,23,-0.17719660722053054
eigenspectrum_permutation,lung,target_disjoint,11,0,-0.048934319269247406
eigenspectrum_permutation,lung,target_disjoint,11,1,0.22203753184614428
eigenspectrum_permutation,lung,target_disjoint,11,2,0.06796433231839938
eigenspectrum_permutation,lung,target_disjoint,11,3,0.09211303051015984
eigenspectrum_permutation,lung,target_disjoint,11,4,0.07112564469023797
eigenspectrum_permutation,lung,target_disjoint,11,5,-0.2013297707077611
eigenspectrum_permutation,lung,target_disjoint,11,6,-0.08752252532156823
eigenspectrum_permutation,lung,target_disjoint,11,7,-0.13148573914124145
eigenspectrum_permutation,lung,target_disjoint,11,8,-0.044864226682408415
eigenspectrum_permutation,lung,target_disjoint,11,9,-0.10073479152426518
eigenspectrum_permutation,lung,target_disjoint,11,10,0.07673367302553902
eigenspectrum_permutation,lung,target_disjoint,11,11,0.06311750450506437
eigenspectrum_permutation,lung,target_disjoint,11,12,0.0696964518734855
eigenspectrum_permutation,lung,target_disjoint,11,13,0.04028925619834711
eigenspectrum_permutation,lung,target_disjoint,11,14,-0.09732492387994773
eigenspectrum_permutation,lung,target_disjoint,11,15,-0.028669297209967082
eigenspectrum_permutation,lung,target_disjoint,11,16,-0.08122320263468585
eigenspectrum_permutation,lung,target_disjoint,11,17,-0.029989747095010122
eigenspectrum_permutation,lung,target_disjoint,11,18,0.0643758155719879
eigenspectrum_permutation,lung,target_disjoint,11,19,0.0480410737587772
eigenspectrum_permutation,lung,target_disjoint,11,20,0.023006897408811344
eigenspectrum_permutation,lung,target_disjoint,11,21,0.0755685701857951
eigenspectrum_permutation,lung,target_disjoint,11,22,-0.1332256260485925
eigenspectrum_permutation,lung,target_disjoint,11,23,-0.02925961598210397
random_orthogonal_basis,external_lung,source_disjoint,7,0,-0.20392759562841523
random_orthogonal_basis,external_lung,source_disjoint,7,1,-0.06967640027322397
random_orthogonal_basis,external_lung,source_disjoint,7,2,-0.07593920765027323
random_orthogonal_basis,external_lung,source_disjoint,7,3,-0.17964053961748627
random_orthogonal_basis,external_lung,source_disjoint,7,4,0.13627903005464492
random_orthogonal_basis,external_lung,source_disjoint,7,5,-0.07656676912568294
random_orthogonal_basis,external_lung,source_disjoint,7,6,-0.09666154371584701
random_orthogonal_basis,external_lung,source_disjoint,7,7,0.1368681693989071
random_orthogonal_basis,external_lung,source_disjoint,7,8,-0.1388917349726776
random_orthogonal_basis,external_lung,source_disjoint,7,9,-0.03457564890710385
random_orthogonal_basis,external_lung,source_disjoint,7,10,0.08054132513661205
random_orthogonal_basis,external_lung,source_disjoint,7,11,-0.06548411885245897
random_orthogonal_basis,external_lung,source_disjoint,7,12,-0.10879012978142066
random_orthogonal_basis,external_lung,source_disjoint,7,13,-0.24253756830601086
random_orthogonal_basis,external_lung,source_disjoint,7,14,-0.10055498633879778
random_orthogonal_basis,external_lung,source_disjoint,7,15,0.0032829576502731994
random_orthogonal_basis,external_lung,source_disjoint,7,16,-0.14404030054644806
random_orthogonal_basis,external_lung,source_disjoint,7,17,0.15105874316939905
random_orthogonal_basis,external_lung,source_disjoint,7,18,0.04761782786885249
random_orthogonal_basis,external_lung,source_disjoint,7,19,-0.15151127049180324
random_orthogonal_basis,external_lung,source_disjoint,7,20,-0.17398394808743162
random_orthogonal_basis,external_lung,source_disjoint,7,21,-0.014075307377049207
random_orthogonal_basis,external_lung,source_disjoint,7,22,-0.27461577868852455
random_orthogonal_basis,external_lung,source_disjoint,7,23,-0.016175717213114726
random_orthogonal_basis,external_lung,source_disjoint,11,0,-0.0026895491803278215
random_orthogonal_basis,external_lung,source_disjoint,11,1,0.2143229166666668
random_orthogonal_basis,external_lung,source_disjoint,11,2,-0.11047643442622945
random_orthogonal_basis,external_lung,source_disjoint,11,3,0.017917520491803285
random_orthogonal_basis,external_lung,source_disjoint,11,4,0.27371926229508203
random_orthogonal_basis,external_lung,source_disjoint,11,5,0.023945525956284186
random_orthogonal_basis,external_lung,source_disjoint,11,6,-0.02008196721311467
random_orthogonal_basis,external_lung,source_disjoint,11,7,0.13647114071038258
random_orthogonal_basis,external_lung,source_disjoint,11,8,0.04529542349726784
random_orthogonal_basis,external_lung,source_disjoint,11,9,-0.05524248633879775
random_orthogonal_basis,external_lung,source_disjoint,11,10,-0.07256659836065565
random_orthogonal_basis,external_lung,source_disjoint,11,11,0.24593152322404377
random_orthogonal_basis,external_lung,source_disjoint,11,12,0.1745858948087432
random_orthogonal_basis,external_lung,source_disjoint,11,13,-0.049094945355191155
random_orthogonal_basis,external_lung,source_disjoint,11,14,0.302698087431694
random_orthogonal_basis,external_lung,source_disjoint,11,15,-0.045030737704918056
random_orthogonal_basis,external_lung,source_disjoint,11,16,0.0811902322404372
random_orthogonal_basis,external_lung,source_disjoint,11,17,0.007761270491803307
random_orthogonal_basis,external_lung,source_disjoint,11,18,0.06575734289617491
random_orthogonal_basis,external_lung,source_disjoint,11,19,0.27836407103825145
random_orthogonal_basis,external_lung,source_disjoint,11,20,0.06708931010928965
random_orthogonal_basis,external_lung,source_disjoint,11,21,0.12327100409836078
random_orthogonal_basis,external_lung,source_disjoint,11,22,0.21526212431693992
random_orthogonal_basis,external_lung,source_disjoint,11,23,-0.0828381147540983
random_orthogonal_basis,external_lung,target_disjoint,7,0,0.027022070448365243
random_orthogonal_basis,external_lung,target_disjoint,7,1,-0.003547713906279726
random_orthogonal_basis,external_lung,target_disjoint,7,2,-0.08289382153923991
random_orthogonal_basis,external_lung,target_disjoint,7,3,0.006425093277682814
random_orthogonal_basis,external_lung,target_disjoint,7,4,0.21930057547587412
random_orthogonal_basis,external_lung,target_disjoint,7,5,-0.1138050970720294
random_orthogonal_basis,external_lung,target_disjoint,7,6,0.19376462404350847
random_orthogonal_basis,external_lung,target_disjoint,7,7,-0.08281161070005694
random_orthogonal_basis,external_lung,target_disjoint,7,8,0.12773034844747988
random_orthogonal_basis,external_lung,target_disjoint,7,9,0.10752545374059308
random_orthogonal_basis,external_lung,target_disjoint,7,10,-0.039473850629229146
random_orthogonal_basis,external_lung,target_disjoint,7,11,-0.10663378233099352
random_orthogonal_basis,external_lung,target_disjoint,7,12,0.1191867450831594
random_orthogonal_basis,external_lung,target_disjoint,7,13,-0.14080819578827553
random_orthogonal_basis,external_lung,target_disjoint,7,14,-0.03791816859545938
random_orthogonal_basis,external_lung,target_disjoint,7,15,-0.1994814393220768
random_orthogonal_basis,external_lung,target_disjoint,7,16,-0.03010181496237274
random_orthogonal_basis,external_lung,target_disjoint,7,17,0.11379877316132292
random_orthogonal_basis,external_lung,target_disjoint,7,18,-0.0071080756339720885
random_orthogonal_basis,external_lung,target_disjoint,7,19,-0.13167646872826155
random_orthogonal_basis,external_lung,target_disjoint,7,20,0.04327452096376394
random_orthogonal_basis,external_lung,target_disjoint,7,21,-0.002086890533105734
random_orthogonal_basis,external_lung,target_disjoint,7,22,0.14503256814013787
random_orthogonal_basis,external_lung,target_disjoint,7,23,-0.021672041990767166
random_orthogonal_basis,external_lung,target_disjoint,11,0,0.24732182381584777
random_orthogonal_basis,external_lung,target_disjoint,11,1,0.11018782014797945
random_orthogonal_basis,external_lung,target_disjoint,11,2,0.20790488838297594
random_orthogonal_basis,external_lung,target_disjoint,11,3,0.05081894643647633
random_orthogonal_basis,external_lung,target_disjoint,11,4,0.1444507683551508
random_orthogonal_basis,external_lung,target_disjoint,11,5,0.17948523366850055
random_orthogonal_basis,external_lung,target_disjoint,11,6,0.3429014102320874
random_orthogonal_basis,external_lung,target_disjoint,11,7,0.28593562258900906
random_orthogonal_basis,external_lung,target_disjoint,11,8,0.17509643963827226
random_orthogonal_basis,external_lung,target_disjoint,11,9,0.09622462530829057
random_orthogonal_basis,external_lung,target_disjoint,11,10,0.09582621893378868
random_orthogonal_basis,external_lung,target_disjoint,11,11,0.12859672421425405
random_orthogonal_basis,external_lung,target_disjoint,11,12,0.1292354391955985
random_orthogonal_basis,external_lung,target_disjoint,11,13,0.032226648959716664
random_orthogonal_basis,external_lung,target_disjoint,11,14,0.14296464933915132
random_orthogonal_basis,external_lung,target_disjoint,11,15,0.012040725984948986
random_orthogonal_basis,external_lung,target_disjoint,11,16,0.26480111300828435
random_orthogonal_basis,external_lung,target_disjoint,11,17,0.1557199772339214
random_orthogonal_basis,external_lung,target_disjoint,11,18,-0.02174792891924371
random_orthogonal_basis,external_lung,target_disjoint,11,19,0.2819072914690445
random_orthogonal_basis,external_lung,target_disjoint,11,20,0.21489913362423319
random_orthogonal_basis,external_lung,target_disjoint,11,21,0.14891544931385564
random_orthogonal_basis,external_lung,target_disjoint,11,22,0.25368367798646685
random_orthogonal_basis,external_lung,target_disjoint,11,23,0.08483526212609876
random_orthogonal_basis,immune,source_disjoint,7,0,-0.025644405162477346
random_orthogonal_basis,immune,source_disjoint,7,1,0.005556330857535707
random_orthogonal_basis,immune,source_disjoint,7,2,-0.0732014286231153
random_orthogonal_basis,immune,source_disjoint,7,3,-0.03851183369255662
random_orthogonal_basis,immune,source_disjoint,7,4,-0.30968920727956867
random_orthogonal_basis,immune,source_disjoint,7,5,-0.1942880918784533
random_orthogonal_basis,immune,source_disjoint,7,6,-0.28335478335478326
random_orthogonal_basis,immune,source_disjoint,7,7,-0.12761987460782642
random_orthogonal_basis,immune,source_disjoint,7,8,-0.25618820197133446
random_orthogonal_basis,immune,source_disjoint,7,9,-0.1848423294206426
random_orthogonal_basis,immune,source_disjoint,7,10,-0.3515167491071105
random_orthogonal_basis,immune,source_disjoint,7,11,-0.3629472846340316
random_orthogonal_basis,immune,source_disjoint,7,12,-0.01684472768810119
random_orthogonal_basis,immune,source_disjoint,7,13,-0.051658370935479425
random_orthogonal_basis,immune,source_disjoint,7,14,-0.3388250556925255
random_orthogonal_basis,immune,source_disjoint,7,15,-0.4107860011474469
random_orthogonal_basis,immune,source_disjoint,7,16,-0.28946157861820504
random_orthogonal_basis,immune,source_disjoint,7,17,-0.37958784946736746
random_orthogonal_basis,immune,source_disjoint,7,18,-0.08030577910095982
random_orthogonal_basis,immune,source_disjoint,7,19,-0.3972699032939997
random_orthogonal_basis,immune,source_disjoint,7,20,-0.12003225256237304
random_orthogonal_basis,immune,source_disjoint,7,21,-0.20947108898916122
random_orthogonal_basis,immune,source_disjoint,7,22,-0.2034909263824926
random_orthogonal_basis,immune,source_disjoint,7,23,-0.32054860368113375
random_orthogonal_basis,immune,source_disjoint,11,0,-0.3246318607764391
random_orthogonal_basis,immune,source_disjoint,11,1,-0.23909796198952826
random_orthogonal_basis,immune,source_disjoint,11,2,-0.23615956748486872
random_orthogonal_basis,immune,source_disjoint,11,3,-0.1391434463723621
random_orthogonal_basis,immune,source_disjoint,11,4,-0.35018064536136834
random_orthogonal_basis,immune,source_disjoint,11,5,-0.09190688106350764
random_orthogonal_basis,immune,source_disjoint,11,6,-0.138169150217343
random_orthogonal_basis,immune,source_disjoint,11,7,-0.230918526099249
random_orthogonal_basis,immune,source_disjoint,11,8,-0.28455391708403766
random_orthogonal_basis,immune,source_disjoint,11,9,-0.378461077256258
random_orthogonal_basis,immune,source_disjoint,11,10,-0.15244762835124281
random_orthogonal_basis,immune,source_disjoint,11,11,0.0925219539677371
random_orthogonal_basis,immune,source_disjoint,11,12,-0.3098339303158581
random_orthogonal_basis,immune,source_disjoint,11,13,-0.35435435435435436
random_orthogonal_basis,immune,source_disjoint,11,14,-0.09433099192135341
random_orthogonal_basis,immune,source_disjoint,11,15,-0.12785246520186277
random_orthogonal_basis,immune,source_disjoint,11,16,-0.0677975738216704
random_orthogonal_basis,immune,source_disjoint,11,17,0.0668491210659885
random_orthogonal_basis,immune,source_disjoint,11,18,0.11456120492265065
random_orthogonal_basis,immune,source_disjoint,11,19,-0.12270962873372515
random_orthogonal_basis,immune,source_disjoint,11,20,-0.2017697559866235
random_orthogonal_basis,immune,source_disjoint,11,21,-0.09630801197066252
random_orthogonal_basis,immune,source_disjoint,11,22,-0.1351480568348039
random_orthogonal_basis,immune,source_disjoint,11,23,-0.155468721733782
random_orthogonal_basis,immune,target_disjoint,7,0,-0.4136060883228969
random_orthogonal_basis,immune,target_disjoint,7,1,-0.2493462557752294
random_orthogonal_basis,immune,target_disjoint,7,2,-0.18552264358920245
random_orthogonal_basis,immune,target_disjoint,7,3,-0.34295773822087766
random_orthogonal_basis,immune,target_disjoint,7,4,-0.3138294753629307
random_orthogonal_basis,immune,target_disjoint,7,5,-0.2117457022913296
random_orthogonal_basis,immune,target_disjoint,7,6,-0.2830859072679942
random_orthogonal_basis,immune,target_disjoint,7,7,-0.23032904148783984
random_orthogonal_basis,immune,target_disjoint,7,8,-0.34276425338305316
random_orthogonal_basis,immune,target_disjoint,7,9,-0.025733483430662174
random_orthogonal_basis,immune,target_disjoint,7,10,-0.35875020521119166
random_orthogonal_basis,immune,target_disjoint,7,11,-0.37509381083046045
random_orthogonal_basis,immune,target_disjoint,7,12,-0.3277867679823636
random_orthogonal_basis,immune,target_disjoint,7,13,-0.5634014634489553
random_orthogonal_basis,immune,target_disjoint,7,14,-0.33565808297567956
random_orthogonal_basis,immune,target_disjoint,7,15,-0.19635486291892412
random_orthogonal_basis,immune,target_disjoint,7,16,-0.3095640141654355
random_orthogonal_basis,immune,target_disjoint,7,17,-0.1776190811229158
random_orthogonal_basis,immune,target_disjoint,7,18,-0.3860081146368349
random_orthogonal_basis,immune,target_disjoint,7,19,-0.4886957949295247
random_orthogonal_basis,immune,target_disjoint,7,20,-0.256162198925866
random_orthogonal_basis,immune,target_disjoint,7,21,-0.3333978282792749
random_orthogonal_basis,immune,target_disjoint,7,22,-0.11890815919697939
random_orthogonal_basis,immune,target_disjoint,7,23,-0.4275369966462628
random_orthogonal_basis,immune,target_disjoint,11,0,-0.017715589014751787
random_orthogonal_basis,immune,target_disjoint,11,1,0.10333849292900865
random_orthogonal_basis,immune,target_disjoint,11,2,-0.08637045896948814
random_orthogonal_basis,immune,target_disjoint,11,3,0.01557259785642251
random_orthogonal_basis,immune,target_disjoint,11,4,0.2748657332489035
random_orthogonal_basis,immune,target_disjoint,11,5,0.17560507985646934
random_orthogonal_basis,immune,target_disjoint,11,6,0.044091090316376924
random_orthogonal_basis,immune,target_disjoint,11,7,-0.029096015384976248
random_orthogonal_basis,immune,target_disjoint,11,8,-0.023722413752667815
random_orthogonal_basis,immune,target_disjoint,11,9,-0.06928809306034389
random_orthogonal_basis,immune,target_disjoint,11,10,-0.07621543657215235
random_orthogonal_basis,immune,target_disjoint,11,11,0.062313844133305096
random_orthogonal_basis,immune,target_disjoint,11,12,0.07851380191843138
random_orthogonal_basis,immune,target_disjoint,11,13,0.008340369145617754
random_orthogonal_basis,immune,target_disjoint,11,14,-0.20681770210370792
random_orthogonal_basis,immune,target_disjoint,11,15,-0.11094596496165487
random_orthogonal_basis,immune,target_disjoint,11,16,0.032490794812261026
random_orthogonal_basis,immune,target_disjoint,11,17,0.039567649335115695
random_orthogonal_basis,immune,target_disjoint,11,18,0.12436677689439246
random_orthogonal_basis,immune,target_disjoint,11,19,-0.08752257323107965
random_orthogonal_basis,immune,target_disjoint,11,20,-0.0975808532095031
random_orthogonal_basis,immune,target_disjoint,11,21,0.054694645746851345
random_orthogonal_basis,immune,target_disjoint,11,22,-0.23356258355027099
random_orthogonal_basis,immune,target_disjoint,11,23,-0.1433898543586858
random_orthogonal_basis,lung,source_disjoint,7,0,-0.10081790747741348
random_orthogonal_basis,lung,source_disjoint,7,1,-0.17655455893909183
random_orthogonal_basis,lung,source_disjoint,7,2,0.1437080642236388
random_orthogonal_basis,lung,source_disjoint,7,3,0.16220049195344566
random_orthogonal_basis,lung,source_disjoint,7,4,-0.26632908802618804
random_orthogonal_basis,lung,source_disjoint,7,5,0.23103910053426702
random_orthogonal_basis,lung,source_disjoint,7,6,-0.03931210214776282
random_orthogonal_basis,lung,source_disjoint,7,7,0.12634554847229373
random_orthogonal_basis,lung,source_disjoint,7,8,-0.15550471726626408
random_orthogonal_basis,lung,source_disjoint,7,9,-0.16745946498900321
random_orthogonal_basis,lung,source_disjoint,7,10,-0.02513240429459551
random_orthogonal_basis,lung,source_disjoint,7,11,0.08376228139923092
random_orthogonal_basis,lung,source_disjoint,7,12,0.002731783075499372
random_orthogonal_basis,lung,source_disjoint,7,13,-0.13011192173383374
random_orthogonal_basis,lung,source_disjoint,7,14,-0.09408958388550237
random_orthogonal_basis,lung,source_disjoint,7,15,0.08885153514584221
random_orthogonal_basis,lung,source_disjoint,7,16,-0.24137802762937033
random_orthogonal_basis,lung,source_disjoint,7,17,-0.1516058234640405
random_orthogonal_basis,lung,source_disjoint,7,18,-0.10377520796425205
random_orthogonal_basis,lung,source_disjoint,7,19,-0.017130023574706832
random_orthogonal_basis,lung,source_disjoint,7,20,-0.15795750972979772
random_orthogonal_basis,lung,source_disjoint,7,21,0.0342925960541427
random_orthogonal_basis,lung,source_disjoint,7,22,0.14558195116734307
random_orthogonal_basis,lung,source_disjoint,7,23,-0.0986162065646492
random_orthogonal_basis,lung,source_disjoint,11,0,-0.20571605265482817
random_orthogonal_basis,lung,source_disjoint,11,1,-0.01621632932051842
random_orthogonal_basis,lung,source_disjoint,11,2,-0.09580537614909257
random_orthogonal_basis,lung,source_disjoint,11,3,0.11087086919525146
random_orthogonal_basis,lung,source_disjoint,11,4,0.054772831894206786
random_orthogonal_basis,lung,source_disjoint,11,5,-0.19644891449402735
random_orthogonal_basis,lung,source_disjoint,11,6,-0.006309837673962426
random_orthogonal_basis,lung,source_disjoint,11,7,-0.22787023216668761
random_orthogonal_basis,lung,source_disjoint,11,8,-0.13388294483890628
random_orthogonal_basis,lung,source_disjoint,11,9,0.06035961889882402
random_orthogonal_basis,lung,source_disjoint,11,10,0.18208322289954937
random_orthogonal_basis,lung,source_disjoint,11,11,0.09565193131251126
random_orthogonal_basis,lung,source_disjoint,11,12,-0.038961038961038974
random_orthogonal_basis,lung,source_disjoint,11,13,0.012394157936585382
random_orthogonal_basis,lung,source_disjoint,11,14,0.04004910234770598
random_orthogonal_basis,lung,source_disjoint,11,15,0.025881029103370645
random_orthogonal_basis,lung,source_disjoint,11,16,-0.12801251737879027
random_orthogonal_basis,lung,source_disjoint,11,17,0.10199664281296916
random_orthogonal_basis,lung,source_disjoint,11,18,-0.13794458316477654
random_orthogonal_basis,lung,source_disjoint,11,19,0.04198576217910266
random_orthogonal_basis,lung,source_disjoint,11,20,0.17416221444148405
random_orthogonal_basis,lung,source_disjoint,11,21,0.04106509315961504
random_orthogonal_basis,lung,source_disjoint,11,22,0.11000134845462439
random_orthogonal_basis,lung,source_disjoint,11,23,-0.23311060582811394
random_orthogonal_basis,lung,target_disjoint,7,0,0.033143292114584
random_orthogonal_basis,lung,target_disjoint,7,1,-0.11861523643820282
random_orthogonal_basis,lung,target_disjoint,7,2,0.09079258062511664
random_orthogonal_basis,lung,target_disjoint,7,3,0.10527092524700188
random_orthogonal_basis,lung,target_disjoint,7,4,0.12636705399863302
random_orthogonal_basis,lung,target_disjoint,7,5,-0.09160038526067232
random_orthogonal_basis,lung,target_disjoint,7,6,-0.030114024731249578
random_orthogonal_basis,lung,target_disjoint,7,7,0.16977878580749395
random_orthogonal_basis,lung,target_disjoint,7,8,-0.12117069533337466
random_orthogonal_basis,lung,target_disjoint,7,9,-0.07252376809793071
random_orthogonal_basis,lung,target_disjoint,7,10,0.18554651090536267
random_orthogonal_basis,lung,target_disjoint,7,11,-0.2219287889144348
random_orthogonal_basis,lung,target_disjoint,7,12,-0.21362548934319264
random_orthogonal_basis,lung,target_disjoint,7,13,-0.00966258621761007
random_orthogonal_basis,lung,target_disjoint,7,14,0.10175231467097501
random_orthogonal_basis,lung,target_disjoint,7,15,0.024847759895606836
random_orthogonal_basis,lung,target_disjoint,7,16,0.012746225066799344
random_orthogonal_basis,lung,target_disjoint,7,17,-0.008489716025601113
random_orthogonal_basis,lung,target_disjoint,7,18,-0.14496209532094695
random_orthogonal_basis,lung,target_disjoint,7,19,0.021935002796246827
random_orthogonal_basis,lung,target_disjoint,7,20,0.06258155719878211
random_orthogonal_basis,lung,target_disjoint,7,21,-0.10810600882371213
random_orthogonal_basis,lung,target_disjoint,7,22,-0.12566799229478653
random_orthogonal_basis,lung,target_disjoint,7,23,0.00614397564158331
random_orthogonal_basis,lung,target_disjoint,11,0,0.13873267880444928
random_orthogonal_basis,lung,target_disjoint,11,1,-0.03827751196172241
random_orthogonal_basis,lung,target_disjoint,11,2,0.02293699123842674
random_orthogonal_basis,lung,target_disjoint,11,3,-0.048079910520101854
random_orthogonal_basis,lung,target_disjoint,11,4,0.09184894053315107
random_orthogonal_basis,lung,target_disjoint,11,5,0.011184987261542267
random_orthogonal_basis,lung,target_disjoint,11,6,0.10124743677375259
random_orthogonal_basis,lung,target_disjoint,11,7,0.011239358727397009
random_orthogonal_basis,lung,target_disjoint,11,8,-0.10924004225439632
random_orthogonal_basis,lung,target_disjoint,11,9,-0.05263157894736831
random_orthogonal_basis,lung,target_disjoint,11,10,-0.12310476604734977
random_orthogonal_basis,lung,target_disjoint,11,11,-0.042293233082706716
random_orthogonal_basis,lung,target_disjoint,11,12,-0.19470421922575032
random_orthogonal_basis,lung,target_disjoint,11,13,0.07333157273348667
random_orthogonal_basis,lung,target_disjoint,11,14,-0.0552569440129248
random_orthogonal_basis,lung,target_disjoint,11,15,-0.1335984589573106
random_orthogonal_basis,lung,target_disjoint,11,16,-0.13317125458273776
random_orthogonal_basis,lung,target_disjoint,11,17,-0.2101224134716957
random_orthogonal_basis,lung,target_disjoint,11,18,0.027558565836077853
random_orthogonal_basis,lung,target_disjoint,11,19,-0.15397222394830046
random_orthogonal_basis,lung,target_disjoint,11,20,-0.04577300689740871
random_orthogonal_basis,lung,target_disjoint,11,21,-0.013056919157397484
random_orthogonal_basis,lung,target_disjoint,11,22,0.09066830298887729
random_orthogonal_basis,lung,target_disjoint,11,23,0.07962312806810412
signature_destroy_permutation,external_lung,source_disjoint,7,0,-0.04810877732240426
signature_destroy_permutation,external_lung,source_disjoint,7,1,-0.04607026980874318
signature_destroy_permutation,external_lung,source_disjoint,7,2,-0.10769723360655736
signature_destroy_permutation,external_lung,source_disjoint,7,3,-0.03908171106557368
signature_destroy_permutation,external_lung,source_disjoint,7,4,-0.09433060109289604
signature_destroy_permutation,external_lung,source_disjoint,7,5,0.01919612363387979
signature_destroy_permutation,external_lung,source_disjoint,7,6,-0.06504866803278686
signature_destroy_permutation,external_lung,source_disjoint,7,7,-0.09211279030054642
signature_destroy_permutation,external_lung,source_disjoint,7,8,-0.08420850409836061
signature_destroy_permutation,external_lung,source_disjoint,7,9,-0.07539916325136609
signature_destroy_permutation,external_lung,source_disjoint,7,10,-0.050932803961748596
signature_destroy_permutation,external_lung,source_disjoint,7,11,-0.0554879610655738
signature_destroy_permutation,external_lung,source_disjoint,7,12,-0.06235484972677591
signature_destroy_permutation,external_lung,source_disjoint,7,13,-0.03833461407103822
signature_destroy_permutation,external_lung,source_disjoint,7,14,-0.08062670765027319
signature_destroy_permutation,external_lung,source_disjoint,7,15,-0.08774760928961733
signature_destroy_permutation,external_lung,source_disjoint,7,16,-0.0998292349726776
signature_destroy_permutation,external_lung,source_disjoint,7,17,-0.026487790300546377
signature_destroy_permutation,external_lung,source_disjoint,7,18,-0.0036778517759562535
signature_destroy_permutation,external_lung,source_disjoint,7,19,-0.07268186475409832
signature_destroy_permutation,external_lung,source_disjoint,7,20,-0.07972165300546441
signature_destroy_permutation,external_lung,source_disjoint,7,21,-0.007227629781420664
signature_destroy_permutation,external_lung,source_disjoint,7,22,-0.09897327527322403
signature_destroy_permutation,external_lung,source_disjoint,7,23,-0.03605063183060098
signature_destroy_permutation,external_lung,source_disjoint,11,0,0.04285348360655744
signature_destroy_permutation,external_lung,source_disjoint,11,1,0.1258431523224044
signature_destroy_permutation,external_lung,source_disjoint,11,2,0.04979081284153014
signature_destroy_permutation,external_lung,source_disjoint,11,3,0.053171960382513705
signature_destroy_permutation,external_lung,source_disjoint,11,4,0.1437734801912569
signature_destroy_permutation,external_lung,source_disjoint,11,5,0.13455857240437163
signature_destroy_permutation,external_lung,source_disjoint,11,6,0.09840548155737705
signature_destroy_permutation,external_lung,source_disjoint,11,7,0.03255848702185793
signature_destroy_permutation,external_lung,source_disjoint,11,8,0.1616696550546448
signature_destroy_permutation,external_lung,source_disjoint,11,9,0.11168459699453559
signature_destroy_permutation,external_lung,source_disjoint,11,10,0.0947105532786886
signature_destroy_permutation,external_lung,source_disjoint,11,11,0.10375896516393457
signature_destroy_permutation,external_lung,source_disjoint,11,12,0.09488131830601099
signature_destroy_permutation,external_lung,source_disjoint,11,13,0.11800076844262297
signature_destroy_permutation,external_lung,source_disjoint,11,14,0.05596183401639354
signature_destroy_permutation,external_lung,source_disjoint,11,15,0.1456262807377049
signature_destroy_permutation,external_lung,source_disjoint,11,16,0.12796063866120222
signature_destroy_permutation,external_lung,source_disjoint,11,17,0.050574197404371635
signature_destroy_permutation,external_lung,source_disjoint,11,18,0.14366675204918045
signature_destroy_permutation,external_lung,source_disjoint,11,19,0.15167990095628425
signature_destroy_permutation,external_lung,source_disjoint,11,20,0.08313268442622951
signature_destroy_permutation,external_lung,source_disjoint,11,21,0.10083034494535525
signature_destroy_permutation,external_lung,source_disjoint,11,22,0.12470756489071044
signature_destroy_permutation,external_lung,source_disjoint,11,23,0.0924223019125684
signature_destroy_permutation,external_lung,target_disjoint,7,0,0.02083728577752475
signature_destroy_permutation,external_lung,target_disjoint,7,1,0.0645481565800291
signature_destroy_permutation,external_lung,target_disjoint,7,2,-0.004913678618857942
signature_destroy_permutation,external_lung,target_disjoint,7,3,0.01636628090811354
signature_destroy_permutation,external_lung,target_disjoint,7,4,0.012496047555808576
signature_destroy_permutation,external_lung,target_disjoint,7,5,0.031556314424840304
signature_destroy_permutation,external_lung,target_disjoint,7,6,0.03181559476380191
signature_destroy_permutation,external_lung,target_disjoint,7,7,-0.025112249415038312
signature_destroy_permutation,external_lung,target_disjoint,7,8,-0.0023904382470119057
signature_destroy_permutation,external_lung,target_disjoint,7,9,0.03594194649971538
signature_destroy_permutation,external_lung,target_disjoint,7,10,-0.007610826535129345
signature_destroy_permutation,external_lung,target_disjoint,7,11,0.021273635616265052
signature_destroy_permutation,external_lung,target_disjoint,7,12,-0.00721874407133366
signature_destroy_permutation,external_lung,target_disjoint,7,13,-0.04827989628786444
signature_destroy_permutation,external_lung,target_disjoint,7,14,-0.07089103901852911
signature_destroy_permutation,external_lung,target_disjoint,7,15,0.08428191993929035
signature_destroy_permutation,external_lung,target_disjoint,7,16,0.0353316891165496
signature_destroy_permutation,external_lung,target_disjoint,7,17,-0.009403655220388274
signature_destroy_permutation,external_lung,target_disjoint,7,18,-0.0002434705621957578
signature_destroy_permutation,external_lung,target_disjoint,7,19,-0.03054132675646626
signature_destroy_permutation,external_lung,target_disjoint,7,20,-0.0722253841775754
signature_destroy_permutation,external_lung,target_disjoint,7,21,0.013365585277935854
signature_destroy_permutation,external_lung,target_disjoint,7,22,-0.06427306646430153
signature_destroy_permutation,external_lung,target_disjoint,7,23,-0.049367608929361984
signature_destroy_permutation,external_lung,target_disjoint,11,0,0.19563966356795037
signature_destroy_permutation,external_lung,target_disjoint,11,1,0.23335230506545246
signature_destroy_permutation,external_lung,target_disjoint,11,2,0.1901505090748118
signature_destroy_permutation,external_lung,target_disjoint,11,3,0.18137608296970842
signature_destroy_permutation,external_lung,target_disjoint,11,4,0.09197811926895588
signature_destroy_permutation,external_lung,target_disjoint,11,5,0.1945898943906912
signature_destroy_permutation,external_lung,target_disjoint,11,6,0.14168721937646234
signature_destroy_permutation,external_lung,target_disjoint,11,7,0.1929520015177385
signature_destroy_permutation,external_lung,target_disjoint,11,8,0.08793081641687217
signature_destroy_permutation,external_lung,target_disjoint,11,9,0.17251628407006891
signature_destroy_permutation,external_lung,target_disjoint,11,10,0.11114589261999619
signature_destroy_permutation,external_lung,target_disjoint,11,11,0.14807753114526023
signature_destroy_permutation,external_lung,target_disjoint,11,12,0.15746221463352927
signature_destroy_permutation,external_lung,target_disjoint,11,13,0.08361158540441405
signature_destroy_permutation,external_lung,target_disjoint,11,14,0.15445835704799843
signature_destroy_permutation,external_lung,target_disjoint,11,15,0.11191424777082137
signature_destroy_permutation,external_lung,target_disjoint,11,16,0.18511035224182626
signature_destroy_permutation,external_lung,target_disjoint,11,17,0.1296370075254537
signature_destroy_permutation,external_lung,target_disjoint,11,18,0.1445677607032188
signature_destroy_permutation,external_lung,target_disjoint,11,19,0.11377031556314421
signature_destroy_permutation,external_lung,target_disjoint,11,20,0.17108075633972053
signature_destroy_permutation,external_lung,target_disjoint,11,21,0.18962878644153547
signature_destroy_permutation,external_lung,target_disjoint,11,22,0.12887813824068806
signature_destroy_permutation,external_lung,target_disjoint,11,23,0.1996774805539745
signature_destroy_permutation,immune,source_disjoint,7,0,-0.2707121923989393
signature_destroy_permutation,immune,source_disjoint,7,1,-0.11411669845404782
signature_destroy_permutation,immune,source_disjoint,7,2,-0.05678570136401462
signature_destroy_permutation,immune,source_disjoint,7,3,-0.21661420456601177
signature_destroy_permutation,immune,source_disjoint,7,4,-0.1628263375251327
signature_destroy_permutation,immune,source_disjoint,7,5,-0.12228062830472475
signature_destroy_permutation,immune,source_disjoint,7,6,-0.050224062272254955
signature_destroy_permutation,immune,source_disjoint,7,7,-0.13616111808882891
signature_destroy_permutation,immune,source_disjoint,7,8,-0.14279511869873307
signature_destroy_permutation,immune,source_disjoint,7,9,-0.23038615207289903
signature_destroy_permutation,immune,source_disjoint,7,10,-0.2258247920898523
signature_destroy_permutation,immune,source_disjoint,7,11,-0.16284184356473508
signature_destroy_permutation,immune,source_disjoint,7,12,-0.1595623161888221
signature_destroy_permutation,immune,source_disjoint,7,13,-0.13335710926072364
signature_destroy_permutation,immune,source_disjoint,7,14,-0.23364500472934202
signature_destroy_permutation,immune,source_disjoint,7,15,-0.25651899748285284
signature_destroy_permutation,immune,source_disjoint,7,16,-0.24813023005794088
signature_destroy_permutation,immune,source_disjoint,7,17,-0.14499697632227748
signature_destroy_permutation,immune,source_disjoint,7,18,-0.20099445400650218
signature_destroy_permutation,immune,source_disjoint,7,19,-0.21266016446739333
signature_destroy_permutation,immune,source_disjoint,7,20,-0.16733859504943838
signature_destroy_permutation,immune,source_disjoint,7,21,-0.28111674497216665
signature_destroy_permutation,immune,source_disjoint,7,22,-0.062184387485592296
signature_destroy_permutation,immune,source_disjoint,7,23,-0.1712073519302435
signature_destroy_permutation,immune,source_disjoint,11,0,-0.17725729171512317
signature_destroy_permutation,immune,source_disjoint,11,1,-0.19918024737301854
signature_destroy_permutation,immune,source_disjoint,11,2,-0.21682870478051203
signature_destroy_permutation,immune,source_disjoint,11,3,-0.21811312172757963
signature_destroy_permutation,immune,source_disjoint,11,4,-0.1706827309236948
signature_destroy_permutation,immune,source_disjoint,11,5,-0.13884107860011474
signature_destroy_permutation,immune,source_disjoint,11,6,-0.21851111007737517
signature_destroy_permutation,immune,source_disjoint,11,7,-0.19608420813240102
signature_destroy_permutation,immune,source_disjoint,11,8,-0.2083494854579192
signature_destroy_permutation,immune,source_disjoint,11,9,-0.15999131661782273
signature_destroy_permutation,immune,source_disjoint,11,10,-0.21056943346099977
signature_destroy_permutation,immune,source_disjoint,11,11,-0.16713960087454072
signature_destroy_permutation,immune,source_disjoint,11,12,-0.12937464142283417
signature_destroy_permutation,immune,source_disjoint,11,13,-0.18839579682953184
signature_destroy_permutation,immune,source_disjoint,11,14,-0.19013764194487093
signature_destroy_permutation,immune,source_disjoint,11,15,-0.1790714983486068
signature_destroy_permutation,immune,source_disjoint,11,16,-0.1902591059217565
signature_destroy_permutation,immune,source_disjoint,11,17,-0.1854289745856011
signature_destroy_permutation,immune,source_disjoint,11,18,-0.09340062954520789
signature_destroy_permutation,immune,source_disjoint,11,19,-0.19262894564099392
signature_destroy_permutation,immune,source_disjoint,11,20,-0.17629074857990523
signature_destroy_permutation,immune,source_disjoint,11,21,-0.21413840690949126
signature_destroy_permutation,immune,source_disjoint,11,22,-0.20084456229034547
signature_destroy_permutation,immune,source_disjoint,11,23,-0.16018772645278678
signature_destroy_permutation,immune,target_disjoint,7,0,-0.1993538779052042
signature_destroy_permutation,immune,target_disjoint,7,1,-0.25508044278711983
signature_destroy_permutation,immune,target_disjoint,7,2,-0.32460013133516274
signature_destroy_permutation,immune,target_disjoint,7,3,-0.28199828795234416
signature_destroy_permutation,immune,target_disjoint,7,4,-0.2173714205305003
signature_destroy_permutation,immune,target_disjoint,7,5,-0.28296278055301494
signature_destroy_permutation,immune,target_disjoint,7,6,-0.21908346818640223
signature_destroy_permutation,immune,target_disjoint,7,7,-0.2738396772907433
signature_destroy_permutation,immune,target_disjoint,7,8,-0.3404512300945145
signature_destroy_permutation,immune,target_disjoint,7,9,-0.3051607683107015
signature_destroy_permutation,immune,target_disjoint,7,10,-0.1881581416074486
signature_destroy_permutation,immune,target_disjoint,7,11,-0.26374914983934905
signature_destroy_permutation,immune,target_disjoint,7,12,-0.32397277140645897
signature_destroy_permutation,immune,target_disjoint,7,13,-0.31904477121883734
signature_destroy_permutation,immune,target_disjoint,7,14,-0.20922746781115886
signature_destroy_permutation,immune,target_disjoint,7,15,-0.36184303102793225
signature_destroy_permutation,immune,target_disjoint,7,16,-0.24683974764886618
signature_destroy_permutation,immune,target_disjoint,7,17,-0.2582494899036094
signature_destroy_permutation,immune,target_disjoint,7,18,-0.2855543047444828
signature_destroy_permutation,immune,target_disjoint,7,19,-0.31705129107155433
signature_destroy_permutation,immune,target_disjoint,7,20,-0.2966620933886818
signature_destroy_permutation,immune,target_disjoint,7,21,-0.3317825230422853
signature_destroy_permutation,immune,target_disjoint,7,22,-0.25239803935364347
signature_destroy_permutation,immune,target_disjoint,7,23,-0.2616823799807688
signature_destroy_permutation,immune,target_disjoint,11,0,0.060815802434391
signature_destroy_permutation,immune,target_disjoint,11,1,0.06136987265179761
signature_destroy_permutation,immune,target_disjoint,11,2,-0.07080665587842122
signature_destroy_permutation,immune,target_disjoint,11,3,-0.03898719482164226
signature_destroy_permutation,immune,target_disjoint,11,4,0.0101696803395952
signature_destroy_permutation,immune,target_disjoint,11,5,0.037445179295949704
signature_destroy_permutation,immune,target_disjoint,11,6,-0.08615645301250041
signature_destroy_permutation,immune,target_disjoint,11,7,0.016387579446046963
signature_destroy_permutation,immune,target_disjoint,11,8,0.0018850113745632058
signature_destroy_permutation,immune,target_disjoint,11,9,0.0038403808719715826
signature_destroy_permutation,immune,target_disjoint,11,10,0.03300968596824494
signature_destroy_permutation,immune,target_disjoint,11,11,0.0006947864630970635
signature_destroy_permutation,immune,target_disjoint,11,12,-0.01867715002697068
signature_destroy_permutation,immune,target_disjoint,11,13,-0.026460517366729996
signature_destroy_permutation,immune,target_disjoint,11,14,-0.0189527193414481
signature_destroy_permutation,immune,target_disjoint,11,15,0.04692007317244773
signature_destroy_permutation,immune,target_disjoint,11,16,0.04106275944557791
signature_destroy_permutation,immune,target_disjoint,11,17,0.0060918408030206095
signature_destroy_permutation,immune,target_disjoint,11,18,-0.03720478904289504
signature_destroy_permutation,immune,target_disjoint,11,19,0.031054316470836563
signature_destroy_permutation,immune,target_disjoint,11,20,0.01426217781842909
signature_destroy_permutation,immune,target_disjoint,11,21,-0.06240765496376566
signature_destroy_permutation,immune,target_disjoint,11,22,0.09224243063861715
signature_destroy_permutation,immune,target_disjoint,11,23,0.0016739370060272485
signature_destroy_permutation,lung,source_disjoint,7,0,-0.05120175206104327
signature_destroy_permutation,lung,source_disjoint,7,1,-0.004552196818577103
signature_destroy_permutation,lung,source_disjoint,7,2,0.0296288029907793
signature_destroy_permutation,lung,source_disjoint,7,3,-0.020847573479152448
signature_destroy_permutation,lung,source_disjoint,7,4,-0.05772548253751275
signature_destroy_permutation,lung,source_disjoint,7,5,-0.07321876118868609
signature_destroy_permutation,lung,source_disjoint,7,6,-0.053449951409135166
signature_destroy_permutation,lung,source_disjoint,7,7,-0.13153477385485984
signature_destroy_permutation,lung,source_disjoint,7,8,-0.09381059327353647
signature_destroy_permutation,lung,source_disjoint,7,9,-0.0010880633866672262
signature_destroy_permutation,lung,source_disjoint,7,10,-0.03642687423568203
signature_destroy_permutation,lung,source_disjoint,7,11,-0.04490353899591282
signature_destroy_permutation,lung,source_disjoint,7,12,-0.06031079554173013
signature_destroy_permutation,lung,source_disjoint,7,13,-0.021870539056360827
signature_destroy_permutation,lung,source_disjoint,7,14,-0.1120914531226026
signature_destroy_permutation,lung,source_disjoint,7,15,0.018378506563254016
signature_destroy_permutation,lung,source_disjoint,7,16,-0.038075243768047384
signature_destroy_permutation,lung,source_disjoint,7,17,-0.09774203598048936
signature_destroy_permutation,lung,source_disjoint,7,18,-0.05016251203147021
signature_destroy_permutation,lung,source_disjoint,7,19,-0.016293051738809017
signature_destroy_permutation,lung,source_disjoint,7,20,-0.03275117292303131
signature_destroy_permutation,lung,source_disjoint,7,21,0.012580151677895945
signature_destroy_permutation,lung,source_disjoint,7,22,-0.004245307145414712
signature_destroy_permutation,lung,source_disjoint,7,23,-0.020319816238183686
signature_destroy_permutation,lung,source_disjoint,11,0,-0.0816698518094866
signature_destroy_permutation,lung,source_disjoint,11,1,-0.00627263892570018
signature_destroy_permutation,lung,source_disjoint,11,2,-0.03029605553773118
signature_destroy_permutation,lung,source_disjoint,11,3,-0.059139034971473214
signature_destroy_permutation,lung,source_disjoint,11,4,-0.08066781052817579
signature_destroy_permutation,lung,source_disjoint,11,5,-0.04734238192884821
signature_destroy_permutation,lung,source_disjoint,11,6,0.049372038630900006
signature_destroy_permutation,lung,source_disjoint,11,7,-0.021854264603996088
signature_destroy_permutation,lung,source_disjoint,11,8,-0.07568782810458435
signature_destroy_permutation,lung,source_disjoint,11,9,-0.01057839403704064
signature_destroy_permutation,lung,source_disjoint,11,10,-0.0610687200375708
signature_destroy_permutation,lung,source_disjoint,11,11,-0.0563212297906176
signature_destroy_permutation,lung,source_disjoint,11,12,-0.003731499435044028
signature_destroy_permutation,lung,source_disjoint,11,13,-0.024872013056760678
signature_destroy_permutation,lung,source_disjoint,11,14,-0.02291675385123293
signature_destroy_permutation,lung,source_disjoint,11,15,-0.051622562900758395
signature_destroy_permutation,lung,source_disjoint,11,16,-0.012661523939719421
signature_destroy_permutation,lung,source_disjoint,11,17,-0.024511650182971412
signature_destroy_permutation,lung,source_disjoint,11,18,-0.006440033292879677
signature_destroy_permutation,lung,source_disjoint,11,19,-0.0016506944541317958
signature_destroy_permutation,lung,source_disjoint,11,20,-0.07226554326446921
signature_destroy_permutation,lung,source_disjoint,11,21,-0.08836330157490202
signature_destroy_permutation,lung,source_disjoint,11,22,-0.08176517360190827
signature_destroy_permutation,lung,source_disjoint,11,23,-0.060633959667257264
signature_destroy_permutation,lung,target_disjoint,7,0,-0.060150375939849565
signature_destroy_permutation,lung,target_disjoint,7,1,-0.08380196358665254
signature_destroy_permutation,lung,target_disjoint,7,2,-0.08011635493692904
signature_destroy_permutation,lung,target_disjoint,7,3,0.010159696762567672
signature_destroy_permutation,lung,target_disjoint,7,4,-0.04554775368172492
signature_destroy_permutation,lung,target_disjoint,7,5,-0.04703908531659723
signature_destroy_permutation,lung,target_disjoint,7,6,0.01914263965699381
signature_destroy_permutation,lung,target_disjoint,7,7,-0.009452867706456147
signature_destroy_permutation,lung,target_disjoint,7,8,0.006691573976262966
signature_destroy_permutation,lung,target_disjoint,7,9,0.05820077052134476
signature_destroy_permutation,lung,target_disjoint,7,10,-0.04056499720375306
signature_destroy_permutation,lung,target_disjoint,7,11,-0.026533275337103035
signature_destroy_permutation,lung,target_disjoint,7,12,0.03345398620518247
signature_destroy_permutation,lung,target_disjoint,7,13,-0.03689103958242712
signature_destroy_permutation,lung,target_disjoint,7,14,0.029438265084198223
signature_destroy_permutation,lung,target_disjoint,7,15,0.053928726775616775
signature_destroy_permutation,lung,target_disjoint,7,16,0.041532032560740784
signature_destroy_permutation,lung,target_disjoint,7,17,0.003604051450941448
signature_destroy_permutation,lung,target_disjoint,7,18,-0.04594000497110534
signature_destroy_permutation,lung,target_disjoint,7,19,0.042351488224694034
signature_destroy_permutation,lung,target_disjoint,7,20,-0.017406636425775057
signature_destroy_permutation,lung,target_disjoint,7,21,-0.054748182439569915
signature_destroy_permutation,lung,target_disjoint,7,22,-0.0460448642266823
signature_destroy_permutation,lung,target_disjoint,7,23,-0.03395498042627232
signature_destroy_permutation,lung,target_disjoint,11,0,-0.055214223575467514
signature_destroy_permutation,lung,target_disjoint,11,1,-9.709190331208539e-05
signature_destroy_permutation,lung,target_disjoint,11,2,-0.02908485055614235
signature_destroy_permutation,lung,target_disjoint,11,3,-0.010256788665879535
signature_destroy_permutation,lung,target_disjoint,11,4,0.009674237246007578
signature_destroy_permutation,lung,target_disjoint,11,5,-0.059575591872242484
signature_destroy_permutation,lung,target_disjoint,11,6,0.03674345988939298
signature_destroy_permutation,lung,target_disjoint,11,7,-0.00019418380662394874
signature_destroy_permutation,lung,target_disjoint,11,8,-0.03905813086435089
signature_destroy_permutation,lung,target_disjoint,11,9,-0.06606909836574903
signature_destroy_permutation,lung,target_disjoint,11,10,0.04106599142484313
signature_destroy_permutation,lung,target_disjoint,11,11,-0.02225346423911012
signature_destroy_permutation,lung,target_disjoint,11,12,-0.02489048033306407
signature_destroy_permutation,lung,target_disjoint,11,13,0.058507580935810655
signature_destroy_permutation,lung,target_disjoint,11,14,-0.06172326477350387
signature_destroy_permutation,lung,target_disjoint,11,15,-0.13265860933325035
signature_destroy_permutation,lung,target_disjoint,11,16,-0.042180606474864824
signature_destroy_permutation,lung,target_disjoint,11,17,-0.021585471944323587
signature_destroy_permutation,lung,target_disjoint,11,18,-0.037376499098987104
signature_destroy_permutation,lung,target_disjoint,11,19,0.0423204188156342
signature_destroy_permutation,lung,target_disjoint,11,20,-0.0239778164419312
signature_destroy_permutation,lung,target_disjoint,11,21,-0.014804573417013578
signature_destroy_permutation,lung,target_disjoint,11,22,0.0037438637917107664
signature_destroy_permutation,lung,target_disjoint,11,23,0.055882215870254215
