domain,null_idx,procrustes_top1_null,random_top1_null,jaccard_null,transfer_auc_null
external_lung,0,0.0016666666666666668,0.0016666666666666668,0.00797442953789703,0.4950536652728761
external_lung,1,0.0,0.0033333333333333335,0.00894908840729274,0.4929961906876457
external_lung,2,0.0016666666666666668,0.0016666666666666668,0.009230019493177387,0.4894061773938376
external_lung,3,0.0016666666666666668,0.005,0.009678362573099415,0.5025461799578426
external_lung,4,0.0016666666666666668,0.006666666666666667,0.009254672629285633,0.5146532067247531
external_lung,5,0.0,0.0016666666666666668,0.008529985093452585,0.5136139602634979
external_lung,6,0.0016666666666666668,0.0016666666666666668,0.009473684210526315,0.5432010439959087
external_lung,7,0.0,0.0,0.009005847953216375,0.5178948497874013
external_lung,8,0.0016666666666666668,0.0033333333333333335,0.008996101364522417,0.4967015725896728
external_lung,9,0.0033333333333333335,0.0016666666666666668,0.008304093567251461,0.5052519715432615
external_lung,10,0.0016666666666666668,0.005,0.008391812865497077,0.5079739623444295
external_lung,11,0.0016666666666666668,0.0033333333333333335,0.0083447999082674,0.49992039740218
external_lung,12,0.0,0.005,0.006881091617933723,0.5169479794991085
external_lung,13,0.005,0.0016666666666666668,0.009122807017543859,0.48051989147570556
external_lung,14,0.0016666666666666668,0.005,0.008861369109047128,0.4769981587472049
external_lung,15,0.0,0.0,0.008157894736842105,0.5138624063000201
external_lung,16,0.0033333333333333335,0.0016666666666666668,0.007789244352711846,0.48427985138061447
external_lung,17,0.0033333333333333335,0.0016666666666666668,0.008888888888888887,0.5089385995145113
external_lung,18,0.0016666666666666668,0.0033333333333333335,0.0095224171539961,0.49135809579902656
external_lung,19,0.0016666666666666668,0.0016666666666666668,0.006189083820662768,0.509514571630029
external_lung,20,0.0,0.0016666666666666668,0.008635477582846003,0.4925543411111245
external_lung,21,0.0,0.005,0.008557504873294345,0.4844315666162846
external_lung,22,0.0,0.0016666666666666668,0.008021442495126705,0.49024760762549924
external_lung,23,0.0,0.0,0.008304093567251461,0.5181117683180034
external_lung,24,0.0016666666666666668,0.0033333333333333335,0.009202499713335626,0.505995451678262
external_lung,25,0.0,0.0,0.008810916179337233,0.4888642294375632
external_lung,26,0.0016666666666666668,0.0033333333333333335,0.00797442953789703,0.4764023875902163
external_lung,27,0.0016666666666666668,0.0016666666666666668,0.008128654970760233,0.4861457223387069
external_lung,28,0.0033333333333333335,0.0033333333333333335,0.006881091617933723,0.4861715017358127
external_lung,29,0.0,0.0016666666666666668,0.00810916179337232,0.4892615456862011
external_lung,30,0.0016666666666666668,0.005,0.007846003898635477,0.5102448717579505
external_lung,31,0.0,0.0033333333333333335,0.00871345029239766,0.5085835521872542
external_lung,32,0.008333333333333333,0.0033333333333333335,0.008576998050682261,0.5033361094569977
external_lung,33,0.0,0.0033333333333333335,0.008898635477582845,0.5096862600922856
external_lung,34,0.0033333333333333335,0.0016666666666666668,0.01084795321637427,0.5053831329352932
external_lung,35,0.0016666666666666668,0.0,0.010389863547758284,0.49600750296579194
external_lung,36,0.0,0.005,0.009025341130604287,0.5119197777676622
external_lung,37,0.0,0.0033333333333333335,0.008362573099415203,0.5093395736505762
external_lung,38,0.006666666666666667,0.0,0.008294346978557505,0.4979463574873123
external_lung,39,0.0033333333333333335,0.005,0.009181286549707603,0.4993330451924443
external_lung,40,0.0016666666666666668,0.0016666666666666668,0.0097953216374269,0.49006198435399617
external_lung,41,0.0,0.0016666666666666668,0.008128654970760233,0.4898194606114037
external_lung,42,0.0016666666666666668,0.0016666666666666668,0.009366471734892787,0.49612490373369283
external_lung,43,0.0033333333333333335,0.0033333333333333335,0.008226120857699805,0.47685898483985656
external_lung,44,0.0,0.0016666666666666668,0.007066276803118908,0.4866057452289535
external_lung,45,0.0,0.0,0.008216374269005847,0.46533391054409856
external_lung,46,0.0,0.0016666666666666668,0.007231968810916178,0.5005582632954337
external_lung,47,0.0016666666666666668,0.0033333333333333335,0.010253411306042882,0.5004812734743473
external_lung,48,0.0,0.0,0.008226120857699805,0.5088905824843164
external_lung,49,0.0016666666666666668,0.0,0.008937621832358673,0.5010096349916067
external_lung,50,0.005,0.0,0.01002923976608187,0.5039318225522811
external_lung,51,0.0,0.0016666666666666668,0.007992202729044834,0.5172694090990588
external_lung,52,0.0016666666666666668,0.0016666666666666668,0.007867217062263501,0.5056596227754239
external_lung,53,0.0016666666666666668,0.0033333333333333335,0.007592592592592593,0.4832558170861199
external_lung,54,0.0,0.005,0.007962962962962963,0.5176980206067959
external_lung,55,0.0,0.0,0.009171539961013643,0.4713472452275601
external_lung,56,0.0,0.0016666666666666668,0.008939341818598784,0.49067947058872713
external_lung,57,0.0,0.0033333333333333335,0.008382066276803117,0.492804064505161
external_lung,58,0.0016666666666666668,0.0016666666666666668,0.009298245614035085,0.5184830148610096
external_lung,59,0.0,0.0016666666666666668,0.007855750487329434,0.5047421897716642
external_lung,60,0.0033333333333333335,0.0,0.00908382066276803,0.4763416550465841
external_lung,61,0.0016666666666666668,0.0033333333333333335,0.00756335282651072,0.5070327821032459
external_lung,62,0.0016666666666666668,0.0,0.00949661736039445,0.5215257965833706
external_lung,63,0.0,0.0,0.008401559454191031,0.5011860845136891
external_lung,64,0.0016666666666666668,0.0,0.0097270955165692,0.49489231179414384
external_lung,65,0.0033333333333333335,0.0,0.008812636165577342,0.493813235003126
external_lung,66,0.0033333333333333335,0.008333333333333333,0.008354546496961358,0.5036591067229881
external_lung,67,0.0,0.0,0.008793142988189428,0.511838955874033
external_lung,68,0.0016666666666666668,0.005,0.0075243664717348935,0.4945843525097985
external_lung,69,0.0,0.0033333333333333335,0.009758055268891182,0.4937678307496649
external_lung,70,0.0,0.0016666666666666668,0.008820662768031189,0.5004034707893884
external_lung,71,0.0,0.0033333333333333335,0.008557504873294345,0.4935727434202154
external_lung,72,0.005,0.0016666666666666668,0.008520238504758627,0.5018551876043369
external_lung,73,0.0,0.005,0.008918128654970759,0.4967193975331671
external_lung,74,0.0033333333333333335,0.0016666666666666668,0.006968810916179337,0.5092860988200932
external_lung,75,0.0016666666666666668,0.0016666666666666668,0.007475633528265107,0.5133741654210495
external_lung,76,0.0016666666666666668,0.0,0.00831384015594542,0.5101115620828267
external_lung,77,0.0,0.0033333333333333335,0.00898635477582846,0.4819946007259106
external_lung,78,0.0016666666666666668,0.0016666666666666668,0.00942495126705653,0.4893941586208626
external_lung,79,0.0016666666666666668,0.0016666666666666668,0.007680311890838206,0.4758291443748426
external_lung,80,0.0016666666666666668,0.0016666666666666668,0.008190574475404196,0.520481034260122
external_lung,81,0.0,0.0033333333333333335,0.009639376218323585,0.5131285644080817
external_lung,82,0.0016666666666666668,0.0,0.007582846003898635,0.5077669723654152
external_lung,83,0.0,0.0,0.007115009746588693,0.49295636035788304
external_lung,84,0.0033333333333333335,0.0033333333333333335,0.008567251461988305,0.5140222501744174
external_lung,85,0.0,0.0033333333333333335,0.008372319688109163,0.5097284709519612
external_lung,86,0.0033333333333333335,0.0033333333333333335,0.007943469785575048,0.5230732571501828
external_lung,87,0.0016666666666666668,0.0033333333333333335,0.008304093567251461,0.5154851148367631
external_lung,88,0.0016666666666666668,0.0033333333333333335,0.010360623781676412,0.4900035162168665
external_lung,89,0.0,0.0016666666666666668,0.008557504873294347,0.49196124079257475
external_lung,90,0.0033333333333333335,0.0016666666666666668,0.007407407407407406,0.4995309194837432
external_lung,91,0.0016666666666666668,0.0,0.00831384015594542,0.4858603490576817
external_lung,92,0.0,0.0016666666666666668,0.008372319688109161,0.49595756989932566
external_lung,93,0.0033333333333333335,0.0016666666666666668,0.007875243664717348,0.5157157359297909
external_lung,94,0.0016666666666666668,0.0033333333333333335,0.008830409356725145,0.49282502478073575
external_lung,95,0.0033333333333333335,0.005,0.008840155945419103,0.5199659108116469
external_lung,96,0.0,0.0,0.009541910331384015,0.4745705988530723
external_lung,97,0.005,0.0033333333333333335,0.00854775828460039,0.49092147177597284
external_lung,98,0.0016666666666666668,0.0016666666666666668,0.009892787524366472,0.4924011743328245
external_lung,99,0.0,0.0016666666666666668,0.011081871345029238,0.5092177601930807
external_lung,100,0.0016666666666666668,0.0016666666666666668,0.008401559454191031,0.5023996322139346
external_lung,101,0.0033333333333333335,0.0033333333333333335,0.009376218323586745,0.5128368043394853
external_lung,102,0.0033333333333333335,0.0016666666666666668,0.008957115009746589,0.505552440867637
external_lung,103,0.0033333333333333335,0.0,0.011062378167641324,0.4961509734393246
external_lung,104,0.005,0.0,0.0077680311890838205,0.4874779481643675
external_lung,105,0.0,0.0,0.009005847953216373,0.506140489817835
external_lung,106,0.0033333333333333335,0.0016666666666666668,0.008752436647173489,0.525974948928924
external_lung,107,0.0033333333333333335,0.0016666666666666668,0.008011695906432748,0.509023543789209
external_lung,108,0.0,0.0,0.007612085769980507,0.46870508927103294
external_lung,109,0.0033333333333333335,0.0,0.009200779727095517,0.5142017189051699
external_lung,110,0.0033333333333333335,0.0033333333333333335,0.007690058479532164,0.4729368585923427
external_lung,111,0.0,0.006666666666666667,0.007514619883040936,0.511514274818592
external_lung,112,0.0033333333333333335,0.0016666666666666668,0.00810916179337232,0.5349267284505143
external_lung,113,0.0033333333333333335,0.0016666666666666668,0.0066294002981309485,0.5053971838679501
external_lung,114,0.0033333333333333335,0.0,0.009748308680197226,0.48368100295325056
external_lung,115,0.0,0.0,0.009475404196766426,0.5062706641608783
external_lung,116,0.0,0.0016666666666666668,0.009103313840155945,0.4867495060110122
external_lung,117,0.0016666666666666668,0.0,0.008157894736842107,0.4972481654823627
external_lung,118,0.006666666666666667,0.0016666666666666668,0.008434239192753124,0.47718401426552876
external_lung,119,0.0,0.0,0.008927875243664717,0.49593382266190156
external_lung,120,0.0016666666666666668,0.0033333333333333335,0.00820662768031189,0.501891592293493
external_lung,121,0.0,0.0016666666666666668,0.009532163742690057,0.49344558828584195
external_lung,122,0.0,0.0033333333333333335,0.0098635477582846,0.5074928630551977
external_lung,123,0.0,0.0033333333333333335,0.008723196881091617,0.5063128169588487
external_lung,124,0.0,0.008333333333333333,0.010224171539961014,0.5126190148833053
external_lung,125,0.0016666666666666668,0.0033333333333333335,0.00810916179337232,0.5142839342797236
external_lung,126,0.0,0.0016666666666666668,0.008265107212475633,0.4901107561863585
external_lung,127,0.005,0.0016666666666666668,0.008460038986354775,0.48111630131145133
external_lung,128,0.0016666666666666668,0.0033333333333333335,0.007914230019493177,0.5020092833699199
external_lung,129,0.0,0.0016666666666666668,0.007309941520467837,0.48154903520025716
external_lung,130,0.0033333333333333335,0.0,0.008908382066276801,0.4851492673541792
external_lung,131,0.0016666666666666668,0.0016666666666666668,0.009181286549707603,0.4753582058840196
external_lung,132,0.0,0.0033333333333333335,0.008050682261208576,0.5176153988003058
external_lung,133,0.0,0.0,0.0076608187134502926,0.47483686983308887
external_lung,134,0.0016666666666666668,0.0033333333333333335,0.008635477582846003,0.48326243612051195
external_lung,135,0.0016666666666666668,0.0033333333333333335,0.007175209264992546,0.5112050962384376
external_lung,136,0.0016666666666666668,0.0,0.008898635477582845,0.5050824894258023
external_lung,137,0.0016666666666666668,0.0,0.0080718954248366,0.4970447172673653
external_lung,138,0.0016666666666666668,0.0016666666666666668,0.010155945419103314,0.48619687470098216
external_lung,139,0.0033333333333333335,0.0016666666666666668,0.008469785575048731,0.5082405816946772
external_lung,140,0.0,0.0016666666666666668,0.008810916179337231,0.515844342606794
external_lung,141,0.0,0.0016666666666666668,0.009346978557504873,0.5133993061393982
external_lung,142,0.0,0.0033333333333333335,0.0096588693957115,0.48903562759129393
external_lung,143,0.0016666666666666668,0.0,0.009736842105263157,0.49061293187457555
external_lung,144,0.006666666666666667,0.0016666666666666668,0.008440545808966861,0.5191846325065657
external_lung,145,0.0,0.0,0.01131578947368421,0.518272308932863
external_lung,146,0.0016666666666666668,0.0016666666666666668,0.009738562091503268,0.5103143716190669
external_lung,147,0.0016666666666666668,0.0,0.009541910331384015,0.49309007646494324
external_lung,148,0.0,0.0033333333333333335,0.008031189083820663,0.4750361956670175
external_lung,149,0.0016666666666666668,0.0033333333333333335,0.008011695906432748,0.4941081304038029
external_lung,150,0.0,0.0016666666666666668,0.009278752436647175,0.5154064992879313
external_lung,151,0.0,0.0016666666666666668,0.008567251461988303,0.4851751048129902
external_lung,152,0.0,0.0033333333333333335,0.009922027290448342,0.5028183732317888
external_lung,153,0.0033333333333333335,0.0033333333333333335,0.008450292397660819,0.523374539338431
external_lung,154,0.0033333333333333335,0.0016666666666666668,0.01016569200779727,0.5105490570314584
external_lung,155,0.008333333333333333,0.005,0.00820662768031189,0.5182734121052617
external_lung,156,0.0033333333333333335,0.0,0.008723196881091617,0.49301343501408806
external_lung,157,0.0016666666666666668,0.0016666666666666668,0.009191033138401559,0.5328199594775748
external_lung,158,0.0016666666666666668,0.0016666666666666668,0.009561403508771929,0.5071871101156495
external_lung,159,0.0016666666666666668,0.0033333333333333335,0.00919103313840156,0.48078343355557807
external_lung,160,0.0,0.0,0.010557275541795665,0.519575503905927
external_lung,161,0.0016666666666666668,0.0016666666666666668,0.010799220272904482,0.4878705033531796
external_lung,162,0.0033333333333333335,0.0016666666666666668,0.008851622520353172,0.48907011624417873
external_lung,163,0.0,0.0033333333333333335,0.009424951267056529,0.5220952657879067
external_lung,164,0.0016666666666666668,0.0016666666666666668,0.008898635477582845,0.5115296611704683
external_lung,165,0.0,0.0016666666666666668,0.009748308680197226,0.5196963303144343
external_lung,166,0.0016666666666666668,0.0,0.008304093567251461,0.4813469804661844
external_lung,167,0.0033333333333333335,0.0016666666666666668,0.008898635477582845,0.491430614868813
external_lung,168,0.0,0.0016666666666666668,0.008499025341130605,0.4852084902934764
external_lung,169,0.0,0.0,0.009746588693957114,0.49316625342215686
external_lung,170,0.0016666666666666668,0.0016666666666666668,0.00871345029239766,0.49795024762156037
external_lung,171,0.0016666666666666668,0.0016666666666666668,0.009259259259259259,0.5063795298581157
external_lung,172,0.0033333333333333335,0.0,0.0077582846003898635,0.4877955456917751
external_lung,173,0.0033333333333333335,0.0,0.009444444444444443,0.4977905779322787
external_lung,174,0.0,0.0016666666666666668,0.006695906432748539,0.5030005128009802
external_lung,175,0.0016666666666666668,0.0,0.01,0.4915811108086741
external_lung,176,0.0,0.0033333333333333335,0.00975633528265107,0.5125900420924138
external_lung,177,0.0016666666666666668,0.0,0.00939743148721477,0.4960093609403581
external_lung,178,0.0,0.0016666666666666668,0.009298245614035087,0.5105865068313079
external_lung,179,0.0033333333333333335,0.0,0.007340901272789817,0.48863639530638464
external_lung,180,0.0,0.0016666666666666668,0.010019493177387912,0.507792461453995
external_lung,181,0.0,0.0,0.008596491228070175,0.4917586635031553
external_lung,182,0.0,0.0016666666666666668,0.009307992202729045,0.5152248822740866
external_lung,183,0.0,0.0016666666666666668,0.008567251461988303,0.5291562078181712
external_lung,184,0.0016666666666666668,0.0016666666666666668,0.01043859649122807,0.5073348771553666
external_lung,185,0.0016666666666666668,0.0016666666666666668,0.008333333333333333,0.4853721081787111
external_lung,186,0.0016666666666666668,0.0,0.008888888888888889,0.5056869698385699
external_lung,187,0.0033333333333333335,0.0,0.010077972709551656,0.5045244003154841
external_lung,188,0.0033333333333333335,0.0033333333333333335,0.00871345029239766,0.4933283617030566
external_lung,189,0.0016666666666666668,0.0016666666666666668,0.008918128654970759,0.4966141316616517
external_lung,190,0.0033333333333333335,0.0016666666666666668,0.008401559454191031,0.4953397933560687
external_lung,191,0.0,0.0016666666666666668,0.010653021442495124,0.5008768478718295
external_lung,192,0.0016666666666666668,0.0016666666666666668,0.008323586744639375,0.493610483528591
external_lung,193,0.0016666666666666668,0.0,0.00817910790047013,0.49906056160997214
external_lung,194,0.005,0.0033333333333333335,0.00847953216374269,0.5092453975647527
external_lung,195,0.0033333333333333335,0.0033333333333333335,0.008391812865497075,0.4583040895878176
external_lung,196,0.0033333333333333335,0.0033333333333333335,0.009288499025341129,0.4942474784962668
external_lung,197,0.0033333333333333335,0.0,0.009914000687994496,0.5224742925994086
external_lung,198,0.0033333333333333335,0.0016666666666666668,0.008460038986354777,0.5000794284127045
external_lung,199,0.0033333333333333335,0.0,0.010146198830409356,0.470294818759226
external_lung,200,0.0016666666666666668,0.0016666666666666668,0.009912280701754386,0.5119802200027683
external_lung,201,0.0,0.0,0.009532163742690057,0.5039128944363881
external_lung,202,0.0,0.0,0.00820662768031189,0.5064607581836812
external_lung,203,0.0,0.0016666666666666668,0.008216374269005847,0.4738780388335264
external_lung,204,0.0016666666666666668,0.0,0.009465657608072468,0.5042945340246238
external_lung,205,0.0033333333333333335,0.0016666666666666668,0.007241715399610137,0.4975732529697401
external_lung,206,0.0033333333333333335,0.0016666666666666668,0.008763903222107556,0.4724893770304178
external_lung,207,0.0016666666666666668,0.0016666666666666668,0.007680311890838206,0.5109072977525011
external_lung,208,0.0016666666666666668,0.0,0.009074074074074075,0.47964228880170856
external_lung,209,0.0016666666666666668,0.0016666666666666668,0.010547528953101707,0.5021457283771242
external_lung,210,0.0016666666666666668,0.0016666666666666668,0.007134502923976607,0.49003504372278656
external_lung,211,0.0,0.0033333333333333335,0.0069510377250315315,0.4930252215402423
external_lung,212,0.0033333333333333335,0.0033333333333333335,0.0097953216374269,0.4936201217716531
external_lung,213,0.0033333333333333335,0.0,0.008489278752436645,0.49219801642635314
external_lung,214,0.0016666666666666668,0.0,0.010089439284485724,0.49259695840273643
external_lung,215,0.0016666666666666668,0.0,0.006881091617933723,0.5142346979537197
external_lung,216,0.0016666666666666668,0.0,0.006539961013645224,0.47965494625344063
external_lung,217,0.0,0.0016666666666666668,0.009005847953216375,0.47453552958313555
external_lung,218,0.0,0.0,0.006210296984290792,0.5453324311318503
external_lung,219,0.005,0.0033333333333333335,0.008752436647173489,0.5116102508172766
external_lung,220,0.0016666666666666668,0.0033333333333333335,0.00831384015594542,0.5058825797233661
external_lung,221,0.0,0.0,0.008187134502923975,0.47603073461527384
external_lung,222,0.0,0.0016666666666666668,0.008450292397660819,0.5150799021962188
external_lung,223,0.0033333333333333335,0.0016666666666666668,0.00719470244238046,0.48367653220195067
external_lung,224,0.0,0.0,0.007855750487329434,0.5146014737454259
external_lung,225,0.0033333333333333335,0.0016666666666666668,0.009933493865382411,0.5016786219588439
external_lung,226,0.0,0.008333333333333333,0.007446393762183234,0.5026829152735728
external_lung,227,0.0,0.0016666666666666668,0.008820662768031189,0.5070679094348878
external_lung,228,0.0016666666666666668,0.0,0.008986354775828459,0.4980212570870117
external_lung,229,0.0016666666666666668,0.0016666666666666668,0.00871345029239766,0.49814806385115395
external_lung,230,0.0,0.0,0.007807017543859649,0.49884561717734643
external_lung,231,0.0016666666666666668,0.0016666666666666668,0.008284600389863547,0.510316810210685
external_lung,232,0.0,0.0033333333333333335,0.011044604976493521,0.5298678120770205
external_lung,233,0.0,0.0,0.010360623781676412,0.5094657417359614
external_lung,234,0.0016666666666666668,0.0,0.008723196881091617,0.5177972480609713
external_lung,235,0.0016666666666666668,0.0016666666666666668,0.008128654970760233,0.5047499700401601
external_lung,236,0.0,0.0033333333333333335,0.009173259947253754,0.4916758675115497
external_lung,237,0.0016666666666666668,0.0016666666666666668,0.006773879142300195,0.5028874085992636
external_lung,238,0.0,0.0,0.0094541910331384,0.4857182140033685
external_lung,239,0.0016666666666666668,0.0016666666666666668,0.008830409356725145,0.4937618503940299
external_lung,240,0.0016666666666666668,0.0016666666666666668,0.010243664717348928,0.4828693583763532
external_lung,241,0.0016666666666666668,0.0016666666666666668,0.009736842105263158,0.5087313192269711
external_lung,242,0.0,0.0,0.009436417841990598,0.5081290451590008
external_lung,243,0.0016666666666666668,0.0016666666666666668,0.007738791423001949,0.5115502150141067
external_lung,244,0.0016666666666666668,0.0016666666666666668,0.009132553606237815,0.4912736740796755
external_lung,245,0.0,0.0016666666666666668,0.007319688109161793,0.5099706463243224
external_lung,246,0.0016666666666666668,0.0033333333333333335,0.007526086457975003,0.5310703861149845
external_lung,247,0.0,0.0,0.006598440545808966,0.48751905585164446
external_lung,248,0.0016666666666666668,0.0016666666666666668,0.00936016511867905,0.4929550249386636
external_lung,249,0.0,0.0016666666666666668,0.009309712188969156,0.47496925052092964
external_lung,250,0.0016666666666666668,0.0,0.008372319688109161,0.5272766923593583
external_lung,251,0.005,0.0033333333333333335,0.009836027978442838,0.47638467877013235
external_lung,252,0.005,0.0016666666666666668,0.00838206627680312,0.51097604281145
external_lung,253,0.0,0.0,0.008255360623781677,0.5099992707449827
external_lung,254,0.0016666666666666668,0.0,0.008040935672514621,0.4874156479546951
external_lung,255,0.0016666666666666668,0.006666666666666667,0.008226120857699805,0.5004100317620752
external_lung,256,0.0016666666666666668,0.0033333333333333335,0.009288499025341129,0.4940665001611793
external_lung,257,0.0,0.0016666666666666668,0.008879142300194933,0.4840237411990067
external_lung,258,0.0016666666666666668,0.0,0.008752436647173489,0.516893111187701
external_lung,259,0.0016666666666666668,0.0,0.008810916179337231,0.5101616112727033
external_lung,260,0.0016666666666666668,0.0,0.0062865497076023385,0.47546527166839614
external_lung,261,0.006666666666666667,0.0016666666666666668,0.010964912280701754,0.5130029188780435
external_lung,262,0.0033333333333333335,0.0,0.007465886939571149,0.47776933431558255
external_lung,263,0.0,0.0,0.008586744639376219,0.47899315893764727
external_lung,264,0.0,0.005,0.012136222910216718,0.5211328930243274
external_lung,265,0.0016666666666666668,0.0016666666666666668,0.008840155945419103,0.4629992493782752
external_lung,266,0.0,0.0,0.008674463937621831,0.4896736096079581
external_lung,267,0.0016666666666666668,0.0016666666666666668,0.0078672170622635,0.5063018432965671
external_lung,268,0.0033333333333333335,0.0,0.010799220272904482,0.492741299801847
external_lung,269,0.0016666666666666668,0.0033333333333333335,0.008918128654970759,0.48860388075147637
external_lung,270,0.0016666666666666668,0.0016666666666666668,0.009727095516569199,0.4727361392774894
external_lung,271,0.0033333333333333335,0.0,0.008599931200550396,0.49281817349952295
external_lung,272,0.0016666666666666668,0.0016666666666666668,0.008265107212475635,0.493507482063578
external_lung,273,0.0016666666666666668,0.0,0.00786549707602339,0.4961647340634554
external_lung,274,0.0033333333333333335,0.0033333333333333335,0.009944960440316479,0.4794809353229763
external_lung,275,0.0,0.0033333333333333335,0.008557504873294347,0.5055732269580961
external_lung,276,0.005,0.0033333333333333335,0.008996101364522415,0.5169766619814741
external_lung,277,0.0,0.0,0.0094541910331384,0.5102207761502953
external_lung,278,0.0,0.0033333333333333335,0.009434697855750488,0.504831314489136
external_lung,279,0.0033333333333333335,0.0,0.007417153996101365,0.490422315296426
external_lung,280,0.0,0.0,0.008391812865497075,0.5052990015244682
external_lung,281,0.0016666666666666668,0.0,0.008664717348927875,0.47837439534540216
external_lung,282,0.0,0.0016666666666666668,0.007680311890838206,0.46782440932666075
external_lung,283,0.005,0.0016666666666666668,0.010068226120857698,0.5178624513559034
external_lung,284,0.0,0.0016666666666666668,0.008996101364522417,0.4895141721654972
external_lung,285,0.0016666666666666668,0.0016666666666666668,0.01020639834881321,0.5054120476644796
external_lung,286,0.0016666666666666668,0.005,0.008645224171539961,0.47890235043072493
external_lung,287,0.0016666666666666668,0.0,0.008099415204678361,0.5050970048521006
external_lung,288,0.0033333333333333335,0.0,0.009074074074074075,0.5054688320121586
external_lung,289,0.0033333333333333335,0.0,0.010409356725146198,0.4699720537400564
external_lung,290,0.0016666666666666668,0.0,0.009173259947253754,0.48133049094190944
external_lung,291,0.005,0.0016666666666666668,0.009775828460038986,0.5144329786769549
external_lung,292,0.0,0.0,0.008947368421052631,0.5019559827245524
external_lung,293,0.0016666666666666668,0.0016666666666666668,0.009083820662768033,0.5018103059062224
external_lung,294,0.005,0.0,0.009200779727095517,0.4976288760833153
external_lung,295,0.0,0.0033333333333333335,0.008529985093452585,0.5154898178348837
external_lung,296,0.005,0.0033333333333333335,0.010009746588693956,0.5008053739127365
external_lung,297,0.0,0.0,0.009883040935672514,0.5019444865069242
external_lung,298,0.0016666666666666668,0.005,0.008304093567251461,0.49595954399730224
external_lung,299,0.0033333333333333335,0.0016666666666666668,0.006988304093567252,0.4858873477505966
immune,0,0.002770083102493075,0.0,0.013072848325800648,0.5117667021457109
immune,1,0.00554016620498615,0.002770083102493075,0.014546986117185854,0.4397840406003671
immune,2,0.002770083102493075,0.0,0.014865731489660547,0.4870177549477841
immune,3,0.002770083102493075,0.0,0.015359810639520423,0.5146988137658691
immune,4,0.0110803324099723,0.008310249307479225,0.011650167186474143,0.5346525367516621
immune,5,0.0,0.002770083102493075,0.012638325486193893,0.4743140975210946
immune,6,0.002770083102493075,0.00554016620498615,0.019444897072402368,0.46114304225091396
immune,7,0.00554016620498615,0.00554016620498615,0.014692779964685489,0.4839600783624107
immune,8,0.0,0.00554016620498615,0.018677811796342193,0.512798988075956
immune,9,0.0,0.002770083102493075,0.016458505451069964,0.4751421475619726
immune,10,0.0,0.002770083102493075,0.013931412094409616,0.48854304533604825
immune,11,0.0,0.008310249307479225,0.012767920017304682,0.5095108519598316
immune,12,0.002770083102493075,0.0,0.015829590814797026,0.46272232248908635
immune,13,0.0,0.0,0.016798691095235782,0.494231415922378
immune,14,0.00554016620498615,0.00554016620498615,0.014984367659684762,0.5412997670723618
immune,15,0.002770083102493075,0.00554016620498615,0.014287797054964281,0.47354898421953817
immune,16,0.00554016620498615,0.0,0.016442306134681117,0.4790321933762167
immune,17,0.002770083102493075,0.002770083102493075,0.01538172736169357,0.4723812608943804
immune,18,0.002770083102493075,0.00554016620498615,0.015016766292462456,0.5202727258703935
immune,19,0.002770083102493075,0.0,0.012522071568579806,0.5110632915297638
immune,20,0.0,0.0,0.01339683465357762,0.46495688524843043
immune,21,0.00554016620498615,0.00554016620498615,0.012603068150524047,0.5097632159439739
immune,22,0.0,0.0,0.01859681521439795,0.5001298841532077
immune,23,0.002770083102493075,0.00554016620498615,0.012214284557191684,0.49081678930075434
immune,24,0.0,0.002770083102493075,0.012959453111078711,0.4724883150539127
immune,25,0.0,0.0,0.011617768553696445,0.4667987104138708
immune,26,0.0,0.0,0.012784119333693528,0.4790951301155383
immune,27,0.00554016620498615,0.0,0.017867845976899777,0.48608974655621884
immune,28,0.002770083102493075,0.00554016620498615,0.017141735442293745,0.4992302589970229
immune,29,0.002770083102493075,0.0,0.01338063533718877,0.5231270921066838
immune,30,0.002770083102493075,0.0,0.014206800473020037,0.499414750026995
immune,31,0.00554016620498615,0.0,0.01801649852729156,0.5170179092044982
immune,32,0.00554016620498615,0.0,0.016069721857737602,0.4556212689157295
immune,33,0.002770083102493075,0.002770083102493075,0.020038554373005456,0.4926376355530874
immune,34,0.0,0.0,0.013283439438855679,0.49245993181853237
immune,35,0.002770083102493075,0.002770083102493075,0.014919570394129366,0.5334666111342496
immune,36,0.0110803324099723,0.008310249307479225,0.015211158089128637,0.5106616070464468
immune,37,0.002770083102493075,0.0,0.011196586327586388,0.5072873956838971
immune,38,0.002770083102493075,0.00554016620498615,0.016266972357295933,0.5293772656454873
immune,39,0.0110803324099723,0.0,0.012343879088302473,0.516917642340383
immune,40,0.0,0.0,0.014323054390634127,0.5143073102256775
immune,41,0.00554016620498615,0.008310249307479225,0.01921238923717419,0.5272630231230815
immune,42,0.00554016620498615,0.0,0.011857899596637023,0.5138429975164669
immune,43,0.00554016620498615,0.00554016620498615,0.016944484942735417,0.5258022120412791
immune,44,0.0,0.002770083102493075,0.019312443838399432,0.5235559257716692
immune,45,0.0,0.002770083102493075,0.01678535048173908,0.47289616980579074
immune,46,0.002770083102493075,0.0,0.013024250376634107,0.5114554120968116
immune,47,0.00554016620498615,0.002770083102493075,0.016104979193407448,0.5432659231493051
immune,48,0.002770083102493075,0.002770083102493075,0.01670435389979484,0.5078161876995696
immune,49,0.0,0.0,0.014660381331907791,0.5005216962068274
immune,50,0.00554016620498615,0.002770083102493075,0.014061006625520404,0.5095895228839835
immune,51,0.0,0.0,0.015894388080352418,0.5085853116756907
immune,52,0.002770083102493075,0.00554016620498615,0.014922429097021517,0.5140200842241658
immune,53,0.013850415512465374,0.0110803324099723,0.01517875945635094,0.4948614003424499
immune,54,0.002770083102493075,0.0,0.01398001004357616,0.5252718774584664
immune,55,0.00554016620498615,0.002770083102493075,0.020303460841011332,0.504559828466534
immune,56,0.0,0.0,0.014080064644801401,0.5132710136208678
immune,57,0.00554016620498615,0.002770083102493075,0.013996209359965008,0.5008042945069184
immune,58,0.002770083102493075,0.002770083102493075,0.015956326643015665,0.4455282521171734
immune,59,0.002770083102493075,0.002770083102493075,0.014031466695634855,0.5179440665154951
immune,60,0.0110803324099723,0.00554016620498615,0.014047666012023704,0.5336619001342033
immune,61,0.0,0.0,0.012716463365245987,0.49413701081339567
immune,62,0.0,0.0,0.01317290292702589,0.5390294167553643
immune,63,0.002770083102493075,0.00554016620498615,0.014047666012023704,0.47357397380721
immune,64,0.0,0.00554016620498615,0.017277047379188833,0.5101744643435605
immune,65,0.002770083102493075,0.0,0.01217140401380944,0.4944538541039999
immune,66,0.0,0.00554016620498615,0.012700264048857138,0.5041143350764342
immune,67,0.008310249307479225,0.0,0.01440119226968622,0.44299967606090057
immune,68,0.002770083102493075,0.0,0.012784119333693528,0.4726509016304934
immune,69,0.008310249307479225,0.008310249307479225,0.018148951761294493,0.5225325867308375
immune,70,0.002770083102493075,0.0,0.01368842234857689,0.4839353972881669
immune,71,0.00554016620498615,0.0,0.015664738948016392,0.5249130763416477
immune,72,0.0,0.002770083102493075,0.014968168343295913,0.46612121492587966
immune,73,0.002770083102493075,0.002770083102493075,0.011938896178581264,0.5422580097798757
immune,74,0.0,0.00554016620498615,0.01618597577535169,0.5130374689558364
immune,75,0.002770083102493075,0.002770083102493075,0.012295281139135928,0.5102241350054761
immune,76,0.0,0.002770083102493075,0.013756078317024434,0.5408841994847826
immune,77,0.002770083102493075,0.002770083102493075,0.018564416581620256,0.48071513412621286
immune,78,0.008310249307479225,0.002770083102493075,0.01498722636257691,0.5194863251423019
immune,79,0.002770083102493075,0.002770083102493075,0.013499747957695006,0.49388125318154474
immune,80,0.002770083102493075,0.002770083102493075,0.009285066993702277,0.5335548459746711
immune,81,0.00554016620498615,0.002770083102493075,0.013413033969966468,0.4944584818054205
immune,82,0.0,0.0,0.019058972181962154,0.5009351042004103
immune,83,0.00554016620498615,0.0,0.013999068062857157,0.5322523022814568
immune,84,0.002770083102493075,0.002770083102493075,0.013156703610637041,0.5282345319080013
immune,85,0.0,0.00554016620498615,0.013594085153135945,0.47470374998071796
immune,86,0.0,0.002770083102493075,0.015518945100516759,0.5179107470652661
immune,87,0.00554016620498615,0.002770083102493075,0.019863220595620273,0.513436376818301
immune,88,0.002770083102493075,0.0,0.014630841402022246,0.506767550557638
immune,89,0.0,0.002770083102493075,0.01446598953524161,0.5039168864824841
immune,90,0.013850415512465374,0.0,0.014903371077740517,0.47202770450583864
immune,91,0.002770083102493075,0.002770083102493075,0.014142003207464643,0.5169805790797044
immune,92,0.0,0.0,0.016914945012849868,0.4917685532262792
immune,93,0.002770083102493075,0.002770083102493075,0.019655488185457395,0.4961648695759483
immune,94,0.0,0.0,0.015405549885794819,0.47431471454795066
immune,95,0.002770083102493075,0.0,0.013253899508970133,0.5079081247011276
immune,96,0.0,0.0,0.014352594320519673,0.46411587764357454
immune,97,0.00554016620498615,0.002770083102493075,0.018013639824399408,0.5125814861091829
immune,98,0.0,0.0,0.017900244609677467,0.5087559196014007
immune,99,0.00554016620498615,0.00554016620498615,0.012748861998023681,0.5182229626544496
immune,100,0.002770083102493075,0.0,0.013218642173300287,0.5076020793805051
immune,101,0.008310249307479225,0.0,0.015113962190795548,0.5111937927098277
immune,102,0.0,0.002770083102493075,0.016866347063683326,0.5207786878923906
immune,103,0.00554016620498615,0.002770083102493075,0.013010909763137407,0.5441550588489363
immune,104,0.00554016620498615,0.002770083102493075,0.01800029921090271,0.5340321162478596
immune,105,0.0,0.00554016620498615,0.015259756038295184,0.4928233606367718
immune,106,0.0,0.00554016620498615,0.012360078404691322,0.4960831135175159
immune,107,0.0,0.002770083102493075,0.010594352918306845,0.5209033273173215
immune,108,0.002770083102493075,0.0,0.015713336897182937,0.49101300384099217
immune,109,0.002770083102493075,0.008310249307479225,0.014012408676353857,0.5295259691178058
immune,110,0.002770083102493075,0.00554016620498615,0.015713336897182937,0.43819118577136074
immune,111,0.002770083102493075,0.002770083102493075,0.019542092970735458,0.4998182855908804
immune,112,0.002770083102493075,0.00554016620498615,0.018972258194233614,0.5044305613401823
immune,113,0.002770083102493075,0.0,0.018110835722732498,0.5030891449550342
immune,114,0.0,0.0,0.013072848325800648,0.4874416523979206
immune,115,0.0,0.0,0.01296231181397086,0.4776944791522051
immune,116,0.002770083102493075,0.002770083102493075,0.013931412094409613,0.5096820769123976
immune,117,0.002770083102493075,0.00554016620498615,0.016847289044402323,0.5094596387307757
immune,118,0.002770083102493075,0.0,0.015713336897182937,0.5206355376617767
immune,119,0.0,0.00554016620498615,0.013202442856911438,0.5196794545482593
immune,120,0.0,0.002770083102493075,0.014617500788525549,0.5169852067811251
immune,121,0.002770083102493075,0.0,0.014323054390634127,0.5004220463695682
immune,122,0.0,0.002770083102493075,0.017873563382684074,0.46621253490058157
immune,123,0.002770083102493075,0.00554016620498615,0.012541129587860803,0.5009798386474771
immune,124,0.0,0.002770083102493075,0.013564545223250402,0.5463171209526894
immune,125,0.002770083102493075,0.002770083102493075,0.01722559072713014,0.4910256528915421
immune,126,0.002770083102493075,0.00554016620498615,0.0166042992985696,0.5393589090965185
immune,127,0.0,0.002770083102493075,0.017193192094352442,0.5194206117821278
immune,128,0.002770083102493075,0.008310249307479225,0.01396381072718731,0.5028583769108551
immune,129,0.002770083102493075,0.00554016620498615,0.015119679596579848,0.4963484350656362
immune,130,0.0,0.002770083102493075,0.016037323224959908,0.47233529239360145
immune,131,0.00554016620498615,0.0,0.019617372146895403,0.513022351797862
immune,132,0.00554016620498615,0.0,0.015894388080352418,0.5128134882070742
immune,133,0.002770083102493075,0.002770083102493075,0.013785618246909978,0.5216724512934425
immune,134,0.008310249307479225,0.0,0.015599941682461,0.5142304903820939
immune,135,0.002770083102493075,0.0,0.019907054039966572,0.4978330016813982
immune,136,0.0,0.008310249307479225,0.01942583905312137,0.5394974316257115
immune,137,0.0,0.0,0.011695906432748539,0.5001329692874882
immune,138,0.0,0.0,0.014128662593967946,0.5128702546778349
immune,139,0.0,0.0,0.01529215467107288,0.5186851157696639
immune,140,0.002770083102493075,0.002770083102493075,0.014303996371353126,0.46620050287688775
immune,141,0.00554016620498615,0.002770083102493075,0.013029967782418404,0.5141518194579419
immune,142,0.0,0.002770083102493075,0.015275955354684033,0.5273950668702855
immune,143,0.0,0.002770083102493075,0.01741426511801202,0.4115492001789378
immune,144,0.0,0.0,0.013240558895473433,0.47999907445971585
immune,145,0.002770083102493075,0.0,0.01226288250635823,0.4833887114936678
immune,146,0.00554016620498615,0.002770083102493075,0.01135572078858272,0.5184796458265846
immune,147,0.00554016620498615,0.00554016620498615,0.017041680841068507,0.49918213090224756
immune,148,0.002770083102493075,0.0,0.01851581863245371,0.5264516328073179
immune,149,0.002770083102493075,0.008310249307479225,0.017128394828797047,0.49947984636031284
immune,150,0.00554016620498615,0.0,0.00955759666942055,0.5085340984466349
immune,151,0.008310249307479225,0.0,0.018062237773565953,0.5192864084409274
immune,152,0.002770083102493075,0.002770083102493075,0.0171064781066239,0.4804103228593025
immune,153,0.002770083102493075,0.002770083102493075,0.016085921174126452,0.5477177719160227
immune,154,0.0,0.0,0.015052023628132303,0.5246277014207044
immune,155,0.00554016620498615,0.002770083102493075,0.01842148143701277,0.47347185586252644
immune,156,0.00554016620498615,0.013850415512465374,0.011390978124252566,0.5004053866444537
immune,157,0.002770083102493075,0.002770083102493075,0.016817749114516778,0.5049093741805112
immune,158,0.00554016620498615,0.0,0.014954827729799213,0.5080077745383867
immune,159,0.0,0.00554016620498615,0.023458277707739558,0.5155262467798911
immune,160,0.002770083102493075,0.0,0.01752003712502156,0.5129267126351674
immune,161,0.0,0.002770083102493075,0.016448023540465415,0.524533913338578
immune,162,0.002770083102493075,0.002770083102493075,0.01409626396119025,0.4867758804201954
immune,163,0.0,0.0,0.013610284469524798,0.4970024835330958
immune,164,0.00554016620498615,0.00554016620498615,0.013758937019916583,0.5273271939161153
immune,165,0.00554016620498615,0.00554016620498615,0.012703122751749287,0.5306542027241736
immune,166,0.002770083102493075,0.002770083102493075,0.01368842234857689,0.5405053449951409
immune,167,0.00554016620498615,0.00554016620498615,0.014458366327529214,0.4540762336680704
immune,168,0.002770083102493075,0.002770083102493075,0.015194958772739789,0.5201419161769016
immune,169,0.0,0.0,0.014546986117185854,0.40937880821262745
immune,170,0.00554016620498615,0.002770083102493075,0.012330538474805775,0.5184867416354297
immune,171,0.0,0.0,0.018243288956735437,0.47335647184043683
immune,172,0.0,0.0,0.01890746092867822,0.46176932450984925
immune,173,0.002770083102493075,0.0,0.012411535056750017,0.5202930877566446
immune,174,0.00554016620498615,0.0,0.014822374495796275,0.5088364416061208
immune,175,0.00554016620498615,0.002770083102493075,0.013137645591356044,0.46416338871149365
immune,176,0.002770083102493075,0.0,0.013105246958578346,0.4623875854196554
immune,177,0.002770083102493075,0.00554016620498615,0.014579384749963547,0.5153633516898822
immune,178,0.0,0.008310249307479225,0.010723947449417634,0.44284973853486975
immune,179,0.00554016620498615,0.00554016620498615,0.01686348836079117,0.531518040322705
immune,180,0.0,0.01662049861495845,0.017576258281900504,0.507352492017215
immune,181,0.0,0.002770083102493075,0.011323322155805025,0.5195017508137041
immune,182,0.002770083102493075,0.008310249307479225,0.01416106122674564,0.5055893377759266
immune,183,0.002770083102493075,0.0,0.016231715021626087,0.4924947938359017
immune,184,0.002770083102493075,0.002770083102493075,0.012978511130359709,0.4509948015487374
immune,185,0.00554016620498615,0.002770083102493075,0.013072848325800648,0.5417412497878971
immune,186,0.0,0.002770083102493075,0.014468848238133762,0.4965662455458374
immune,187,0.00554016620498615,0.0,0.011274724206638479,0.49988214787048607
immune,188,0.0,0.00554016620498615,0.01270026404885714,0.5065281441374736
immune,189,0.002770083102493075,0.002770083102493075,0.01701214091118296,0.5182112391441838
immune,190,0.008310249307479225,0.00554016620498615,0.015340752620239423,0.5175695312138461
immune,191,0.0,0.0,0.013121446274967195,0.5245249664491647
immune,192,0.0,0.0,0.01359408515313595,0.49118577136069846
immune,193,0.0,0.002770083102493075,0.01824043025384329,0.5342638098323229
immune,194,0.002770083102493075,0.002770083102493075,0.013934270797301765,0.5281749888163882
immune,195,0.0,0.002770083102493075,0.014854773128573973,0.5074499822604779
immune,196,0.0,0.002770083102493075,0.014417391586075063,0.5246671911394943
immune,197,0.0,0.0,0.01752766033273396,0.5122504512008885
immune,198,0.0,0.0,0.011614909850804296,0.5397945300569207
immune,199,0.0,0.0,0.01376941893052113,0.5401931294059574
immune,200,0.0,0.0,0.014468848238133762,0.4756792694402024
immune,201,0.00554016620498615,0.0,0.014533645503689154,0.4782056859024789
immune,202,0.002770083102493075,0.008310249307479225,0.013672223032188041,0.4703441467289864
immune,203,0.0,0.0,0.011747363084807231,0.5258620636463203
immune,204,0.0,0.0,0.013999068062857157,0.471399571166335
immune,205,0.00554016620498615,0.002770083102493075,0.016963542962016413,0.45346969626853006
immune,206,0.0110803324099723,0.0110803324099723,0.01801363982439941,0.47263609298594716
immune,207,0.00554016620498615,0.0,0.013448291305636314,0.4993132491091675
immune,208,0.00554016620498615,0.002770083102493075,0.019876561209116975,0.4935628673238003
immune,209,0.0,0.0,0.012522071568579806,0.4883221497215667
immune,210,0.002770083102493075,0.0,0.017268471270512384,0.48301787835315535
immune,211,0.00554016620498615,0.0,0.01640990750190342,0.49978496614065127
immune,212,0.0,0.00554016620498615,0.0166042992985696,0.5087636324371018
immune,213,0.0,0.0,0.013364436020799923,0.5175386798710414
immune,214,0.0,0.0,0.012149487291636294,0.5290968269393925
immune,215,0.002770083102493075,0.00554016620498615,0.013561686520358253,0.4642883366498527
immune,216,0.0,0.0,0.01338063533718877,0.535900165054684
immune,217,0.0,0.002770083102493075,0.012638325486193893,0.5364200101809431
immune,218,0.002770083102493075,0.0,0.01389901346163192,0.4957406636123837
immune,219,0.00554016620498615,0.002770083102493075,0.014717555389750787,0.4766103629660481
immune,220,0.002770083102493075,0.0,0.012006552147028806,0.45694294044148276
immune,221,0.00554016620498615,0.0,0.011099390429253297,0.5023703086676847
immune,222,0.00554016620498615,0.002770083102493075,0.013262475617646582,0.5040881114350503
immune,223,0.0,0.0,0.014854773128573973,0.5299131534700048
immune,224,0.00554016620498615,0.0,0.016539502033014204,0.4888518672775232
immune,225,0.00554016620498615,0.002770083102493075,0.016250773040907086,0.545748839218227
immune,226,0.00554016620498615,0.0,0.013089047642189497,0.4846588612769371
immune,227,0.00554016620498615,0.002770083102493075,0.01118324571408969,0.4790417572924862
immune,228,0.0110803324099723,0.002770083102493075,0.012927054478301014,0.5450318540114458
immune,229,0.0,0.00554016620498615,0.017598175004073652,0.5089024634797229
immune,230,0.00554016620498615,0.0,0.016931144329238715,0.5386012001172351
immune,231,0.00554016620498615,0.002770083102493075,0.016428965521184415,0.44500161969549723
immune,232,0.0,0.002770083102493075,0.014854773128573973,0.5113745815786632
immune,233,0.002770083102493075,0.002770083102493075,0.01116132899191654,0.4751933607910285
immune,234,0.00554016620498615,0.0,0.01247347361941326,0.5439045459453622
immune,235,0.002770083102493075,0.002770083102493075,0.01619931638884839,0.5103268699770157
immune,236,0.002770083102493075,0.00554016620498615,0.014158202523853492,0.506445154025329
immune,237,0.00554016620498615,0.0,0.012427734373138863,0.4688558779520879
immune,238,0.00554016620498615,0.0,0.01338349404008092,0.5364888086753976
immune,239,0.0,0.0,0.017355185258240924,0.5056235827664399
immune,240,0.00554016620498615,0.0,0.016950202348519714,0.5298057907970444
immune,241,0.00554016620498615,0.002770083102493075,0.01396381072718731,0.5545050673330556
immune,242,0.0,0.00554016620498615,0.015411267291579118,0.46741018402825985
immune,243,0.002770083102493075,0.0,0.01483738268598006,0.515420426674071
immune,244,0.00554016620498615,0.0,0.02090950585414707,0.4924263038548753
immune,245,0.0,0.002770083102493075,0.014627982699130094,0.48595276659416603
immune,246,0.0,0.0,0.011196586327586385,0.4807280916901908
immune,247,0.0,0.002770083102493075,0.01046475838719606,0.5042738365187345
immune,248,0.002770083102493075,0.0,0.013691281051469039,0.5123763246795318
immune,249,0.002770083102493075,0.0,0.015068222944521151,0.4811924043994015
immune,250,0.002770083102493075,0.002770083102493075,0.01616691775607069,0.5093683187560738
immune,251,0.002770083102493075,0.0,0.013775136336305432,0.4658565104046154
immune,252,0.00554016620498615,0.002770083102493075,0.011145129675527693,0.5361121137797522
immune,253,0.002770083102493075,0.002770083102493075,0.014711837983966487,0.5036154688632822
immune,254,0.002770083102493075,0.0,0.014517446187300305,0.5311749733907168
immune,255,0.00554016620498615,0.002770083102493075,0.012700264048857138,0.5141465747296652
immune,256,0.0,0.0,0.014239199105797736,0.4551563391796628
immune,257,0.00554016620498615,0.002770083102493075,0.014209659175912187,0.5052737285390346
immune,258,0.002770083102493075,0.002770083102493075,0.01712267742301275,0.515670322550789
immune,259,0.002770083102493075,0.002770083102493075,0.01679869109523578,0.5097758649945239
immune,260,0.00554016620498615,0.002770083102493075,0.01983653936862688,0.4984814969071528
immune,261,0.00554016620498615,0.00554016620498615,0.010726806152309783,0.5017360050596202
immune,262,0.0,0.00554016620498615,0.01871021042911989,0.5027315778919278
immune,263,0.002770083102493075,0.002770083102493075,0.015052023628132303,0.4731229271754054
immune,264,0.008310249307479225,0.0110803324099723,0.017190333391460293,0.4859074151202431
immune,265,0.002770083102493075,0.002770083102493075,0.015211158089128637,0.5469504990204699
immune,266,0.0,0.002770083102493075,0.02161560546850805,0.46448856186465515
immune,267,0.002770083102493075,0.00554016620498615,0.010011177528308305,0.5137998056365403
immune,268,0.002770083102493075,0.002770083102493075,0.015327412006742726,0.5054295278201983
immune,269,0.002770083102493075,0.002770083102493075,0.016426106818292267,0.53178737254539
immune,270,0.002770083102493075,0.00554016620498615,0.01437165233980067,0.5010933715889984
immune,271,0.002770083102493075,0.00554016620498615,0.018648271866456647,0.48959970382710905
immune,272,0.002770083102493075,0.002770083102493075,0.018256629570232136,0.49881376586915943
immune,273,0.0,0.002770083102493075,0.015554202436186604,0.5036780970891759
immune,274,0.002770083102493075,0.002770083102493075,0.01338349404008092,0.5057722862387586
immune,275,0.0,0.002770083102493075,0.012200943943694987,0.4994314097521095
immune,276,0.0,0.0,0.0161021204905153,0.4794326438058216
immune,277,0.0,0.002770083102493075,0.016085921174126452,0.4808885186727752
immune,278,0.002770083102493075,0.002770083102493075,0.014870972444962821,0.4748404214293427
immune,279,0.0,0.002770083102493075,0.016264113654403785,0.5348496768321842
immune,280,0.00554016620498615,0.00554016620498615,0.0130890476421895,0.5031829330371604
immune,281,0.0,0.0110803324099723,0.012119947361750745,0.5221512641337714
immune,282,0.0,0.0,0.01618597577535169,0.47044904129452236
immune,283,0.0,0.0,0.013575027133854951,0.4762876579203109
immune,284,0.002770083102493075,0.0,0.01881312373323728,0.5276387924784426
immune,285,0.002770083102493075,0.0,0.012311480455524777,0.4962737748160489
immune,286,0.002770083102493075,0.002770083102493075,0.008682833584422737,0.5107590972897096
immune,287,0.0110803324099723,0.002770083102493075,0.014128662593967946,0.4891088589630863
immune,288,0.0,0.00554016620498615,0.018321426835787528,0.5533166736082188
immune,289,0.002770083102493075,0.0,0.01450124687091146,0.4828046955743749
immune,290,0.013850415512465374,0.00554016620498615,0.013121446274967195,0.44972557730575224
immune,291,0.002770083102493075,0.002770083102493075,0.012071349412584198,0.47779628858346057
immune,292,0.0,0.0,0.014899321248643307,0.5037595446341803
immune,293,0.008310249307479225,0.002770083102493075,0.014061006625520404,0.5570469094667345
immune,294,0.0,0.008310249307479225,0.0161021204905153,0.4754849059805327
immune,295,0.002770083102493075,0.002770083102493075,0.01811369442562465,0.5080833603282583
immune,296,0.00554016620498615,0.002770083102493075,0.020057612392286456,0.5313613155012572
immune,297,0.0,0.002770083102493075,0.017349467852456626,0.5318441390161507
immune,298,0.00554016620498615,0.0,0.014352594320519673,0.5365134897496413
immune,299,0.002770083102493075,0.002770083102493075,0.019506835635065608,0.5519255865611551
lung,0,0.0016666666666666668,0.0,0.008118908382066277,0.5080430427264406
lung,1,0.0,0.0016666666666666668,0.008723196881091617,0.5026074109077073
lung,2,0.0033333333333333335,0.0016666666666666668,0.007699805068226121,0.4876285619332524
lung,3,0.0016666666666666668,0.0016666666666666668,0.011140350877192982,0.5080058083298361
lung,4,0.0016666666666666668,0.0016666666666666668,0.008216374269005847,0.5344330245848512
lung,5,0.0016666666666666668,0.0016666666666666668,0.007469326912051371,0.5203501024624504
lung,6,0.0016666666666666668,0.0033333333333333335,0.010428849902534112,0.5261554228623679
lung,7,0.0016666666666666668,0.0033333333333333335,0.013013415892672858,0.5096400501903144
lung,8,0.0016666666666666668,0.0,0.006803118908382066,0.5291367119584843
lung,9,0.0,0.0016666666666666668,0.010155945419103312,0.490824878194546
lung,10,0.0016666666666666668,0.0,0.00982456140350877,0.49402438091767265
lung,11,0.0016666666666666668,0.0016666666666666668,0.00827485380116959,0.4988338139776627
lung,12,0.0033333333333333335,0.0016666666666666668,0.008576998050682261,0.5282542980649443
lung,13,0.0016666666666666668,0.0,0.00885162252035317,0.4849854508513045
lung,14,0.005,0.0016666666666666668,0.008148148148148147,0.5065791585569246
lung,15,0.0033333333333333335,0.0016666666666666668,0.009269005847953217,0.4891758841959518
lung,16,0.0,0.0016666666666666668,0.008830409356725145,0.48511167014502415
lung,17,0.0016666666666666668,0.005,0.009701295722967549,0.5017867199600442
lung,18,0.0016666666666666668,0.0016666666666666668,0.008167641325536061,0.5256855967676531
lung,19,0.0016666666666666668,0.0016666666666666668,0.010048732943469786,0.5064098040113542
lung,20,0.0033333333333333335,0.0016666666666666668,0.008157894736842107,0.4930710387440714
lung,21,0.0016666666666666668,0.0,0.011298016282536405,0.5213757891213722
lung,22,0.0016666666666666668,0.0033333333333333335,0.008840155945419103,0.4928052052152231
lung,23,0.005,0.0033333333333333335,0.010497076023391812,0.48133618494130065
lung,24,0.0033333333333333335,0.0,0.01000171998624011,0.4951877345294918
lung,25,0.0016666666666666668,0.0,0.009228872835683981,0.5039854376333888
lung,26,0.0,0.0,0.008118908382066277,0.5042689147194238
lung,27,0.0016666666666666668,0.0,0.01131578947368421,0.510866483944717
lung,28,0.0016666666666666668,0.0016666666666666668,0.009027061116844398,0.5095010260407102
lung,29,0.0033333333333333335,0.0,0.01162940029813095,0.49867773635639656
lung,30,0.0016666666666666668,0.0,0.0095224171539961,0.47091073091769625
lung,31,0.0016666666666666668,0.0033333333333333335,0.009610136452241715,0.5048042993159256
lung,32,0.0,0.0033333333333333335,0.007241715399610137,0.496247233088975
lung,33,0.0,0.0016666666666666668,0.008576998050682261,0.4865971514447418
lung,34,0.0,0.0,0.008674463937621833,0.5026565650319095
lung,35,0.005,0.0016666666666666668,0.008849902534113059,0.48370266392929934
lung,36,0.0016666666666666668,0.0033333333333333335,0.007241715399610135,0.48389037013468583
lung,37,0.0016666666666666668,0.0016666666666666668,0.008372319688109161,0.5107821607232466
lung,38,0.0,0.0,0.009210526315789473,0.4631993752646534
lung,39,0.0,0.0016666666666666668,0.00760233918128655,0.49523051573002774
lung,40,0.0016666666666666668,0.0016666666666666668,0.007680311890838206,0.49266305361233836
lung,41,0.0,0.0,0.0084812521499828,0.5036754657072977
lung,42,0.0016666666666666668,0.0016666666666666668,0.010497076023391812,0.5279223749573368
lung,43,0.006666666666666667,0.0033333333333333335,0.008304093567251461,0.49385756373985823
lung,44,0.0016666666666666668,0.0,0.008149868134388259,0.4787457094881503
lung,45,0.0,0.0016666666666666668,0.008654970760233919,0.5125029091216364
lung,46,0.0016666666666666668,0.0033333333333333335,0.008732943469785575,0.534804955491029
lung,47,0.0016666666666666668,0.005,0.006968810916179337,0.5108791117749443
lung,48,0.005,0.0016666666666666668,0.010253411306042884,0.5115405386395082
lung,49,0.0,0.0016666666666666668,0.00817738791423002,0.508984819223759
lung,50,0.0016666666666666668,0.0016666666666666668,0.007875243664717348,0.47983123081927004
lung,51,0.0016666666666666668,0.0,0.009902534113060428,0.4851405843357314
lung,52,0.0016666666666666668,0.0016666666666666668,0.00894908840729274,0.4853343684220216
lung,53,0.0033333333333333335,0.0,0.00797442953789703,0.5225934896100101
lung,54,0.0033333333333333335,0.0,0.007184955853686503,0.4810200171172009
lung,55,0.0033333333333333335,0.0016666666666666668,0.006627680311890837,0.4995663461479453
lung,56,0.0016666666666666668,0.0,0.008635477582846003,0.48596540588206694
lung,57,0.0016666666666666668,0.0016666666666666668,0.00804093567251462,0.5030949985767137
lung,58,0.0,0.0016666666666666668,0.011033138401559454,0.49282804152502646
lung,59,0.0016666666666666668,0.0016666666666666668,0.008645224171539961,0.48058429796581
lung,60,0.0,0.0016666666666666668,0.007504873294346979,0.48605220746274086
lung,61,0.0016666666666666668,0.0016666666666666668,0.008372319688109161,0.5034277478040559
lung,62,0.0033333333333333335,0.0,0.009269005847953217,0.5076510489124252
lung,63,0.005,0.006666666666666667,0.009551656920077973,0.5090729189925871
lung,64,0.0016666666666666668,0.0016666666666666668,0.008528265107212475,0.5002980521984934
lung,65,0.0016666666666666668,0.0016666666666666668,0.00749512670565302,0.4962908404092456
lung,66,0.0016666666666666668,0.0033333333333333335,0.010048732943469784,0.4811435810260596
lung,67,0.005,0.005,0.008421052631578947,0.5231202589578523
lung,68,0.0033333333333333335,0.0016666666666666668,0.010380116959064326,0.48362571677688676
lung,69,0.0,0.0,0.008927875243664717,0.4794354014493444
lung,70,0.0016666666666666668,0.0016666666666666668,0.0076608187134502926,0.500969097457109
lung,71,0.005,0.0033333333333333335,0.008654970760233919,0.508554056790775
lung,72,0.0016666666666666668,0.0,0.008040935672514621,0.4921898640301331
lung,73,0.006666666666666667,0.0016666666666666668,0.009610136452241715,0.5232808802376581
lung,74,0.0,0.0033333333333333335,0.009103313840155945,0.5061918854271062
lung,75,0.0033333333333333335,0.0016666666666666668,0.00891812865497076,0.49687827054902034
lung,76,0.0,0.0,0.009200779727095517,0.5072824224851853
lung,77,0.0016666666666666668,0.0033333333333333335,0.008323586744639375,0.4976300985159585
lung,78,0.0016666666666666668,0.0016666666666666668,0.009990253411306042,0.49419161115535437
lung,79,0.0033333333333333335,0.0,0.008391812865497077,0.49338974393592716
lung,80,0.0,0.0033333333333333335,0.007992202729044834,0.484471486359347
lung,81,0.0033333333333333335,0.0033333333333333335,0.00915204678362573,0.5055321108020112
lung,82,0.0033333333333333335,0.0033333333333333335,0.006570920765967206,0.4953874194710285
lung,83,0.0033333333333333335,0.0033333333333333335,0.009816534801054926,0.5147464732948535
lung,84,0.0016666666666666668,0.0,0.010750487329434698,0.4859242769209998
lung,85,0.0016666666666666668,0.0033333333333333335,0.008763903222107556,0.49694825469224213
lung,86,0.0033333333333333335,0.005,0.009758055268891182,0.5040010158912392
lung,87,0.0033333333333333335,0.0,0.008966861598440547,0.5191611391388622
lung,88,0.0,0.0016666666666666668,0.00726120857699805,0.4657797012467799
lung,89,0.005,0.0,0.009463937621832359,0.4964333460634451
lung,90,0.0,0.0016666666666666668,0.007670565302144249,0.4791114444963195
lung,91,0.0016666666666666668,0.0016666666666666668,0.008693957115009747,0.5042532184444686
lung,92,0.0016666666666666668,0.0,0.009532163742690059,0.5083075190585823
lung,93,0.0016666666666666668,0.0016666666666666668,0.009463937621832359,0.4956110028763129
lung,94,0.0016666666666666668,0.0,0.011346749226006191,0.5110534230389215
lung,95,0.005,0.0033333333333333335,0.011140350877192982,0.5150092383789737
lung,96,0.0033333333333333335,0.0,0.008508771929824561,0.4761657375573386
lung,97,0.0016666666666666668,0.0,0.01158869395711501,0.5054707419074491
lung,98,0.0016666666666666668,0.0016666666666666668,0.009083820662768033,0.5168625789947492
lung,99,0.0,0.0016666666666666668,0.008411306042884991,0.5001962034369414
lung,100,0.0,0.0,0.009680082559339524,0.48802622056830425
lung,101,0.0016666666666666668,0.0,0.009639376218323585,0.5016071569348975
lung,102,0.0033333333333333335,0.0016666666666666668,0.008762183235867447,0.5115705149841598
lung,103,0.0016666666666666668,0.0033333333333333335,0.009532163742690059,0.49845031739520196
lung,104,0.0,0.0,0.009122807017543859,0.486436530164936
lung,105,0.0016666666666666668,0.0016666666666666668,0.01024538470358904,0.496686905813381
lung,106,0.0,0.0016666666666666668,0.008635477582846003,0.5053291213815365
lung,107,0.0016666666666666668,0.006666666666666667,0.009103313840155945,0.4837680454054289
lung,108,0.0033333333333333335,0.0,0.008216374269005847,0.5021202953071207
lung,109,0.0016666666666666668,0.0,0.009083820662768033,0.5033690933029069
lung,110,0.0016666666666666668,0.0,0.007280701754385965,0.49638354284516584
lung,111,0.0,0.0016666666666666668,0.011775599128540305,0.5126912644211001
lung,112,0.0,0.0016666666666666668,0.009912280701754385,0.48120300263839033
lung,113,0.0,0.0016666666666666668,0.007222222222222224,0.5143782599274809
lung,114,0.0016666666666666668,0.0,0.00760233918128655,0.512692503600702
lung,115,0.0016666666666666668,0.0,0.006364522417153996,0.4975330884557084
lung,116,0.0016666666666666668,0.0033333333333333335,0.009256822612085769,0.48843308453754053
lung,117,0.005,0.0,0.010225891526201123,0.5251427180849884
lung,118,0.0033333333333333335,0.0016666666666666668,0.008216374269005847,0.4848597036260047
lung,119,0.0,0.0,0.0076608187134502926,0.4853570867147201
lung,120,0.0033333333333333335,0.0,0.007984176126590985,0.5034765478769431
lung,121,0.0016666666666666668,0.0016666666666666668,0.0102046783625731,0.505247453544927
lung,122,0.0,0.0,0.008362573099415205,0.5017742101469218
lung,123,0.0,0.005,0.00810916179337232,0.5095075169814812
lung,124,0.0,0.0016666666666666668,0.009592363261093912,0.5112427224752247
lung,125,0.0033333333333333335,0.005,0.010116959064327486,0.49681076476500197
lung,126,0.0,0.0,0.00915548675610595,0.507966980702315
lung,127,0.0033333333333333335,0.0,0.010060199518403853,0.5221794265973734
lung,128,0.0016666666666666668,0.0016666666666666668,0.005781447081756679,0.5007076895696955
lung,129,0.0016666666666666668,0.0,0.0097270955165692,0.4905080612763692
lung,130,0.0016666666666666668,0.0033333333333333335,0.009249512670565301,0.48208990118191775
lung,131,0.0016666666666666668,0.0,0.007992202729044834,0.4860006339878877
lung,132,0.0033333333333333335,0.0,0.009473684210526316,0.49181822816671755
lung,133,0.0,0.0,0.007436647173489279,0.48066838515307053
lung,134,0.0016666666666666668,0.0033333333333333335,0.009064327485380117,0.5031571345824579
lung,135,0.0,0.0016666666666666668,0.005730994152046784,0.49968973303114655
lung,136,0.0016666666666666668,0.0016666666666666668,0.007933723196881091,0.5063979432923091
lung,137,0.0033333333333333335,0.006666666666666667,0.0076608187134502926,0.5037849265721177
lung,138,0.0016666666666666668,0.006666666666666667,0.0059844054580896686,0.4856732545388199
lung,139,0.0016666666666666668,0.0016666666666666668,0.007163742690058479,0.4911775133040682
lung,140,0.0033333333333333335,0.0016666666666666668,0.010896686159844056,0.4834704652753551
lung,141,0.0016666666666666668,0.0016666666666666668,0.009633069602109851,0.5053645265130147
lung,142,0.0,0.0,0.010030959752321982,0.5101900689078271
lung,143,0.0033333333333333335,0.0016666666666666668,0.008763903222107556,0.4851225277186774
lung,144,0.0016666666666666668,0.0016666666666666668,0.007613805756220617,0.49636896773270733
lung,145,0.0016666666666666668,0.0,0.010108932461873638,0.49817226909599366
lung,146,0.0,0.0016666666666666668,0.010087719298245614,0.4930430096816512
lung,147,0.0016666666666666668,0.0016666666666666668,0.007867217062263501,0.4927768811100406
lung,148,0.0016666666666666668,0.0033333333333333335,0.0094541910331384,0.519381713107971
lung,149,0.0,0.0,0.007397660818713451,0.5168591564987063
lung,150,0.0033333333333333335,0.0016666666666666668,0.008937621832358673,0.4826569733710925
lung,151,0.0,0.0016666666666666668,0.008237587432633873,0.510035761543135
lung,152,0.0033333333333333335,0.0016666666666666668,0.008021442495126705,0.4813528253530953
lung,153,0.0016666666666666668,0.0016666666666666668,0.008693957115009745,0.5081368073163052
lung,154,0.0016666666666666668,0.0016666666666666668,0.007212475633528264,0.4980589136667112
lung,155,0.0016666666666666668,0.0016666666666666668,0.010555555555555556,0.5061601978344333
lung,156,0.0,0.0,0.009376218323586745,0.5106811970899814
lung,157,0.0033333333333333335,0.005,0.008001949317738791,0.4961837398865242
lung,158,0.0016666666666666668,0.0,0.007495126705653022,0.4976335210120014
lung,159,0.005,0.0033333333333333335,0.009064327485380117,0.47665462341449916
lung,160,0.0016666666666666668,0.0,0.006413255360623781,0.4909974192019494
lung,161,0.0016666666666666668,0.0016666666666666668,0.008393532851737186,0.4974931986742431
lung,162,0.0016666666666666668,0.0016666666666666668,0.009660589381951612,0.4806996596858762
lung,163,0.0016666666666666668,0.005,0.008235867446393763,0.5230563526955343
lung,164,0.0033333333333333335,0.0016666666666666668,0.010391583533998393,0.47232156639854755
lung,165,0.0016666666666666668,0.0,0.00726120857699805,0.5126105997298824
lung,166,0.0016666666666666668,0.0033333333333333335,0.009038527691778465,0.504156031358561
lung,167,0.005,0.0033333333333333335,0.007592592592592593,0.4747262829285425
lung,168,0.0033333333333333335,0.0,0.011530214424951266,0.5138224583718266
lung,169,0.0016666666666666668,0.0016666666666666668,0.010272904483430798,0.48293395951635654
lung,170,0.0,0.0016666666666666668,0.008557504873294347,0.48798467854736993
lung,171,0.0033333333333333335,0.0,0.007407407407407408,0.4826589796618762
lung,172,0.005,0.0016666666666666668,0.00804093567251462,0.4799855971925147
lung,173,0.0016666666666666668,0.0016666666666666668,0.009619883040935672,0.4877908354525271
lung,174,0.0,0.0,0.007319688109161793,0.47598534841245754
lung,175,0.0033333333333333335,0.0,0.008490998738676757,0.4843724700083131
lung,176,0.0033333333333333335,0.0016666666666666668,0.008557504873294345,0.5037550682445711
lung,177,0.0016666666666666668,0.0033333333333333335,0.008403279440431143,0.4822753650623107
lung,178,0.0,0.0016666666666666668,0.009883040935672514,0.5104080465006277
lung,179,0.0,0.0033333333333333335,0.009444444444444443,0.5028590823839644
lung,180,0.0,0.0,0.007729044834307992,0.5092423325467099
lung,181,0.005,0.0,0.008200321064098154,0.49736479606408235
lung,182,0.0016666666666666668,0.0016666666666666668,0.012543859649122807,0.48409430369199996
lung,183,0.0,0.006666666666666667,0.008401559454191031,0.5213773233437361
lung,184,0.0033333333333333335,0.0,0.008401559454191031,0.5210923710438895
lung,185,0.0016666666666666668,0.0,0.009592363261093912,0.48746917983304827
lung,186,0.0016666666666666668,0.005,0.009074074074074073,0.5111479547399682
lung,187,0.0016666666666666668,0.0,0.008304093567251461,0.48770550908566485
lung,188,0.0,0.0,0.007485380116959064,0.5338023411761208
lung,189,0.0016666666666666668,0.006666666666666667,0.008898635477582845,0.46880194227830607
lung,190,0.0033333333333333335,0.006666666666666667,0.009541910331384015,0.5048251883434978
lung,191,0.0016666666666666668,0.0,0.00993521385162252,0.5105275388193663
lung,192,0.005,0.0016666666666666668,0.007790964338951956,0.5080877122006555
lung,193,0.0033333333333333335,0.0016666666666666668,0.010459809654856095,0.4909172265791515
lung,194,0.0,0.0,0.008490998738676757,0.5155622665326622
lung,195,0.0033333333333333335,0.0016666666666666668,0.008723196881091617,0.4997686864743428
lung,196,0.0016666666666666668,0.0,0.00804093567251462,0.4966266580813157
lung,197,0.0,0.0016666666666666668,0.00935672514619883,0.47598021466839313
lung,198,0.0,0.0016666666666666668,0.008021442495126705,0.48027845663839136
lung,199,0.0,0.0016666666666666668,0.00820662768031189,0.5122986215130076
lung,200,0.0016666666666666668,0.0016666666666666668,0.009424951267056529,0.5072320881899339
lung,201,0.0016666666666666668,0.0016666666666666668,0.008071895424836602,0.49380410199132624
lung,202,0.005,0.0016666666666666668,0.007826510721247562,0.5191816741151196
lung,203,0.0016666666666666668,0.0016666666666666668,0.008187134502923975,0.5130925225778523
lung,204,0.0,0.0,0.007485380116959064,0.5172656664166277
lung,205,0.0016666666666666668,0.0,0.006491228070175438,0.49971392653765667
lung,206,0.006666666666666667,0.0,0.008927875243664717,0.502900270353584
lung,207,0.0,0.0033333333333333335,0.008791423001949315,0.5145224768297019
lung,208,0.0016666666666666668,0.0016666666666666668,0.009122807017543859,0.49587294184069863
lung,209,0.0,0.0016666666666666668,0.008305813553491572,0.5009700415939484
lung,210,0.0,0.0,0.010594541910331384,0.5012276139254519
lung,211,0.0016666666666666668,0.0,0.008557504873294347,0.45821061521372664
lung,212,0.0033333333333333335,0.0016666666666666668,0.008957115009746589,0.5212106241830265
lung,213,0.0,0.0,0.011306042884990253,0.498864144373629
lung,214,0.0016666666666666668,0.006666666666666667,0.009005847953216375,0.48469843325212186
lung,215,0.0016666666666666668,0.0033333333333333335,0.008840155945419103,0.5078075395935585
lung,216,0.0033333333333333335,0.005,0.01161793372319688,0.5190776420371264
lung,217,0.0,0.0033333333333333335,0.008625730994152047,0.49208766121726616
lung,218,0.0,0.0016666666666666668,0.009434697855750487,0.5123915599831377
lung,219,0.0033333333333333335,0.0,0.00810916179337232,0.49322782446796704
lung,220,0.0,0.0,0.007231968810916178,0.4737086804413085
lung,221,0.0033333333333333335,0.0,0.009103313840155945,0.5254343973598158
lung,222,0.0033333333333333335,0.0,0.008615984405458089,0.5137920099587554
lung,223,0.0033333333333333335,0.0,0.007680311890838206,0.48716847224969395
lung,224,0.005,0.0,0.007243435385850246,0.49112641189763484
lung,225,0.0033333333333333335,0.005,0.009551656920077973,0.49781880786673693
lung,226,0.0033333333333333335,0.0016666666666666668,0.010555555555555554,0.48875137666952895
lung,227,0.0016666666666666668,0.0,0.008081642013530557,0.5081294312472473
lung,228,0.0,0.0016666666666666668,0.008793142988189428,0.5019628604891478
lung,229,0.0,0.0016666666666666668,0.009641096204563696,0.4848470167872251
lung,230,0.0,0.0016666666666666668,0.008801169590643273,0.4963232951131005
lung,231,0.0016666666666666668,0.0,0.007699805068226121,0.5099690818788513
lung,232,0.0,0.0016666666666666668,0.012309941520467835,0.49831855129755087
lung,233,0.0016666666666666668,0.0033333333333333335,0.007670565302144249,0.5026208058491165
lung,234,0.0,0.0016666666666666668,0.007115009746588695,0.5105451233680004
lung,235,0.0033333333333333335,0.0016666666666666668,0.008450292397660819,0.5078935740630505
lung,236,0.0,0.0016666666666666668,0.008382066276803117,0.5052786100606277
lung,237,0.0016666666666666668,0.0016666666666666668,0.011629400298130947,0.4993775187800619
lung,238,0.0016666666666666668,0.005,0.009181286549707603,0.4910987958950819
lung,239,0.0,0.0,0.008237587432633873,0.501520532379881
lung,240,0.0,0.0,0.007641325536062378,0.4906002326353172
lung,241,0.0,0.0,0.009337231968810915,0.4879490963902344
lung,242,0.0,0.0016666666666666668,0.0076608187134502926,0.5064097450028018
lung,243,0.0,0.0016666666666666668,0.009105033826396056,0.49527129063978015
lung,244,0.005,0.005,0.009853801169590642,0.5060720390570529
lung,245,0.0016666666666666668,0.0,0.008518518518518517,0.4824636023446694
lung,246,0.0,0.0033333333333333335,0.006198830409356725,0.5088918217450764
lung,247,0.0016666666666666668,0.0,0.011062378167641324,0.48609274633828337
lung,248,0.0033333333333333335,0.0,0.007573099415204678,0.5086114131037696
lung,249,0.0,0.0,0.008196881091617933,0.519898155959132
lung,250,0.0033333333333333335,0.0016666666666666668,0.0077680311890838205,0.5176878726095044
lung,251,0.0033333333333333335,0.0033333333333333335,0.010732714138286893,0.4781046405741862
lung,252,0.0033333333333333335,0.006666666666666667,0.009005847953216375,0.49480252669900965
lung,253,0.0,0.0,0.010194931773879142,0.5263822517380379
lung,254,0.0,0.0016666666666666668,0.006345029239766081,0.4964142272924469
lung,255,0.0016666666666666668,0.0,0.008294346978557503,0.49107094385831906
lung,256,0.0016666666666666668,0.0016666666666666668,0.008500745327370714,0.4953276438073828
lung,257,0.0016666666666666668,0.0,0.007894736842105262,0.4792490524406645
lung,258,0.0,0.005,0.009036807705538354,0.5092085206461483
lung,259,0.0,0.0,0.009075794060314184,0.48575085078530944
lung,260,0.0033333333333333335,0.0,0.009670335970645568,0.5031329410759479
lung,261,0.0033333333333333335,0.005,0.008325306730879485,0.5114675450601108
lung,262,0.0033333333333333335,0.0,0.008957115009746589,0.5215344041103942
lung,263,0.0,0.0033333333333333335,0.01002923976608187,0.5176914721312048
lung,264,0.0033333333333333335,0.0,0.00804093567251462,0.5115572970684079
lung,265,0.0016666666666666668,0.0016666666666666668,0.010011466574934067,0.4963810054774098
lung,266,0.0,0.0033333333333333335,0.009931773879142299,0.5076535272716286
lung,267,0.0016666666666666668,0.0,0.00831384015594542,0.501712487201045
lung,268,0.0,0.0,0.007670565302144249,0.4921723974986039
lung,269,0.0033333333333333335,0.0,0.007417153996101365,0.4979659161880286
lung,270,0.0033333333333333335,0.0,0.007495126705653022,0.49288563387223094
lung,271,0.0033333333333333335,0.0,0.009561403508771929,0.5113429780058603
lung,272,0.0016666666666666668,0.005,0.0096588693957115,0.48868487403090255
lung,273,0.0016666666666666668,0.0016666666666666668,0.009114780415090012,0.5129500759322053
lung,274,0.0,0.0,0.008791423001949317,0.4917445264846906
lung,275,0.0016666666666666668,0.0,0.009259259259259259,0.5157410624466268
lung,276,0.0016666666666666668,0.0,0.010068226120857698,0.4895375476140009
lung,277,0.0033333333333333335,0.0033333333333333335,0.008294346978557505,0.48648432709243145
lung,278,0.0,0.0,0.009707602339181286,0.49655112713416233
lung,279,0.0033333333333333335,0.0016666666666666668,0.007573099415204678,0.5148197619170132
lung,280,0.005,0.0,0.00760233918128655,0.5207514196277552
lung,281,0.0033333333333333335,0.0016666666666666668,0.009639376218323585,0.49937303413007467
lung,282,0.0,0.0,0.010341130604288498,0.51393846918597
lung,283,0.0016666666666666668,0.005,0.00820662768031189,0.5187051210454239
lung,284,0.0,0.0,0.010087719298245614,0.5009197072986971
lung,285,0.0,0.005,0.008645224171539961,0.5071317736507458
lung,286,0.0,0.0016666666666666668,0.00847953216374269,0.49698212560135613
lung,287,0.0016666666666666668,0.0033333333333333335,0.005974658869395711,0.5021208263840928
lung,288,0.0,0.0,0.00820591101937851,0.49542825338933316
lung,289,0.0,0.0033333333333333335,0.00864694415778007,0.4843321671669805
lung,290,0.0,0.0016666666666666668,0.008976608187134503,0.5191416663165492
lung,291,0.0016666666666666668,0.0,0.007251461988304092,0.5151529832127748
lung,292,0.0016666666666666668,0.0016666666666666668,0.009025341130604287,0.4871419774096379
lung,293,0.0016666666666666668,0.0033333333333333335,0.007682031877078315,0.491246612319003
lung,294,0.0033333333333333335,0.0,0.006968810916179337,0.500302949908348
lung,295,0.0,0.0,0.008840155945419103,0.49236588654213187
lung,296,0.005,0.0,0.008021442495126705,0.4948578767212204
lung,297,0.0,0.0,0.008742690058479531,0.532606827903209
lung,298,0.005,0.0,0.009377938309826854,0.4925331757883661
lung,299,0.0,0.0016666666666666668,0.009171539961013645,0.47202493040531324
