hypothesis_id,null_kind,domain,seed_tag,split_regime,layer,perm_idx,null_value
H105,string_degree_conditioned_label_permutation,external_lung,seed42_main,source_disjoint,7,0,0.08606785317018906
H105,string_degree_conditioned_label_permutation,external_lung,seed42_main,source_disjoint,7,1,0.11881256952169061
H105,string_degree_conditioned_label_permutation,external_lung,seed42_main,source_disjoint,7,2,0.1495063959955507
H105,string_degree_conditioned_label_permutation,external_lung,seed42_main,source_disjoint,7,3,0.1446051167964404
H105,string_degree_conditioned_label_permutation,external_lung,seed42_main,source_disjoint,7,4,0.08860539488320363
H105,string_degree_conditioned_label_permutation,external_lung,seed42_main,source_disjoint,7,5,0.1337597330367074
H105,string_degree_conditioned_label_permutation,external_lung,seed42_main,source_disjoint,7,6,0.12837180200222487
H105,string_degree_conditioned_label_permutation,external_lung,seed42_main,source_disjoint,7,7,0.1250347608453839
H105,string_degree_conditioned_label_permutation,external_lung,seed42_main,source_disjoint,7,8,0.09267241379310343
H105,string_degree_conditioned_label_permutation,external_lung,seed42_main,source_disjoint,7,9,0.09079532814238034
H105,string_degree_conditioned_label_permutation,external_lung,seed42_main,source_disjoint,7,10,0.08245272525027814
H105,string_degree_conditioned_label_permutation,external_lung,seed42_main,source_disjoint,7,11,0.10223164627363723
H105,string_degree_conditioned_label_permutation,external_lung,seed42_main,source_disjoint,7,12,0.13195216907675178
H105,string_degree_conditioned_label_permutation,external_lung,seed42_main,source_disjoint,7,13,0.09635706340378203
H105,string_degree_conditioned_label_permutation,external_lung,seed42_main,source_disjoint,7,14,0.07167686318131261
H105,string_degree_conditioned_label_permutation,external_lung,seed42_main,source_disjoint,7,15,0.13327308120133463
H105,string_degree_conditioned_label_permutation,external_lung,seed42_main,source_disjoint,7,16,0.13209121245828692
H105,string_degree_conditioned_label_permutation,external_lung,seed42_main,source_disjoint,7,17,0.10855812013348165
H105,string_degree_conditioned_label_permutation,external_lung,seed42_main,source_disjoint,7,18,0.07146829810901001
H105,string_degree_conditioned_label_permutation,external_lung,seed42_main,source_disjoint,7,19,0.08307842046718583
H105,string_degree_conditioned_label_permutation,external_lung,seed42_main,source_disjoint,11,0,0.06329949944382651
H105,string_degree_conditioned_label_permutation,external_lung,seed42_main,source_disjoint,11,1,0.07946329254727469
H105,string_degree_conditioned_label_permutation,external_lung,seed42_main,source_disjoint,11,2,0.06597608453837578
H105,string_degree_conditioned_label_permutation,external_lung,seed42_main,source_disjoint,11,3,0.08676307007786432
H105,string_degree_conditioned_label_permutation,external_lung,seed42_main,source_disjoint,11,4,0.04657953281423821
H105,string_degree_conditioned_label_permutation,external_lung,seed42_main,source_disjoint,11,5,0.07529199110122364
H105,string_degree_conditioned_label_permutation,external_lung,seed42_main,source_disjoint,11,6,0.04783092324805349
H105,string_degree_conditioned_label_permutation,external_lung,seed42_main,source_disjoint,11,7,0.06159621802002202
H105,string_degree_conditioned_label_permutation,external_lung,seed42_main,source_disjoint,11,8,0.09656562847608452
H105,string_degree_conditioned_label_permutation,external_lung,seed42_main,source_disjoint,11,9,0.058154894327029805
H105,string_degree_conditioned_label_permutation,external_lung,seed42_main,source_disjoint,11,10,0.06945216907675189
H105,string_degree_conditioned_label_permutation,external_lung,seed42_main,source_disjoint,11,11,0.06729699666295896
H105,string_degree_conditioned_label_permutation,external_lung,seed42_main,source_disjoint,11,12,0.04991657397107896
H105,string_degree_conditioned_label_permutation,external_lung,seed42_main,source_disjoint,11,13,0.061804783092324844
H105,string_degree_conditioned_label_permutation,external_lung,seed42_main,source_disjoint,11,14,0.07626529477196875
H105,string_degree_conditioned_label_permutation,external_lung,seed42_main,source_disjoint,11,15,0.06986929922135698
H105,string_degree_conditioned_label_permutation,external_lung,seed42_main,source_disjoint,11,16,0.058398220244716414
H105,string_degree_conditioned_label_permutation,external_lung,seed42_main,source_disjoint,11,17,0.06569799777530594
H105,string_degree_conditioned_label_permutation,external_lung,seed42_main,source_disjoint,11,18,0.05739015572858719
H105,string_degree_conditioned_label_permutation,external_lung,seed42_main,source_disjoint,11,19,0.03413515016685187
H105,string_degree_conditioned_label_permutation,external_lung,seed42_main,target_disjoint,7,0,0.11476895197825421
H105,string_degree_conditioned_label_permutation,external_lung,seed42_main,target_disjoint,7,1,0.06100875868317723
H105,string_degree_conditioned_label_permutation,external_lung,seed42_main,target_disjoint,7,2,0.110087586831773
H105,string_degree_conditioned_label_permutation,external_lung,seed42_main,target_disjoint,7,3,0.10974781032920566
H105,string_degree_conditioned_label_permutation,external_lung,seed42_main,target_disjoint,7,4,0.12477348233162167
H105,string_degree_conditioned_label_permutation,external_lung,seed42_main,target_disjoint,7,5,0.12745394140742983
H105,string_degree_conditioned_label_permutation,external_lung,seed42_main,target_disjoint,7,6,0.0695409241920868
H105,string_degree_conditioned_label_permutation,external_lung,seed42_main,target_disjoint,7,7,0.07293868921775915
H105,string_degree_conditioned_label_permutation,external_lung,seed42_main,target_disjoint,7,8,0.08660525520990647
H105,string_degree_conditioned_label_permutation,external_lung,seed42_main,target_disjoint,7,9,0.08011174871639992
H105,string_degree_conditioned_label_permutation,external_lung,seed42_main,target_disjoint,7,10,0.1280579885231049
H105,string_degree_conditioned_label_permutation,external_lung,seed42_main,target_disjoint,7,11,0.07082452431289643
H105,string_degree_conditioned_label_permutation,external_lung,seed42_main,target_disjoint,7,12,0.1127302929628512
H105,string_degree_conditioned_label_permutation,external_lung,seed42_main,target_disjoint,7,13,0.13077620054364247
H105,string_degree_conditioned_label_permutation,external_lung,seed42_main,target_disjoint,7,14,0.10721836303231647
H105,string_degree_conditioned_label_permutation,external_lung,seed42_main,target_disjoint,7,15,0.1428571428571428
H105,string_degree_conditioned_label_permutation,external_lung,seed42_main,target_disjoint,7,16,0.13149350649350644
H105,string_degree_conditioned_label_permutation,external_lung,seed42_main,target_disjoint,7,17,0.07135306553911192
H105,string_degree_conditioned_label_permutation,external_lung,seed42_main,target_disjoint,7,18,0.13360767139836915
H105,string_degree_conditioned_label_permutation,external_lung,seed42_main,target_disjoint,7,19,0.1298701298701299
H105,string_degree_conditioned_label_permutation,external_lung,seed42_main,target_disjoint,11,0,0.12941709453337358
H105,string_degree_conditioned_label_permutation,external_lung,seed42_main,target_disjoint,11,1,0.1325883418906676
H105,string_degree_conditioned_label_permutation,external_lung,seed42_main,target_disjoint,11,2,0.09762911507097549
H105,string_degree_conditioned_label_permutation,external_lung,seed42_main,target_disjoint,11,3,0.09830866807610994
H105,string_degree_conditioned_label_permutation,external_lung,seed42_main,target_disjoint,11,4,0.11744941105406226
H105,string_degree_conditioned_label_permutation,external_lung,seed42_main,target_disjoint,11,5,0.1320598006644519
H105,string_degree_conditioned_label_permutation,external_lung,seed42_main,target_disjoint,11,6,0.16920869827846552
H105,string_degree_conditioned_label_permutation,external_lung,seed42_main,target_disjoint,11,7,0.09189066747206276
H105,string_degree_conditioned_label_permutation,external_lung,seed42_main,target_disjoint,11,8,0.10835095137420714
H105,string_degree_conditioned_label_permutation,external_lung,seed42_main,target_disjoint,11,9,0.0847176079734221
H105,string_degree_conditioned_label_permutation,external_lung,seed42_main,target_disjoint,11,10,0.12677438840229538
H105,string_degree_conditioned_label_permutation,external_lung,seed42_main,target_disjoint,11,11,0.10366958622772571
H105,string_degree_conditioned_label_permutation,external_lung,seed42_main,target_disjoint,11,12,0.09015403201449712
H105,string_degree_conditioned_label_permutation,external_lung,seed42_main,target_disjoint,11,13,0.09513742071881626
H105,string_degree_conditioned_label_permutation,external_lung,seed42_main,target_disjoint,11,14,0.09038054968287534
H105,string_degree_conditioned_label_permutation,external_lung,seed42_main,target_disjoint,11,15,0.0952129266082754
H105,string_degree_conditioned_label_permutation,external_lung,seed42_main,target_disjoint,11,16,0.09166414980368465
H105,string_degree_conditioned_label_permutation,external_lung,seed42_main,target_disjoint,11,17,0.08645424343098751
H105,string_degree_conditioned_label_permutation,external_lung,seed42_main,target_disjoint,11,18,0.09302325581395354
H105,string_degree_conditioned_label_permutation,external_lung,seed42_main,target_disjoint,11,19,0.11424041075203861
H105,string_degree_conditioned_label_permutation,immune,seed42_main,source_disjoint,7,0,0.14402097574679273
H105,string_degree_conditioned_label_permutation,immune,seed42_main,source_disjoint,7,1,0.16312388800449484
H105,string_degree_conditioned_label_permutation,immune,seed42_main,source_disjoint,7,2,0.1378874426444423
H105,string_degree_conditioned_label_permutation,immune,seed42_main,source_disjoint,7,3,0.14711115272965636
H105,string_degree_conditioned_label_permutation,immune,seed42_main,source_disjoint,7,4,0.1330648937166401
H105,string_degree_conditioned_label_permutation,immune,seed42_main,source_disjoint,7,5,0.12496488435246733
H105,string_degree_conditioned_label_permutation,immune,seed42_main,source_disjoint,7,6,0.1406966944470457
H105,string_degree_conditioned_label_permutation,immune,seed42_main,source_disjoint,7,7,0.14172675344133345
H105,string_degree_conditioned_label_permutation,immune,seed42_main,source_disjoint,7,8,0.1741267908980242
H105,string_degree_conditioned_label_permutation,immune,seed42_main,source_disjoint,7,9,0.17337765708399666
H105,string_degree_conditioned_label_permutation,immune,seed42_main,source_disjoint,7,10,0.12894465773948882
H105,string_degree_conditioned_label_permutation,immune,seed42_main,source_disjoint,7,11,0.09579548646877056
H105,string_degree_conditioned_label_permutation,immune,seed42_main,source_disjoint,7,12,0.10899896994100566
H105,string_degree_conditioned_label_permutation,immune,seed42_main,source_disjoint,7,13,0.10651746418203956
H105,string_degree_conditioned_label_permutation,immune,seed42_main,source_disjoint,7,14,0.12159378218934347
H105,string_degree_conditioned_label_permutation,immune,seed42_main,source_disjoint,7,15,0.12608858507350884
H105,string_degree_conditioned_label_permutation,immune,seed42_main,source_disjoint,7,16,0.12725910665792683
H105,string_degree_conditioned_label_permutation,immune,seed42_main,source_disjoint,7,17,0.12365390017791922
H105,string_degree_conditioned_label_permutation,immune,seed42_main,source_disjoint,7,18,0.12922558291974917
H105,string_degree_conditioned_label_permutation,immune,seed42_main,source_disjoint,7,19,0.09382901020694823
H105,string_degree_conditioned_label_permutation,immune,seed42_main,source_disjoint,11,0,0.13873021818522335
H105,string_degree_conditioned_label_permutation,immune,seed42_main,source_disjoint,11,1,0.08942784904953649
H105,string_degree_conditioned_label_permutation,immune,seed42_main,source_disjoint,11,2,0.09879202172488055
H105,string_degree_conditioned_label_permutation,immune,seed42_main,source_disjoint,11,3,0.10487873396385439
H105,string_degree_conditioned_label_permutation,immune,seed42_main,source_disjoint,11,4,0.12903829946624212
H105,string_degree_conditioned_label_permutation,immune,seed42_main,source_disjoint,11,5,0.13437587789118843
H105,string_degree_conditioned_label_permutation,immune,seed42_main,source_disjoint,11,6,0.14823485345069765
H105,string_degree_conditioned_label_permutation,immune,seed42_main,source_disjoint,11,7,0.09991572244592195
H105,string_degree_conditioned_label_permutation,immune,seed42_main,source_disjoint,11,8,0.14008802322314817
H105,string_degree_conditioned_label_permutation,immune,seed42_main,source_disjoint,11,9,0.10295907856540876
H105,string_degree_conditioned_label_permutation,immune,seed42_main,source_disjoint,11,10,0.082966569903549
H105,string_degree_conditioned_label_permutation,immune,seed42_main,source_disjoint,11,11,0.1117145800168553
H105,string_degree_conditioned_label_permutation,immune,seed42_main,source_disjoint,11,12,0.14757936136342353
H105,string_degree_conditioned_label_permutation,immune,seed42_main,source_disjoint,11,13,0.1813840247214159
H105,string_degree_conditioned_label_permutation,immune,seed42_main,source_disjoint,11,14,0.1360146081093735
H105,string_degree_conditioned_label_permutation,immune,seed42_main,source_disjoint,11,15,0.14064987358366887
H105,string_degree_conditioned_label_permutation,immune,seed42_main,source_disjoint,11,16,0.12782095701844742
H105,string_degree_conditioned_label_permutation,immune,seed42_main,source_disjoint,11,17,0.11723944189530855
H105,string_degree_conditioned_label_permutation,immune,seed42_main,source_disjoint,11,18,0.11428972750257516
H105,string_degree_conditioned_label_permutation,immune,seed42_main,source_disjoint,11,19,0.10206948216125089
H105,string_degree_conditioned_label_permutation,immune,seed42_main,target_disjoint,7,0,0.07978275119393208
H105,string_degree_conditioned_label_permutation,immune,seed42_main,target_disjoint,7,1,0.07795673752223986
H105,string_degree_conditioned_label_permutation,immune,seed42_main,target_disjoint,7,2,0.13676374192340113
H105,string_degree_conditioned_label_permutation,immune,seed42_main,target_disjoint,7,3,0.04092143459125375
H105,string_degree_conditioned_label_permutation,immune,seed42_main,target_disjoint,7,4,0.1139619814589381
H105,string_degree_conditioned_label_permutation,immune,seed42_main,target_disjoint,7,5,0.11986141024440478
H105,string_degree_conditioned_label_permutation,immune,seed42_main,target_disjoint,7,6,0.06227174829103843
H105,string_degree_conditioned_label_permutation,immune,seed42_main,target_disjoint,7,7,0.12042326060492548
H105,string_degree_conditioned_label_permutation,immune,seed42_main,target_disjoint,7,8,0.1062833598651558
H105,string_degree_conditioned_label_permutation,immune,seed42_main,target_disjoint,7,9,0.08530761307238499
H105,string_degree_conditioned_label_permutation,immune,seed42_main,target_disjoint,7,10,0.06751568498923122
H105,string_degree_conditioned_label_permutation,immune,seed42_main,target_disjoint,7,11,0.07444517276898588
H105,string_degree_conditioned_label_permutation,immune,seed42_main,target_disjoint,7,12,0.10595561382151875
H105,string_degree_conditioned_label_permutation,immune,seed42_main,target_disjoint,7,13,0.11269781814776658
H105,string_degree_conditioned_label_permutation,immune,seed42_main,target_disjoint,7,14,0.04874051877516605
H105,string_degree_conditioned_label_permutation,immune,seed42_main,target_disjoint,7,15,0.1611105908792959
H105,string_degree_conditioned_label_permutation,immune,seed42_main,target_disjoint,7,16,0.08043824328120608
H105,string_degree_conditioned_label_permutation,immune,seed42_main,target_disjoint,7,17,0.10768798576645744
H105,string_degree_conditioned_label_permutation,immune,seed42_main,target_disjoint,7,18,0.06554920872740899
H105,string_degree_conditioned_label_permutation,immune,seed42_main,target_disjoint,7,19,0.06339544901207994
H105,string_degree_conditioned_label_permutation,immune,seed42_main,target_disjoint,11,0,0.08774229796797439
H105,string_degree_conditioned_label_permutation,immune,seed42_main,target_disjoint,11,1,0.08142148141211725
H105,string_degree_conditioned_label_permutation,immune,seed42_main,target_disjoint,11,2,0.05529543964790706
H105,string_degree_conditioned_label_permutation,immune,seed42_main,target_disjoint,11,3,0.08629085120329627
H105,string_degree_conditioned_label_permutation,immune,seed42_main,target_disjoint,11,4,0.0905983706339546
H105,string_degree_conditioned_label_permutation,immune,seed42_main,target_disjoint,11,5,0.05075381590036521
H105,string_degree_conditioned_label_permutation,immune,seed42_main,target_disjoint,11,6,0.04073415113774692
H105,string_degree_conditioned_label_permutation,immune,seed42_main,target_disjoint,11,7,0.08830414832849498
H105,string_degree_conditioned_label_permutation,immune,seed42_main,target_disjoint,11,8,0.10796891094671779
H105,string_degree_conditioned_label_permutation,immune,seed42_main,target_disjoint,11,9,0.11077816274932117
H105,string_degree_conditioned_label_permutation,immune,seed42_main,target_disjoint,11,10,0.09972843899241501
H105,string_degree_conditioned_label_permutation,immune,seed42_main,target_disjoint,11,11,0.10014982676280548
H105,string_degree_conditioned_label_permutation,immune,seed42_main,target_disjoint,11,12,0.0776289914786028
H105,string_degree_conditioned_label_permutation,immune,seed42_main,target_disjoint,11,13,0.04101507631800716
H105,string_degree_conditioned_label_permutation,immune,seed42_main,target_disjoint,11,14,0.09640415769266775
H105,string_degree_conditioned_label_permutation,immune,seed42_main,target_disjoint,11,15,0.07088678715235497
H105,string_degree_conditioned_label_permutation,immune,seed42_main,target_disjoint,11,16,0.12838280737896812
H105,string_degree_conditioned_label_permutation,immune,seed42_main,target_disjoint,11,17,0.13334581889690056
H105,string_degree_conditioned_label_permutation,immune,seed42_main,target_disjoint,11,18,0.10445734619346381
H105,string_degree_conditioned_label_permutation,immune,seed42_main,target_disjoint,11,19,0.17614008802322323
H105,string_degree_conditioned_label_permutation,lung,seed42_main,source_disjoint,7,0,0.1188869565217392
H105,string_degree_conditioned_label_permutation,lung,seed42_main,source_disjoint,7,1,0.08688695652173917
H105,string_degree_conditioned_label_permutation,lung,seed42_main,source_disjoint,7,2,0.11116521739130436
H105,string_degree_conditioned_label_permutation,lung,seed42_main,source_disjoint,7,3,0.0913391304347827
H105,string_degree_conditioned_label_permutation,lung,seed42_main,source_disjoint,7,4,0.1084521739130434
H105,string_degree_conditioned_label_permutation,lung,seed42_main,source_disjoint,7,5,0.12382608695652164
H105,string_degree_conditioned_label_permutation,lung,seed42_main,source_disjoint,7,6,0.13133913043478262
H105,string_degree_conditioned_label_permutation,lung,seed42_main,source_disjoint,7,7,0.09878260869565214
H105,string_degree_conditioned_label_permutation,lung,seed42_main,source_disjoint,7,8,0.12699130434782613
H105,string_degree_conditioned_label_permutation,lung,seed42_main,source_disjoint,7,9,0.15321739130434808
H105,string_degree_conditioned_label_permutation,lung,seed42_main,source_disjoint,7,10,0.10740869565217381
H105,string_degree_conditioned_label_permutation,lung,seed42_main,source_disjoint,7,11,0.15060869565217405
H105,string_degree_conditioned_label_permutation,lung,seed42_main,source_disjoint,7,12,0.1127999999999999
H105,string_degree_conditioned_label_permutation,lung,seed42_main,source_disjoint,7,13,0.11290434782608705
H105,string_degree_conditioned_label_permutation,lung,seed42_main,source_disjoint,7,14,0.08685217391304367
H105,string_degree_conditioned_label_permutation,lung,seed42_main,source_disjoint,7,15,0.0822956521739131
H105,string_degree_conditioned_label_permutation,lung,seed42_main,source_disjoint,7,16,0.1080695652173913
H105,string_degree_conditioned_label_permutation,lung,seed42_main,source_disjoint,7,17,0.12104347826086959
H105,string_degree_conditioned_label_permutation,lung,seed42_main,source_disjoint,7,18,0.11262608695652165
H105,string_degree_conditioned_label_permutation,lung,seed42_main,source_disjoint,7,19,0.09217391304347822
H105,string_degree_conditioned_label_permutation,lung,seed42_main,source_disjoint,11,0,0.18156521739130427
H105,string_degree_conditioned_label_permutation,lung,seed42_main,source_disjoint,11,1,0.18761739130434785
H105,string_degree_conditioned_label_permutation,lung,seed42_main,source_disjoint,11,2,0.20010434782608688
H105,string_degree_conditioned_label_permutation,lung,seed42_main,source_disjoint,11,3,0.1787826086956521
H105,string_degree_conditioned_label_permutation,lung,seed42_main,source_disjoint,11,4,0.18914782608695635
H105,string_degree_conditioned_label_permutation,lung,seed42_main,source_disjoint,11,5,0.2098782608695653
H105,string_degree_conditioned_label_permutation,lung,seed42_main,source_disjoint,11,6,0.20946086956521748
H105,string_degree_conditioned_label_permutation,lung,seed42_main,source_disjoint,11,7,0.21415652173913058
H105,string_degree_conditioned_label_permutation,lung,seed42_main,source_disjoint,11,8,0.1736347826086958
H105,string_degree_conditioned_label_permutation,lung,seed42_main,source_disjoint,11,9,0.20827826086956513
H105,string_degree_conditioned_label_permutation,lung,seed42_main,source_disjoint,11,10,0.18121739130434789
H105,string_degree_conditioned_label_permutation,lung,seed42_main,source_disjoint,11,11,0.18907826086956514
H105,string_degree_conditioned_label_permutation,lung,seed42_main,source_disjoint,11,12,0.17944347826086948
H105,string_degree_conditioned_label_permutation,lung,seed42_main,source_disjoint,11,13,0.16160000000000008
H105,string_degree_conditioned_label_permutation,lung,seed42_main,source_disjoint,11,14,0.2073739130434782
H105,string_degree_conditioned_label_permutation,lung,seed42_main,source_disjoint,11,15,0.1838260869565218
H105,string_degree_conditioned_label_permutation,lung,seed42_main,source_disjoint,11,16,0.17387826086956537
H105,string_degree_conditioned_label_permutation,lung,seed42_main,source_disjoint,11,17,0.16904347826086952
H105,string_degree_conditioned_label_permutation,lung,seed42_main,source_disjoint,11,18,0.1486608695652175
H105,string_degree_conditioned_label_permutation,lung,seed42_main,source_disjoint,11,19,0.16288695652173923
H105,string_degree_conditioned_label_permutation,lung,seed42_main,target_disjoint,7,0,0.1282314923619272
H105,string_degree_conditioned_label_permutation,lung,seed42_main,target_disjoint,7,1,0.10539071680376022
H105,string_degree_conditioned_label_permutation,lung,seed42_main,target_disjoint,7,2,0.12544065804935378
H105,string_degree_conditioned_label_permutation,lung,seed42_main,target_disjoint,7,3,0.11699471210340784
H105,string_degree_conditioned_label_permutation,lung,seed42_main,target_disjoint,7,4,0.08475323149236191
H105,string_degree_conditioned_label_permutation,lung,seed42_main,target_disjoint,7,5,0.09327262044653362
H105,string_degree_conditioned_label_permutation,lung,seed42_main,target_disjoint,7,6,0.12151145710928302
H105,string_degree_conditioned_label_permutation,lung,seed42_main,target_disjoint,7,7,0.13373971797884832
H105,string_degree_conditioned_label_permutation,lung,seed42_main,target_disjoint,7,8,0.11732520564042292
H105,string_degree_conditioned_label_permutation,lung,seed42_main,target_disjoint,7,9,0.06918331374853104
H105,string_degree_conditioned_label_permutation,lung,seed42_main,target_disjoint,7,10,0.10876909518213873
H105,string_degree_conditioned_label_permutation,lung,seed42_main,target_disjoint,7,11,0.08218272620446543
H105,string_degree_conditioned_label_permutation,lung,seed42_main,target_disjoint,7,12,0.09878084606345483
H105,string_degree_conditioned_label_permutation,lung,seed42_main,target_disjoint,7,13,0.1075940070505288
H105,string_degree_conditioned_label_permutation,lung,seed42_main,target_disjoint,7,14,0.10024970622796725
H105,string_degree_conditioned_label_permutation,lung,seed42_main,target_disjoint,7,15,0.0976057579318449
H105,string_degree_conditioned_label_permutation,lung,seed42_main,target_disjoint,7,16,0.12206227967097516
H105,string_degree_conditioned_label_permutation,lung,seed42_main,target_disjoint,7,17,0.1177658636897767
H105,string_degree_conditioned_label_permutation,lung,seed42_main,target_disjoint,7,18,0.09261163337250289
H105,string_degree_conditioned_label_permutation,lung,seed42_main,target_disjoint,7,19,0.09694477085781428
H105,string_degree_conditioned_label_permutation,lung,seed42_main,target_disjoint,11,0,0.09503525264394841
H105,string_degree_conditioned_label_permutation,lung,seed42_main,target_disjoint,11,1,0.15452408930669792
H105,string_degree_conditioned_label_permutation,lung,seed42_main,target_disjoint,11,2,0.1097238542890715
H105,string_degree_conditioned_label_permutation,lung,seed42_main,target_disjoint,11,3,0.16465922444183312
H105,string_degree_conditioned_label_permutation,lung,seed42_main,target_disjoint,11,4,0.09775264394829608
H105,string_degree_conditioned_label_permutation,lung,seed42_main,target_disjoint,11,5,0.14086368977673314
H105,string_degree_conditioned_label_permutation,lung,seed42_main,target_disjoint,11,6,0.11846357226792015
H105,string_degree_conditioned_label_permutation,lung,seed42_main,target_disjoint,11,7,0.1338498824911868
H105,string_degree_conditioned_label_permutation,lung,seed42_main,target_disjoint,11,8,0.14211222091656872
H105,string_degree_conditioned_label_permutation,lung,seed42_main,target_disjoint,11,9,0.15694770857814333
H105,string_degree_conditioned_label_permutation,lung,seed42_main,target_disjoint,11,10,0.11053172737955341
H105,string_degree_conditioned_label_permutation,lung,seed42_main,target_disjoint,11,11,0.13506169212690955
H105,string_degree_conditioned_label_permutation,lung,seed42_main,target_disjoint,11,12,0.11765569917743823
H105,string_degree_conditioned_label_permutation,lung,seed42_main,target_disjoint,11,13,0.14001909518213873
H105,string_degree_conditioned_label_permutation,lung,seed42_main,target_disjoint,11,14,0.13065511163337273
H105,string_degree_conditioned_label_permutation,lung,seed42_main,target_disjoint,11,15,0.15312867215041137
H105,string_degree_conditioned_label_permutation,lung,seed42_main,target_disjoint,11,16,0.15793918918918914
H105,string_degree_conditioned_label_permutation,lung,seed42_main,target_disjoint,11,17,0.1700940070505288
H105,string_degree_conditioned_label_permutation,lung,seed42_main,target_disjoint,11,18,0.12059341950646296
H105,string_degree_conditioned_label_permutation,lung,seed42_main,target_disjoint,11,19,0.1454905992949469
H105,unconditioned_label_permutation,external_lung,seed42_main,source_disjoint,7,0,0.044389599555061166
H105,unconditioned_label_permutation,external_lung,seed42_main,source_disjoint,7,1,0.026731090100111266
H105,unconditioned_label_permutation,external_lung,seed42_main,source_disjoint,7,2,-0.04675333704115697
H105,unconditioned_label_permutation,external_lung,seed42_main,source_disjoint,7,3,0.01028921023359286
H105,unconditioned_label_permutation,external_lung,seed42_main,source_disjoint,7,4,-0.04014877641824255
H105,unconditioned_label_permutation,external_lung,seed42_main,source_disjoint,7,5,0.05335789766407123
H105,unconditioned_label_permutation,external_lung,seed42_main,source_disjoint,7,6,0.024819243604004393
H105,unconditioned_label_permutation,external_lung,seed42_main,source_disjoint,7,7,0.1174221357063403
H105,unconditioned_label_permutation,external_lung,seed42_main,source_disjoint,7,8,0.08766685205784208
H105,unconditioned_label_permutation,external_lung,seed42_main,source_disjoint,7,9,0.00910734149054504
H105,unconditioned_label_permutation,external_lung,seed42_main,source_disjoint,7,10,-0.11158231368186877
H105,unconditioned_label_permutation,external_lung,seed42_main,source_disjoint,7,11,-0.07192018909899889
H105,unconditioned_label_permutation,external_lung,seed42_main,source_disjoint,7,12,0.07397107897664068
H105,unconditioned_label_permutation,external_lung,seed42_main,source_disjoint,7,13,0.09875556173526129
H105,unconditioned_label_permutation,external_lung,seed42_main,source_disjoint,7,14,-0.06868743047830922
H105,unconditioned_label_permutation,external_lung,seed42_main,source_disjoint,7,15,0.0615962180200223
H105,unconditioned_label_permutation,external_lung,seed42_main,source_disjoint,7,16,0.044980533926585076
H105,unconditioned_label_permutation,external_lung,seed42_main,source_disjoint,7,17,0.008238320355951179
H105,unconditioned_label_permutation,external_lung,seed42_main,source_disjoint,7,18,0.0015989988876529693
H105,unconditioned_label_permutation,external_lung,seed42_main,source_disjoint,7,19,-0.041852057842046764
H105,unconditioned_label_permutation,external_lung,seed42_main,source_disjoint,11,0,-0.07911568409343717
H105,unconditioned_label_permutation,external_lung,seed42_main,source_disjoint,11,1,0.10595105672969973
H105,unconditioned_label_permutation,external_lung,seed42_main,source_disjoint,11,2,-0.02214265850945496
H105,unconditioned_label_permutation,external_lung,seed42_main,source_disjoint,11,3,0.002016129032258007
H105,unconditioned_label_permutation,external_lung,seed42_main,source_disjoint,11,4,0.029720522803114546
H105,unconditioned_label_permutation,external_lung,seed42_main,source_disjoint,11,5,-0.042686318131256895
H105,unconditioned_label_permutation,external_lung,seed42_main,source_disjoint,11,6,-0.0498122914349276
H105,unconditioned_label_permutation,external_lung,seed42_main,source_disjoint,11,7,-0.008412124582869829
H105,unconditioned_label_permutation,external_lung,seed42_main,source_disjoint,11,8,-0.08999582869855383
H105,unconditioned_label_permutation,external_lung,seed42_main,source_disjoint,11,9,-0.01814516129032262
H105,unconditioned_label_permutation,external_lung,seed42_main,source_disjoint,11,10,-0.09121245828698554
H105,unconditioned_label_permutation,external_lung,seed42_main,source_disjoint,11,11,-0.019605116796440614
H105,unconditioned_label_permutation,external_lung,seed42_main,source_disjoint,11,12,0.06986929922135704
H105,unconditioned_label_permutation,external_lung,seed42_main,source_disjoint,11,13,0.03733314794215803
H105,unconditioned_label_permutation,external_lung,seed42_main,source_disjoint,11,14,-0.025305895439377113
H105,unconditioned_label_permutation,external_lung,seed42_main,source_disjoint,11,15,-0.03914071190211349
H105,unconditioned_label_permutation,external_lung,seed42_main,source_disjoint,11,16,0.10866240266963295
H105,unconditioned_label_permutation,external_lung,seed42_main,source_disjoint,11,17,0.051515572858731984
H105,unconditioned_label_permutation,external_lung,seed42_main,source_disjoint,11,18,0.0504379866518353
H105,unconditioned_label_permutation,external_lung,seed42_main,source_disjoint,11,19,0.0016337597330366993
H105,unconditioned_label_permutation,external_lung,seed42_main,target_disjoint,7,0,-0.04334038054968298
H105,unconditioned_label_permutation,external_lung,seed42_main,target_disjoint,7,1,-0.004454847478103208
H105,unconditioned_label_permutation,external_lung,seed42_main,target_disjoint,7,2,0.014421624886741147
H105,unconditioned_label_permutation,external_lung,seed42_main,target_disjoint,7,3,0.033637873754152836
H105,unconditioned_label_permutation,external_lung,seed42_main,target_disjoint,7,4,0.020952884324977272
H105,unconditioned_label_permutation,external_lung,seed42_main,target_disjoint,7,5,-0.03424192086982775
H105,unconditioned_label_permutation,external_lung,seed42_main,target_disjoint,7,6,-0.05787526427061318
H105,unconditioned_label_permutation,external_lung,seed42_main,target_disjoint,7,7,-0.04247206282089999
H105,unconditioned_label_permutation,external_lung,seed42_main,target_disjoint,7,8,0.034883720930232565
H105,unconditioned_label_permutation,external_lung,seed42_main,target_disjoint,7,9,-0.03971609785563274
H105,unconditioned_label_permutation,external_lung,seed42_main,target_disjoint,7,10,-0.01638477801268501
H105,unconditioned_label_permutation,external_lung,seed42_main,target_disjoint,7,11,-0.041339474479009375
H105,unconditioned_label_permutation,external_lung,seed42_main,target_disjoint,7,12,0.017139836907278716
H105,unconditioned_label_permutation,external_lung,seed42_main,target_disjoint,7,13,0.16226215644820297
H105,unconditioned_label_permutation,external_lung,seed42_main,target_disjoint,7,14,-0.027559649652672935
H105,unconditioned_label_permutation,external_lung,seed42_main,target_disjoint,7,15,-0.027182120205376137
H105,unconditioned_label_permutation,external_lung,seed42_main,target_disjoint,7,16,-0.06251887647236487
H105,unconditioned_label_permutation,external_lung,seed42_main,target_disjoint,7,17,0.03050437934158856
H105,unconditioned_label_permutation,external_lung,seed42_main,target_disjoint,7,18,-0.03250528541226222
H105,unconditioned_label_permutation,external_lung,seed42_main,target_disjoint,7,19,-0.0539867109634552
H105,unconditioned_label_permutation,external_lung,seed42_main,target_disjoint,11,0,0.027031108426457284
H105,unconditioned_label_permutation,external_lung,seed42_main,target_disjoint,11,1,-0.006342494714587699
H105,unconditioned_label_permutation,external_lung,seed42_main,target_disjoint,11,2,-0.011741165810933207
H105,unconditioned_label_permutation,external_lung,seed42_main,target_disjoint,11,3,0.16309272123225615
H105,unconditioned_label_permutation,external_lung,seed42_main,target_disjoint,11,4,0.06897463002114168
H105,unconditioned_label_permutation,external_lung,seed42_main,target_disjoint,11,5,-0.05055119299305327
H105,unconditioned_label_permutation,external_lung,seed42_main,target_disjoint,11,6,0.005096647538508026
H105,unconditioned_label_permutation,external_lung,seed42_main,target_disjoint,11,7,0.06070673512533975
H105,unconditioned_label_permutation,external_lung,seed42_main,target_disjoint,11,8,-0.05859257022047726
H105,unconditioned_label_permutation,external_lung,seed42_main,target_disjoint,11,9,0.022576260948353744
H105,unconditioned_label_permutation,external_lung,seed42_main,target_disjoint,11,10,0.1463304137722743
H105,unconditioned_label_permutation,external_lung,seed42_main,target_disjoint,11,11,-0.04507701600724867
H105,unconditioned_label_permutation,external_lung,seed42_main,target_disjoint,11,12,-0.024161884627000862
H105,unconditioned_label_permutation,external_lung,seed42_main,target_disjoint,11,13,-0.06527484143763218
H105,unconditioned_label_permutation,external_lung,seed42_main,target_disjoint,11,14,0.006871035940803405
H105,unconditioned_label_permutation,external_lung,seed42_main,target_disjoint,11,15,-0.013138024765931677
H105,unconditioned_label_permutation,external_lung,seed42_main,target_disjoint,11,16,0.15837360314104498
H105,unconditioned_label_permutation,external_lung,seed42_main,target_disjoint,11,17,0.009815765629718975
H105,unconditioned_label_permutation,external_lung,seed42_main,target_disjoint,11,18,-0.06561461794019952
H105,unconditioned_label_permutation,external_lung,seed42_main,target_disjoint,11,19,0.0036997885835095
H105,unconditioned_label_permutation,immune,seed42_main,source_disjoint,7,0,0.12487124262571397
H105,unconditioned_label_permutation,immune,seed42_main,source_disjoint,7,1,-0.02359771514186726
H105,unconditioned_label_permutation,immune,seed42_main,source_disjoint,7,2,0.05829197490401716
H105,unconditioned_label_permutation,immune,seed42_main,source_disjoint,7,3,-0.0617098979305179
H105,unconditioned_label_permutation,immune,seed42_main,source_disjoint,7,4,0.043168836033336544
H105,unconditioned_label_permutation,immune,seed42_main,source_disjoint,7,5,-0.03408558853825272
H105,unconditioned_label_permutation,immune,seed42_main,source_disjoint,7,6,-0.022239910103942218
H105,unconditioned_label_permutation,immune,seed42_main,source_disjoint,7,7,0.05220526266504366
H105,unconditioned_label_permutation,immune,seed42_main,source_disjoint,7,8,-0.04349658207697349
H105,unconditioned_label_permutation,immune,seed42_main,source_disjoint,7,9,0.04593126697256289
H105,unconditioned_label_permutation,immune,seed42_main,source_disjoint,7,10,0.015263601460810905
H105,unconditioned_label_permutation,immune,seed42_main,source_disjoint,7,11,0.019711583481599515
H105,unconditioned_label_permutation,immune,seed42_main,source_disjoint,7,12,-0.07458563535911611
H105,unconditioned_label_permutation,immune,seed42_main,source_disjoint,7,13,0.013999438149639498
H105,unconditioned_label_permutation,immune,seed42_main,source_disjoint,7,14,-0.020226612978743397
H105,unconditioned_label_permutation,immune,seed42_main,source_disjoint,7,15,0.08572900084277546
H105,unconditioned_label_permutation,immune,seed42_main,source_disjoint,7,16,0.06971626556793714
H105,unconditioned_label_permutation,immune,seed42_main,source_disjoint,7,17,0.058198333177263806
H105,unconditioned_label_permutation,immune,seed42_main,source_disjoint,7,18,-0.036379810843711835
H105,unconditioned_label_permutation,immune,seed42_main,source_disjoint,7,19,0.03876767487592475
H105,unconditioned_label_permutation,immune,seed42_main,source_disjoint,11,0,-0.015357243187564429
H105,unconditioned_label_permutation,immune,seed42_main,source_disjoint,11,1,-0.06185036052064796
H105,unconditioned_label_permutation,immune,seed42_main,source_disjoint,11,2,-0.03151044105253309
H105,unconditioned_label_permutation,immune,seed42_main,source_disjoint,11,3,-0.05445266410712607
H105,unconditioned_label_permutation,immune,seed42_main,source_disjoint,11,4,-0.0004682086337672309
H105,unconditioned_label_permutation,immune,seed42_main,source_disjoint,11,5,-0.04447982020788466
H105,unconditioned_label_permutation,immune,seed42_main,source_disjoint,11,6,0.07594344039704087
H105,unconditioned_label_permutation,immune,seed42_main,source_disjoint,11,7,0.1528232980616162
H105,unconditioned_label_permutation,immune,seed42_main,source_disjoint,11,8,0.03179136623279327
H105,unconditioned_label_permutation,immune,seed42_main,source_disjoint,11,9,0.03834628710553417
H105,unconditioned_label_permutation,immune,seed42_main,source_disjoint,11,10,-0.02032025470549681
H105,unconditioned_label_permutation,immune,seed42_main,source_disjoint,11,11,-0.04963011517932403
H105,unconditioned_label_permutation,immune,seed42_main,source_disjoint,11,12,-0.000749133814027525
H105,unconditioned_label_permutation,immune,seed42_main,source_disjoint,11,13,-0.07683303680119863
H105,unconditioned_label_permutation,immune,seed42_main,source_disjoint,11,14,-9.364172675346838e-05
H105,unconditioned_label_permutation,immune,seed42_main,source_disjoint,11,15,-0.06007116771233262
H105,unconditioned_label_permutation,immune,seed42_main,source_disjoint,11,16,-0.001545088491431812
H105,unconditioned_label_permutation,immune,seed42_main,source_disjoint,11,17,0.06545556700065547
H105,unconditioned_label_permutation,immune,seed42_main,source_disjoint,11,18,-0.04513531229515866
H105,unconditioned_label_permutation,immune,seed42_main,source_disjoint,11,19,0.02692199644161436
H105,unconditioned_label_permutation,immune,seed42_main,target_disjoint,7,0,0.044994849705028594
H105,unconditioned_label_permutation,immune,seed42_main,target_disjoint,7,1,0.023082685644723377
H105,unconditioned_label_permutation,immune,seed42_main,target_disjoint,7,2,-0.004307519430658213
H105,unconditioned_label_permutation,immune,seed42_main,target_disjoint,7,3,-0.022193089240565622
H105,unconditioned_label_permutation,immune,seed42_main,target_disjoint,7,4,-0.023082685644723322
H105,unconditioned_label_permutation,immune,seed42_main,target_disjoint,7,5,0.10614289727502574
H105,unconditioned_label_permutation,immune,seed42_main,target_disjoint,7,6,0.0086618597246933
H105,unconditioned_label_permutation,immune,seed42_main,target_disjoint,7,7,0.10590879295814215
H105,unconditioned_label_permutation,immune,seed42_main,target_disjoint,7,8,-0.003371102163123918
H105,unconditioned_label_permutation,immune,seed42_main,target_disjoint,7,9,0.05529543964790712
H105,unconditioned_label_permutation,immune,seed42_main,target_disjoint,7,10,-0.06367637419234007
H105,unconditioned_label_permutation,immune,seed42_main,target_disjoint,7,11,0.060726659799606675
H105,unconditioned_label_permutation,immune,seed42_main,target_disjoint,7,12,0.011892499297687098
H105,unconditioned_label_permutation,immune,seed42_main,target_disjoint,7,13,-0.026172862627586835
H105,unconditioned_label_permutation,immune,seed42_main,target_disjoint,7,14,-0.08394980803446006
H105,unconditioned_label_permutation,immune,seed42_main,target_disjoint,7,15,-0.043262477760089846
H105,unconditioned_label_permutation,immune,seed42_main,target_disjoint,7,16,-0.04991104035958421
H105,unconditioned_label_permutation,immune,seed42_main,target_disjoint,7,17,-0.050519711583481675
H105,unconditioned_label_permutation,immune,seed42_main,target_disjoint,7,18,0.0025283266223429246
H105,unconditioned_label_permutation,immune,seed42_main,target_disjoint,7,19,-0.012782095701844687
H105,unconditioned_label_permutation,immune,seed42_main,target_disjoint,11,0,-0.001826013671692106
H105,unconditioned_label_permutation,immune,seed42_main,target_disjoint,11,1,-0.013578050379248974
H105,unconditioned_label_permutation,immune,seed42_main,target_disjoint,11,2,0.07851858788276045
H105,unconditioned_label_permutation,immune,seed42_main,target_disjoint,11,3,-0.02097574679277081
H105,unconditioned_label_permutation,immune,seed42_main,target_disjoint,11,4,-0.024768236726285253
H105,unconditioned_label_permutation,immune,seed42_main,target_disjoint,11,5,-0.045322595748665595
H105,unconditioned_label_permutation,immune,seed42_main,target_disjoint,11,6,-0.08671223897368674
H105,unconditioned_label_permutation,immune,seed42_main,target_disjoint,11,7,0.07580297780691075
H105,unconditioned_label_permutation,immune,seed42_main,target_disjoint,11,8,0.0590411087180448
H105,unconditioned_label_permutation,immune,seed42_main,target_disjoint,11,9,-0.07570933608015729
H105,unconditioned_label_permutation,immune,seed42_main,target_disjoint,11,10,-0.062084464837531605
H105,unconditioned_label_permutation,immune,seed42_main,target_disjoint,11,11,-0.0995879764022849
H105,unconditioned_label_permutation,immune,seed42_main,target_disjoint,11,12,0.061990823110778026
H105,unconditioned_label_permutation,immune,seed42_main,target_disjoint,11,13,0.09181571308174918
H105,unconditioned_label_permutation,immune,seed42_main,target_disjoint,11,14,-0.026875175578237598
H105,unconditioned_label_permutation,immune,seed42_main,target_disjoint,11,15,0.05960295907856539
H105,unconditioned_label_permutation,immune,seed42_main,target_disjoint,11,16,-0.05595093173518123
H105,unconditioned_label_permutation,immune,seed42_main,target_disjoint,11,17,-0.017979211536660822
H105,unconditioned_label_permutation,immune,seed42_main,target_disjoint,11,18,0.03572431875643778
H105,unconditioned_label_permutation,immune,seed42_main,target_disjoint,11,19,-5.551115123125783e-17
H105,unconditioned_label_permutation,lung,seed42_main,source_disjoint,7,0,0.050504347826086926
H105,unconditioned_label_permutation,lung,seed42_main,source_disjoint,7,1,-0.03909565217391303
H105,unconditioned_label_permutation,lung,seed42_main,source_disjoint,7,2,-0.03617391304347828
H105,unconditioned_label_permutation,lung,seed42_main,source_disjoint,7,3,-0.06066086956521738
H105,unconditioned_label_permutation,lung,seed42_main,source_disjoint,7,4,-0.013391304347826039
H105,unconditioned_label_permutation,lung,seed42_main,source_disjoint,7,5,-0.03436521739130427
H105,unconditioned_label_permutation,lung,seed42_main,source_disjoint,7,6,0.06914782608695652
H105,unconditioned_label_permutation,lung,seed42_main,source_disjoint,7,7,-0.038573913043478236
H105,unconditioned_label_permutation,lung,seed42_main,source_disjoint,7,8,0.060695652173912984
H105,unconditioned_label_permutation,lung,seed42_main,source_disjoint,7,9,0.0536695652173913
H105,unconditioned_label_permutation,lung,seed42_main,source_disjoint,7,10,0.023165217391304282
H105,unconditioned_label_permutation,lung,seed42_main,source_disjoint,7,11,-0.02838260869565218
H105,unconditioned_label_permutation,lung,seed42_main,source_disjoint,7,12,-0.01902608695652186
H105,unconditioned_label_permutation,lung,seed42_main,source_disjoint,7,13,-0.0024347826086956736
H105,unconditioned_label_permutation,lung,seed42_main,source_disjoint,7,14,-0.04486956521739127
H105,unconditioned_label_permutation,lung,seed42_main,source_disjoint,7,15,0.006260869565217431
H105,unconditioned_label_permutation,lung,seed42_main,source_disjoint,7,16,0.0034782608695652084
H105,unconditioned_label_permutation,lung,seed42_main,source_disjoint,7,17,0.01766956521739127
H105,unconditioned_label_permutation,lung,seed42_main,source_disjoint,7,18,0.00017391304347819103
H105,unconditioned_label_permutation,lung,seed42_main,source_disjoint,7,19,0.02041739130434783
H105,unconditioned_label_permutation,lung,seed42_main,source_disjoint,11,0,-0.03686956521739121
H105,unconditioned_label_permutation,lung,seed42_main,source_disjoint,11,1,-0.03506086956521737
H105,unconditioned_label_permutation,lung,seed42_main,source_disjoint,11,2,0.056556521739130505
H105,unconditioned_label_permutation,lung,seed42_main,source_disjoint,11,3,0.012973913043478225
H105,unconditioned_label_permutation,lung,seed42_main,source_disjoint,11,4,0.01669565217391311
H105,unconditioned_label_permutation,lung,seed42_main,source_disjoint,11,5,0.11161739130434783
H105,unconditioned_label_permutation,lung,seed42_main,source_disjoint,11,6,-0.016486956521739093
H105,unconditioned_label_permutation,lung,seed42_main,source_disjoint,11,7,-0.05575652173913043
H105,unconditioned_label_permutation,lung,seed42_main,source_disjoint,11,8,-0.09151304347826084
H105,unconditioned_label_permutation,lung,seed42_main,source_disjoint,11,9,0.025565217391304462
H105,unconditioned_label_permutation,lung,seed42_main,source_disjoint,11,10,0.08838260869565212
H105,unconditioned_label_permutation,lung,seed42_main,source_disjoint,11,11,-0.0826434782608696
H105,unconditioned_label_permutation,lung,seed42_main,source_disjoint,11,12,0.07151304347826087
H105,unconditioned_label_permutation,lung,seed42_main,source_disjoint,11,13,-0.008139130434782649
H105,unconditioned_label_permutation,lung,seed42_main,source_disjoint,11,14,0.024139130434782607
H105,unconditioned_label_permutation,lung,seed42_main,source_disjoint,11,15,0.047339130434782606
H105,unconditioned_label_permutation,lung,seed42_main,source_disjoint,11,16,-0.10987826086956515
H105,unconditioned_label_permutation,lung,seed42_main,source_disjoint,11,17,-0.04264347826086956
H105,unconditioned_label_permutation,lung,seed42_main,source_disjoint,11,18,-0.026330434782608714
H105,unconditioned_label_permutation,lung,seed42_main,source_disjoint,11,19,-0.05346086956521734
H105,unconditioned_label_permutation,lung,seed42_main,target_disjoint,7,0,-0.08761750881316094
H105,unconditioned_label_permutation,lung,seed42_main,target_disjoint,7,1,0.009400705052878933
H105,unconditioned_label_permutation,lung,seed42_main,target_disjoint,7,2,0.01997649823736769
H105,unconditioned_label_permutation,lung,seed42_main,target_disjoint,7,3,0.0035987074030552346
H105,unconditioned_label_permutation,lung,seed42_main,target_disjoint,7,4,0.047187132784958785
H105,unconditioned_label_permutation,lung,seed42_main,target_disjoint,7,5,-0.07175381903642769
H105,unconditioned_label_permutation,lung,seed42_main,target_disjoint,7,6,-0.09007784958871917
H105,unconditioned_label_permutation,lung,seed42_main,target_disjoint,7,7,0.028238836662749678
H105,unconditioned_label_permutation,lung,seed42_main,target_disjoint,7,8,-0.08148501762632204
H105,unconditioned_label_permutation,lung,seed42_main,target_disjoint,7,9,0.09095916568742657
H105,unconditioned_label_permutation,lung,seed42_main,target_disjoint,7,10,-0.031764101057579264
H105,unconditioned_label_permutation,lung,seed42_main,target_disjoint,7,11,0.018470916568742668
H105,unconditioned_label_permutation,lung,seed42_main,target_disjoint,7,12,-0.02430963572267919
H105,unconditioned_label_permutation,lung,seed42_main,target_disjoint,7,13,0.11269829612220911
H105,unconditioned_label_permutation,lung,seed42_main,target_disjoint,7,14,-0.027320799059929457
H105,unconditioned_label_permutation,lung,seed42_main,target_disjoint,7,15,-0.0017993537015276173
H105,unconditioned_label_permutation,lung,seed42_main,target_disjoint,7,16,0.0016891891891891442
H105,unconditioned_label_permutation,lung,seed42_main,target_disjoint,7,17,0.026182432432432456
H105,unconditioned_label_permutation,lung,seed42_main,target_disjoint,7,18,0.029267038777908427
H105,unconditioned_label_permutation,lung,seed42_main,target_disjoint,7,19,0.0409811985898943
H105,unconditioned_label_permutation,lung,seed42_main,target_disjoint,11,0,0.025888660399529972
H105,unconditioned_label_permutation,lung,seed42_main,target_disjoint,11,1,-0.015680082256169348
H105,unconditioned_label_permutation,lung,seed42_main,target_disjoint,11,2,-0.034371327849588795
H105,unconditioned_label_permutation,lung,seed42_main,target_disjoint,11,3,0.05992949471210346
H105,unconditioned_label_permutation,lung,seed42_main,target_disjoint,11,4,-0.04116480611045831
H105,unconditioned_label_permutation,lung,seed42_main,target_disjoint,11,5,-0.07300235017626316
H105,unconditioned_label_permutation,lung,seed42_main,target_disjoint,11,6,-0.03264541715628677
H105,unconditioned_label_permutation,lung,seed42_main,target_disjoint,11,7,-0.028863102232667415
H105,unconditioned_label_permutation,lung,seed42_main,target_disjoint,11,8,0.005875440658049347
H105,unconditioned_label_permutation,lung,seed42_main,target_disjoint,11,9,-0.07997943595769685
H105,unconditioned_label_permutation,lung,seed42_main,target_disjoint,11,10,0.04208284371327853
H105,unconditioned_label_permutation,lung,seed42_main,target_disjoint,11,11,0.1356492361927144
H105,unconditioned_label_permutation,lung,seed42_main,target_disjoint,11,12,0.13572267920094
H105,unconditioned_label_permutation,lung,seed42_main,target_disjoint,11,13,-0.07762925969447704
H105,unconditioned_label_permutation,lung,seed42_main,target_disjoint,11,14,-0.013733842538190544
H105,unconditioned_label_permutation,lung,seed42_main,target_disjoint,11,15,0.01865452408930668
H105,unconditioned_label_permutation,lung,seed42_main,target_disjoint,11,16,0.008042009400704986
H105,unconditioned_label_permutation,lung,seed42_main,target_disjoint,11,17,0.022767332549941288
H105,unconditioned_label_permutation,lung,seed42_main,target_disjoint,11,18,-0.00569183313748528
H105,unconditioned_label_permutation,lung,seed42_main,target_disjoint,11,19,-0.004957403055229126
