domain,seed_tag,split_regime,layer,n_edges,n_positive,n_points,edge_auc_local_linearity,twonn_mean,twonn_var,twonn_skew,pr_mean,pr_var,pr_skew
external_lung,seed42_main,source_disjoint,0,1074,451,240,0.5487093065881775,31.9445565479333,942.1000050659426,1.2951545633500416,5.15709267672064,4.8904215161990985,-1.5095369510635797
external_lung,seed42_main,source_disjoint,1,1074,451,240,0.5180764699811015,30.152965218355327,1066.2569211523341,1.2062924193803595,5.083152031310669,4.713418120661096,-1.5321054420384503
external_lung,seed42_main,source_disjoint,2,1074,451,240,0.5298427251017002,27.98234300700445,1024.630080101859,1.4177760843198295,5.112451731308938,4.683362193785167,-1.5851712781735736
external_lung,seed42_main,source_disjoint,3,1074,451,240,0.5099760475205803,28.355869878385192,1073.5536618731855,1.3341144179400097,5.165148793272973,4.75339363332196,-1.608085910346237
external_lung,seed42_main,source_disjoint,4,1074,451,240,0.5358290654262153,24.276813926204923,820.9976985289649,1.6968893416955484,5.124586990920422,4.634371858956361,-1.6419138757376648
external_lung,seed42_main,source_disjoint,5,1074,451,240,0.538441416079125,26.962433861895192,937.387296513285,1.4158227485653554,5.054656314784101,4.518187828611084,-1.6250757736010388
external_lung,seed42_main,source_disjoint,6,1074,451,240,0.5337114242293743,30.532476338310857,1082.434503787005,1.1471153610035747,5.028186173942042,4.524113326190751,-1.5868813277948248
external_lung,seed42_main,source_disjoint,7,1074,451,240,0.5471077292124154,25.470886092051163,919.3517973789317,1.5681521179002922,5.04458529330868,4.508035007823893,-1.6270408005466237
external_lung,seed42_main,source_disjoint,8,1074,451,240,0.5489192911774441,34.31859178123973,798.1144473771614,1.0416832981463835,4.95480894734934,4.354656624260759,-1.6255054136538927
external_lung,seed42_main,source_disjoint,9,1074,451,240,0.5336438020735088,32.23511352072443,930.2505991234557,1.3037053695774616,4.945745514361898,4.29157735065914,-1.6643034979076046
external_lung,seed42_main,source_disjoint,10,1074,451,240,0.5258992856964904,24.720881304003154,821.399928782478,1.6650949964670536,4.889548448358509,4.15793173798311,-1.6831482850669313
external_lung,seed42_main,source_disjoint,11,1074,451,240,0.5339961490961764,25.218311934359107,825.7373397402711,1.5436761602345792,4.885630488232498,4.172895546160567,-1.6720992405727124
external_lung,seed42_main,target_disjoint,0,1616,972,240,0.5138817000230044,29.244076218090125,1146.0016975784467,1.2056431978744322,5.15917354698729,5.4552675425334085,-1.5559805212458822
external_lung,seed42_main,target_disjoint,1,1616,972,240,0.5088926270991488,26.058021728615433,894.858434008092,1.4867946506573648,5.0886242872609575,5.365229254765747,-1.5177647556506753
external_lung,seed42_main,target_disjoint,2,1616,972,240,0.5410108823454234,25.792244549577376,905.470290846523,1.4764234540712309,5.117082179426329,5.4620460153084185,-1.5020674349040286
external_lung,seed42_main,target_disjoint,3,1616,972,240,0.5150734542340822,29.643690376828683,791.1781707992767,1.4321178699852941,5.1243849758047055,5.436661037504758,-1.5303947104548077
external_lung,seed42_main,target_disjoint,4,1616,972,240,0.4803959627329192,32.258270778698694,905.9094159272229,0.9607148308564109,5.039641402050356,5.2311659018347925,-1.543264051385648
external_lung,seed42_main,target_disjoint,5,1616,972,240,0.4990678437236409,30.203429599076003,820.930635018293,1.2622222587702379,5.0328367580550815,5.3069102901292435,-1.4778101315317589
external_lung,seed42_main,target_disjoint,6,1616,972,240,0.5007803913299081,23.606658628210237,784.9276791128162,1.5989486103439268,4.992278876811828,5.108621973596915,-1.5575469291949915
external_lung,seed42_main,target_disjoint,7,1616,972,240,0.5151597206246965,35.09276787293157,938.3471531791934,0.9686485426224427,5.020009067886574,5.204446076497043,-1.5261343231428148
external_lung,seed42_main,target_disjoint,8,1616,972,240,0.5199842483960841,31.979766471995028,860.1880374648508,1.338866142706851,4.905170909528247,4.970703812486197,-1.5238859493464767
external_lung,seed42_main,target_disjoint,9,1616,972,240,0.5215817741481992,30.970093206078477,797.6007105675462,1.3753263626620982,4.88542112719202,4.943829722113659,-1.5155113090443124
external_lung,seed42_main,target_disjoint,10,1616,972,240,0.5516088681849551,30.55312329318434,774.531581388813,1.3842121697596614,4.852891156499618,4.918693630575265,-1.491053325749653
external_lung,seed42_main,target_disjoint,11,1616,972,240,0.5135174641515221,32.80619866774729,823.089858683199,1.116377371945866,4.8532486589500134,4.893267721458871,-1.5123315518985014
external_lung,seed43,source_disjoint,0,1101,443,238,0.5398155708179242,32.41567421546919,815.7723412364272,1.2936565027103477,4.891453822459826,6.036482698295468,-1.2596142271227428
external_lung,seed43,source_disjoint,1,1101,443,238,0.519348597226701,27.079279158008358,952.599448053884,1.3965587601911316,4.7795178988244675,5.820552192149521,-1.231442692653066
external_lung,seed43,source_disjoint,2,1101,443,238,0.5224738759631417,26.281577809715102,954.7086609917083,1.4240757947003853,4.809351674098382,5.822788518382145,-1.2733313659699237
external_lung,seed43,source_disjoint,3,1101,443,238,0.5099521774033084,25.359826134488554,932.6129415649372,1.5381088715656994,4.826813596408818,5.870584422671289,-1.2739486176175085
external_lung,seed43,source_disjoint,4,1101,443,238,0.4949878899737216,25.914627302884934,969.1946203859789,1.5229448241922767,4.788246453365556,5.734192781832996,-1.2927361525132617
external_lung,seed43,source_disjoint,5,1101,443,238,0.5044186158205657,31.162843538945793,718.5380231412405,1.3955427893755852,4.746235729661339,5.704764076350415,-1.2546439472735549
external_lung,seed43,source_disjoint,6,1101,443,238,0.5042402244986174,31.537196171011644,744.6034140245562,1.439852670437028,4.726676510537941,5.664394052704705,-1.2463846550087485
external_lung,seed43,source_disjoint,7,1101,443,238,0.4953103665941666,26.62700420975947,974.6835772515776,1.4220517688716356,4.7623807344225595,5.6833213761137005,-1.2807998492977135
external_lung,seed43,source_disjoint,8,1101,443,238,0.5022058773079376,33.38242549900695,827.4325708344705,1.268421400929948,4.673044531219813,5.576696463519621,-1.2215896219475149
external_lung,seed43,source_disjoint,9,1101,443,238,0.4943189225164154,26.106105034113845,998.7705796894766,1.4398616338455419,4.644696237206647,5.437947299077349,-1.256914630083802
external_lung,seed43,source_disjoint,10,1101,443,238,0.5211016350250777,27.433172492399283,1031.5420891498188,1.3479712068223175,4.662194843061087,5.338410419568941,-1.3432592909503416
external_lung,seed43,source_disjoint,11,1101,443,238,0.5214927236924258,35.54794477943105,880.9174465896617,0.990109093612504,4.685100328575793,5.351919750577466,-1.3645761353527297
external_lung,seed43,target_disjoint,0,1563,952,240,0.5131122006904234,23.75034411453361,826.3279850454248,1.5823314240437976,5.111593234786936,5.324878394749735,-1.5046709293732072
external_lung,seed43,target_disjoint,1,1563,952,240,0.5099196798195547,26.491365662185967,973.743140089384,1.435082895406741,5.127500846017568,5.351766028714772,-1.5130581980062154
external_lung,seed43,target_disjoint,2,1563,952,240,0.508986164023711,26.437207263069293,658.1017997010323,1.6176570354052637,5.072658047033313,5.303667341858444,-1.4804254501174023
external_lung,seed43,target_disjoint,3,1563,952,240,0.48751358153736124,25.01227299266254,907.5274683555893,1.561220122233943,5.049273351074657,5.204923089459352,-1.5016137005609862
external_lung,seed43,target_disjoint,4,1563,952,240,0.48029129818867,22.57445283290175,773.5249071881398,1.7118538167713087,5.070237675678308,5.255087681220244,-1.4973393309075054
external_lung,seed43,target_disjoint,5,1563,952,240,0.46807822965520085,33.92938875989669,952.605393263057,0.8726889809765546,5.037256243721829,5.205934401913935,-1.4836359815792812
external_lung,seed43,target_disjoint,6,1563,952,240,0.47163521709829603,22.58232733218758,826.2382181759623,1.7026482751161671,4.96360946731915,4.978324436585245,-1.5374630201430008
external_lung,seed43,target_disjoint,7,1563,952,240,0.46385935716348736,23.445193057827353,824.4183848500555,1.6723238402351035,4.969109554751124,4.91809048023879,-1.5845489591368993
external_lung,seed43,target_disjoint,8,1563,952,240,0.4687418338857638,22.340285653037693,796.9381108558744,1.7427145711585719,4.90966052983392,4.938846506032059,-1.4830441200003415
external_lung,seed43,target_disjoint,9,1563,952,240,0.49332097814575904,30.478429534674987,849.8656976863834,1.37082880548161,4.9168298823133965,4.915003178783901,-1.512695308408417
external_lung,seed43,target_disjoint,10,1563,952,240,0.5089844448417665,24.027257651293226,935.1681843845838,1.6647214410367799,4.888332794502471,4.867017591870292,-1.5090037071405564
external_lung,seed43,target_disjoint,11,1563,952,240,0.492526716087417,31.9366734331355,897.0725980074706,1.170063353530272,4.843081707542627,4.699599868731239,-1.5573431923015433
external_lung,seed44,source_disjoint,0,1138,472,240,0.5221900926350079,27.156902206593486,661.4461140695009,1.6564377150211547,5.209111420255746,5.019605232274669,-1.556971860095185
external_lung,seed44,source_disjoint,1,1138,472,240,0.5225177508016492,26.691993370525946,979.7236662137548,1.4569357024384193,5.140287647352116,4.955326845649567,-1.530377636713628
external_lung,seed44,source_disjoint,2,1138,472,240,0.5151438514785972,24.100551078376323,854.5697232259739,1.6720795513102127,5.17505110413241,4.941078517732303,-1.576220508977532
external_lung,seed44,source_disjoint,3,1138,472,240,0.5016589682903242,24.157775811539008,825.6491779628637,1.656686987670773,5.178372073183283,4.892166066965407,-1.6126161722774945
external_lung,seed44,source_disjoint,4,1138,472,240,0.5187480913116506,25.601058412044342,926.8014810621879,1.586315624551197,5.126692071319777,4.919387389213789,-1.533429265274278
external_lung,seed44,source_disjoint,5,1138,472,240,0.5163813177584364,30.390920562791628,801.6969243171847,1.2947883944797949,5.047147427548867,4.675329383847036,-1.5952479355473173
external_lung,seed44,source_disjoint,6,1138,472,240,0.5225336565378939,29.296161829005634,818.6057682371695,1.4241129422306642,5.023988566240102,4.640187373757132,-1.581956643211719
external_lung,seed44,source_disjoint,7,1138,472,240,0.5021361403776659,23.794928213990126,804.4685170887551,1.6928596594426064,5.099981548493302,4.70452658047658,-1.6298757319306594
external_lung,seed44,source_disjoint,8,1138,472,240,0.504957817987479,26.434263053035824,953.4752173894892,1.4887295441717325,5.039775386368722,4.633035406831237,-1.5994300117652456
external_lung,seed44,source_disjoint,9,1138,472,240,0.4859600066167863,33.258079390425976,887.8611281600936,1.1076675768407727,5.04487498685862,4.701154307784287,-1.558841282888324
external_lung,seed44,source_disjoint,10,1138,472,240,0.49488630579732273,25.99162813617263,895.0706004676143,1.4507883927009264,4.984010018624834,4.524242172172142,-1.5938862378137515
external_lung,seed44,source_disjoint,11,1138,472,240,0.4977175268488828,26.8201275391799,942.1537872717388,1.3583647377073045,4.955750694904802,4.414689268653919,-1.6356153003887666
external_lung,seed44,target_disjoint,0,1588,944,240,0.5431369420465312,30.03721329143256,859.7888246200021,1.3637719793210077,5.19997599575382,4.297184691852763,-1.7402667064413204
external_lung,seed44,target_disjoint,1,1588,944,240,0.5054948218233498,24.28923553170184,725.6457438911674,1.5712198090096143,5.208958300178068,4.349207705669446,-1.7139476290683435
external_lung,seed44,target_disjoint,2,1588,944,240,0.5003182900831666,26.275197527316063,931.6913822909056,1.4762162166524015,5.1517668863745865,4.319667698822035,-1.6594143862491153
external_lung,seed44,target_disjoint,3,1588,944,240,0.4826832100747447,28.98967471402669,972.0004551991763,1.2689775044486744,5.1635704156463005,4.388937788907843,-1.6260218230617993
external_lung,seed44,target_disjoint,4,1588,944,240,0.4682047123381408,28.58687730827205,1070.5491280097087,1.3490546465465911,5.155173104705878,4.323316901137875,-1.6692842389426705
external_lung,seed44,target_disjoint,5,1588,944,240,0.5010124420991683,31.989927933031836,901.0903951664354,1.1550615817243661,5.1297174161978,4.224513573055129,-1.719082447819397
external_lung,seed44,target_disjoint,6,1588,944,240,0.4867444928413517,30.14373352000335,864.5033750843025,1.143480932342476,5.146735024380702,4.298159446012773,-1.672939493112851
external_lung,seed44,target_disjoint,7,1588,944,240,0.5111171241709653,24.238528906138995,873.6027941548246,1.7357594982365867,5.191891530502359,4.2895862474938555,-1.7482560529810622
external_lung,seed44,target_disjoint,8,1588,944,240,0.5035143501947574,24.72820858373631,846.2993326355555,1.616269692109305,5.1248124022363,4.218558305037765,-1.7208581006819097
external_lung,seed44,target_disjoint,9,1588,944,240,0.5051000434256236,31.008551368617347,913.2860480318634,1.2817333893155065,5.083554957729975,4.1358455357948145,-1.7352899076772677
external_lung,seed44,target_disjoint,10,1588,944,240,0.5161752223918308,32.04169364628817,946.2970477880965,1.166656443046014,5.134130267283128,4.2232913266579715,-1.7297055046864662
external_lung,seed44,target_disjoint,11,1588,944,240,0.4952832206021686,28.547757211523578,795.339804838841,1.5346143099996652,5.144217574540854,4.210416169948283,-1.7510383546749482
immune,seed42_main,source_disjoint,0,1260,303,240,0.5518879474154312,21.17822482494758,749.5053158415903,1.8863526754240958,5.249125135489856,5.404247939992126,-1.634898557595355
immune,seed42_main,source_disjoint,1,1260,303,240,0.567689527573447,29.380316843918777,760.2124026041147,1.4129192538010387,5.215266646744181,5.4491384425479,-1.5612200502333617
immune,seed42_main,source_disjoint,2,1260,303,240,0.5661859289377213,23.62535104108458,824.2077742060152,1.6456224873916256,5.159211846132242,5.296070355456682,-1.5858498926755653
immune,seed42_main,source_disjoint,3,1260,303,240,0.5463736028775291,22.895614774024875,875.6563218873482,1.7858979237158072,5.086165636900696,5.259766504192036,-1.5203882902749513
immune,seed42_main,source_disjoint,4,1260,303,240,0.52683026923382,23.080770044838378,851.1255354930212,1.7061543159367174,5.005494151705585,5.20797472356631,-1.4580445023690392
immune,seed42_main,source_disjoint,5,1260,303,240,0.5437871373344232,22.210230174181735,881.4758755634543,1.805650826272331,4.960730408263016,5.12852403028458,-1.4529540277148725
immune,seed42_main,source_disjoint,6,1260,303,240,0.5536329495018468,21.948813152539074,761.6735677760237,1.8132291464448507,4.926087384074873,5.0872453744627455,-1.4524332621271603
immune,seed42_main,source_disjoint,7,1260,303,240,0.5634028920133392,22.35542679478753,834.3742206080699,1.7809144653545521,4.967502932981009,5.183100878241634,-1.4524650617765666
immune,seed42_main,source_disjoint,8,1260,303,240,0.5943059823223702,20.755968218051915,671.2326547981105,1.9304118414997484,4.929499765497354,5.150631658153044,-1.4280018157457883
immune,seed42_main,source_disjoint,9,1260,303,240,0.5704553213942084,33.25160586638045,878.3394967077436,0.900802758821109,4.975864536888699,5.2829020705989,-1.4117342918401072
immune,seed42_main,source_disjoint,10,1260,303,240,0.5781940262991817,24.567160241294044,914.2952981534603,1.5176300626207186,4.971694188411648,5.190758246460837,-1.4398637106984955
immune,seed42_main,source_disjoint,11,1260,303,240,0.6171048139296689,22.825652717618855,792.4651945462026,1.7433266213020986,4.861324280492232,5.025843719692814,-1.4046799463014712
immune,seed42_main,target_disjoint,0,1465,357,227,0.5784945747251969,20.68944344990933,736.4783398224107,1.8440209013170727,4.7740118509098,7.000868935470681,-1.1328379311084227
immune,seed42_main,target_disjoint,1,1465,357,227,0.5724246377251261,32.61891355822081,845.7345740591522,1.0998747036794303,4.719914845820241,6.890183707254914,-1.1124467381559078
immune,seed42_main,target_disjoint,2,1465,357,227,0.5645723993568547,21.556560042485646,807.8346875913218,1.7760495715197553,4.7317078732403495,6.886051107899763,-1.1307429127941548
immune,seed42_main,target_disjoint,3,1465,357,227,0.5707737968833743,18.6835935171215,632.6003720873608,1.9777078774939132,4.589527934236106,6.547065272417495,-1.0943800013643172
immune,seed42_main,target_disjoint,4,1465,357,227,0.5594707196958205,25.63893948647095,697.221443781696,1.8061337281144878,4.579347249954357,6.527518092019774,-1.0901000482037166
immune,seed42_main,target_disjoint,5,1465,357,227,0.5771976660700381,26.610080528576507,731.6797038125842,1.7685890311162662,4.550834048717998,6.479328692762109,-1.0763997502450506
immune,seed42_main,target_disjoint,6,1465,357,227,0.5884956870834976,19.649199004847166,639.9409595607759,1.921286737796896,4.5503203817751405,6.506569021669905,-1.0669624161458648
immune,seed42_main,target_disjoint,7,1465,357,227,0.5842383884961927,25.007878259505006,646.7893596003942,1.8797089247917687,4.527616132451306,6.354880688018392,-1.102379363057769
immune,seed42_main,target_disjoint,8,1465,357,227,0.5713249198596406,22.437719840190223,898.982024255204,1.6257563189555266,4.484749789300672,6.207384529538583,-1.1151228284160408
immune,seed42_main,target_disjoint,9,1465,357,227,0.5705184600916178,22.254873181104024,893.6346103540308,1.6870448100697446,4.530565016523935,6.322407129330295,-1.1264035042196605
immune,seed42_main,target_disjoint,10,1465,357,227,0.5587552710614931,19.83963902450971,675.6334651494051,1.8483529646309491,4.506516862157102,6.262325120012267,-1.1217374335718286
immune,seed42_main,target_disjoint,11,1465,357,227,0.5804715387960238,25.951258689909587,570.8036844773932,1.6203766798674684,4.429095773874697,6.17158068516338,-1.0655552947096685
immune,seed43,source_disjoint,0,1218,300,240,0.5626724763979666,23.642729234423875,807.3202685227704,1.5793841373291009,5.030128767507548,6.212978828821911,-1.3885345666074274
immune,seed43,source_disjoint,1,1218,300,240,0.5234277414669571,24.75796467898011,987.2982558754352,1.4930965352624823,5.051121969258009,6.2244439941907626,-1.4071905750224016
immune,seed43,source_disjoint,2,1218,300,240,0.5127668845315905,32.41026310555311,852.7332896241584,1.173189485693293,4.972735216741149,6.115298070157956,-1.3644951879096336
immune,seed43,source_disjoint,3,1218,300,240,0.5267719680464779,20.891880138140312,669.6126392542394,1.9056047757348762,4.991951400723436,6.135123602301019,-1.3784099809692212
immune,seed43,source_disjoint,4,1218,300,240,0.5437654320987655,23.970307512516186,882.1548539625443,1.6010677249593719,4.989743626894463,6.160713028875639,-1.358044826450218
immune,seed43,source_disjoint,5,1218,300,240,0.5426906318082788,22.956093390332786,805.6503440723812,1.7128975921704295,4.840943037203255,5.794497243619793,-1.3609585646756472
immune,seed43,source_disjoint,6,1218,300,240,0.5263834422657951,24.00532744893144,883.3522332093285,1.5139942138690639,4.795858055228922,5.790498529511562,-1.3014187551000778
immune,seed43,source_disjoint,7,1218,300,240,0.5569389978213508,29.94392487686524,783.5527174772593,1.4203692574370455,4.845987504451899,5.875654423847371,-1.3250118419285424
immune,seed43,source_disjoint,8,1218,300,240,0.578961510530138,19.986278721524304,664.7574044010211,1.91469369920321,4.789382322422306,5.815561691230203,-1.2837342977942796
immune,seed43,source_disjoint,9,1218,300,240,0.5572621641249093,21.690889082714154,761.7961649440927,1.8146375848292935,4.797385086200834,5.826236694869108,-1.2853170812050139
immune,seed43,source_disjoint,10,1218,300,240,0.5336637618010167,28.263872541262874,708.3665419090081,1.540291946065374,4.750161070683905,5.7169218562080575,-1.2847330815714826
immune,seed43,source_disjoint,11,1218,300,240,0.5859077705156136,23.206878873631542,949.5403555295422,1.6297787913489612,4.638260696594758,5.485652749632487,-1.2736113058328193
immune,seed43,target_disjoint,0,1465,358,228,0.5555858351879607,21.38815514973065,791.363279411878,1.7184681369591304,4.624957645246159,7.561860896997376,-0.9730325982434832
immune,seed43,target_disjoint,1,1465,358,228,0.548026020297447,20.671911393779403,805.4840963115539,1.7982932978350568,4.599436455443422,7.4875888239352095,-0.9741493458117622
immune,seed43,target_disjoint,2,1465,358,228,0.5367973232804955,19.191361672902946,701.825785662524,1.9311509458439102,4.553532540085584,7.354547100464269,-0.9667062309554695
immune,seed43,target_disjoint,3,1465,358,228,0.5361538810918836,17.68466890887202,661.4761594124217,2.1928753478925334,4.464347423335887,7.026875162913327,-0.9819442965204234
immune,seed43,target_disjoint,4,1465,358,228,0.5508268862949337,28.77035093575458,591.2394907295045,1.1844753231671057,4.485325212809934,7.099643254935463,-0.9774402393867447
immune,seed43,target_disjoint,5,1465,358,228,0.5638370350183949,21.69534822610695,881.5715118681691,1.7475309584439531,4.451484891323559,7.050666153313023,-0.9545177880174457
immune,seed43,target_disjoint,6,1465,358,228,0.5439635029497408,20.617424647581753,729.3430467983299,1.7776021227158205,4.395312185993609,6.853559757839327,-0.9622989837931805
immune,seed43,target_disjoint,7,1465,358,228,0.5460780306127083,21.366365883783658,854.7738052237579,1.7539389631099027,4.44927305137037,7.023207811617777,-0.961834916957364
immune,seed43,target_disjoint,8,1465,358,228,0.5560829258199471,18.187711069014675,584.0196702316147,1.996063194679099,4.422802646717205,6.856279871408567,-0.9999555548439074
immune,seed43,target_disjoint,9,1465,358,228,0.539769773861612,20.610249592915057,798.825181949586,1.8050267944643366,4.432399291143499,6.911380912045263,-0.9897274663265756
immune,seed43,target_disjoint,10,1465,358,228,0.5284679010663478,18.563168827415442,685.9257075843794,2.036492850377287,4.4039426335315754,6.874626784621285,-0.9696105142441048
immune,seed43,target_disjoint,11,1465,358,228,0.5586453397122426,27.263745314454283,719.9608178509602,1.5740764010483828,4.2891916807268675,6.564014476616827,-0.9521213689279779
immune,seed44,source_disjoint,0,1229,306,240,0.5812833258980732,29.59460158691009,709.2547425581233,1.2737683273377105,4.931491765920095,6.444159686605161,-1.30268223297541
immune,seed44,source_disjoint,1,1229,306,240,0.57248139414668,18.27186146783352,554.2768338541226,2.25458378689144,4.954905344570885,6.5611242442934685,-1.2762406586303283
immune,seed44,source_disjoint,2,1229,306,240,0.5690717962880348,21.90867411076574,804.6357008974934,1.7902069377300807,4.904944945586639,6.431716734064561,-1.2754718333723658
immune,seed44,source_disjoint,3,1229,306,240,0.5571435146828685,26.7574875702818,704.6876814710237,1.802795948508025,4.82496279943385,6.270962919740537,-1.2490283144359897
immune,seed44,source_disjoint,4,1229,306,240,0.5711147225231733,23.403692142842154,891.6097883806297,1.5722573767631938,4.739593153871054,6.107824875332011,-1.225655201504444
immune,seed44,source_disjoint,5,1229,306,240,0.5847601951578754,21.87471196300463,802.391349358333,1.7880511716363285,4.730017613148347,6.0643282142157915,-1.2357602185852654
immune,seed44,source_disjoint,6,1229,306,240,0.5868633115940489,24.376484899869812,987.5669561167082,1.562069061798529,4.67597978071361,6.012168526629647,-1.1885875790772906
immune,seed44,source_disjoint,7,1229,306,240,0.5756679342014884,23.72888241936558,1006.3282368832542,1.625994494521592,4.703685667392635,6.025507843231491,-1.2203009232293796
immune,seed44,source_disjoint,8,1229,306,240,0.6047787479021944,26.90803412215575,631.3719759511088,1.5817262181512137,4.716628488731123,6.082828887544608,-1.2083841717942685
immune,seed44,source_disjoint,9,1229,306,240,0.6010292524377031,18.893549749721547,654.7639968945629,2.0887368814615783,4.679289122017128,5.981965482975267,-1.207641948227592
immune,seed44,source_disjoint,10,1229,306,240,0.5978108469823465,19.478417673035004,654.2258355692691,1.9993676284092987,4.640796004689025,5.9542857074946,-1.1759335864050067
immune,seed44,source_disjoint,11,1229,306,240,0.6178400215268482,20.85190004501457,718.0013236278268,1.9281926635332418,4.551298772010301,5.727244733648106,-1.1812774095872796
immune,seed44,target_disjoint,0,1467,358,228,0.5855040778596652,18.324194205173104,616.4624087344218,2.0392641555838864,4.6087852874090505,7.48350686311935,-0.9848662127740127
immune,seed44,target_disjoint,1,1467,358,228,0.5808771302345965,26.533366002651658,690.1495884783632,1.695845298555871,4.601598770675222,7.435222538672399,-0.9957230294750069
immune,seed44,target_disjoint,2,1467,358,228,0.5602687004750366,18.977549017737594,724.4501620517235,2.0451721100872007,4.554694851096206,7.327759035442904,-0.9770593972646163
immune,seed44,target_disjoint,3,1467,358,228,0.5820684999823688,27.381651478732714,602.3058925181421,1.5028598888531717,4.501865945548752,7.144951105673845,-0.9805769725387857
immune,seed44,target_disjoint,4,1467,358,228,0.5976369067709095,18.21637153493499,691.4905969051576,2.1398001497308896,4.42577458834425,6.961527700769224,-0.9588275948023413
immune,seed44,target_disjoint,5,1467,358,228,0.5939796787079809,25.004241658498614,598.1909443141368,1.888428882145878,4.400134687377498,6.93990319298771,-0.9316265166921773
immune,seed44,target_disjoint,6,1467,358,228,0.6179707925505387,26.882299290009534,593.0022695102778,1.434079091918904,4.398466869146634,6.964117069829821,-0.9220232878062664
immune,seed44,target_disjoint,7,1467,358,228,0.6039237120361088,19.99332564449803,716.0724335972121,1.7842066328167248,4.407620135255484,6.980072380380165,-0.9266352837740048
immune,seed44,target_disjoint,8,1467,358,228,0.5940527225191552,16.849041938234066,591.5813609030924,2.3621287823284214,4.391889935083886,6.891593305170744,-0.9458208582605607
immune,seed44,target_disjoint,9,1467,358,228,0.5924507961775418,20.483082865619892,780.9272195078898,1.8409521466815038,4.4064536458052945,6.8896645498802,-0.9593112304913436
immune,seed44,target_disjoint,10,1467,358,228,0.5722478855076041,34.62735454311416,869.9070815579696,0.9245418120859487,4.393848531596322,6.873429403754828,-0.956237587685573
immune,seed44,target_disjoint,11,1467,358,228,0.6098377419891089,21.410026192825832,802.8436284285614,1.7792056699480485,4.271409730896493,6.580668117569122,-0.9224340572398344
lung,seed42_main,source_disjoint,0,1037,460,239,0.5178547208198327,26.543497610674326,708.1471909573654,1.7825195712331636,4.557884113430927,6.368931365011573,-1.0998496822780737
lung,seed42_main,source_disjoint,1,1037,460,239,0.5077801220706805,25.493316949464816,650.0962417326448,1.8511206680023635,4.520184622971874,6.3006898783900125,-1.0813598260512443
lung,seed42_main,source_disjoint,2,1037,460,239,0.5274093888930751,24.21396957064342,941.4326983025088,1.5633165699196327,4.501932332860793,6.252864055895906,-1.0815702475048725
lung,seed42_main,source_disjoint,3,1037,460,239,0.5237811770024866,24.31732063847982,926.9017646736637,1.5905877891528073,4.527006823085712,6.249738281621845,-1.1219713009325185
lung,seed42_main,source_disjoint,4,1037,460,239,0.5179677492276392,19.990630975657293,683.9595072798924,1.9613763650378517,4.529618914069475,6.2869127690571265,-1.10391317395429
lung,seed42_main,source_disjoint,5,1037,460,239,0.5241617059754352,21.64685438476357,786.4567827784691,1.7716581449011388,4.415993111650408,6.03610649987989,-1.0762580777079573
lung,seed42_main,source_disjoint,6,1037,460,239,0.5347713058548714,23.814296999631182,884.8038400881104,1.502861556833438,4.496577742260677,6.193702240348041,-1.1071327671874354
lung,seed42_main,source_disjoint,7,1037,460,239,0.5231519855323638,22.44718716072827,866.9211930110743,1.8018737756004473,4.4391684228946575,6.064162240117591,-1.0957947645365047
lung,seed42_main,source_disjoint,8,1037,460,239,0.5231519855323638,20.921722992081158,771.0850479603688,1.931075681609434,4.46376202301494,6.130595995032831,-1.0968677136842728
lung,seed42_main,source_disjoint,9,1037,460,239,0.5489450681938061,27.868362734332642,641.8934157350075,1.5928454649103863,4.366506142083268,5.812903186425938,-1.118900141599722
lung,seed42_main,source_disjoint,10,1037,460,239,0.577661819003843,22.952301107522395,854.6805905126567,1.64573401707939,4.328108776063466,5.78099664193393,-1.0825328189474992
lung,seed42_main,source_disjoint,11,1037,460,239,0.5288938286489338,28.291072532978035,638.695744880333,1.5409443920591976,4.26085940919831,5.503840395496594,-1.134674381371251
lung,seed42_main,target_disjoint,0,1368,775,238,0.5497601044443235,29.50540343840786,673.232244458568,1.4071844679400454,4.961483250057948,5.736130197297421,-1.3937978271293996
lung,seed42_main,target_disjoint,1,1368,775,238,0.5494750584779416,32.96494437600691,825.5252011894801,1.0600044913385334,4.887428650454922,5.631845400289932,-1.3582396526197473
lung,seed42_main,target_disjoint,2,1368,775,238,0.5199238426807375,26.803723901012432,987.9684194171539,1.3641655974470304,4.8814932834193145,5.602595335350092,-1.3666815597554096
lung,seed42_main,target_disjoint,3,1368,775,238,0.5529456563128978,23.587204792351944,786.9463844576971,1.6991359629075682,4.8712689976050285,5.574386412111336,-1.379922792195606
lung,seed42_main,target_disjoint,4,1368,775,238,0.5433171952347277,22.307387906017546,760.8658657025667,1.7668132954561253,4.776770035933578,5.340478795686886,-1.388088449039399
lung,seed42_main,target_disjoint,5,1368,775,238,0.5237099494097808,23.052744799874386,789.4750847879882,1.6730803297558337,4.702521014179963,5.234030266288203,-1.3565136793165444
lung,seed42_main,target_disjoint,6,1368,775,238,0.5502344557471577,25.440548582857836,958.726939375601,1.5722922903361476,4.668087467653465,5.114713252819162,-1.3700132474901439
lung,seed42_main,target_disjoint,7,1368,775,238,0.5506609367350269,27.164358007188333,995.8765931023611,1.3625821909302196,4.636349279546847,5.083210031025997,-1.3500051197218472
lung,seed42_main,target_disjoint,8,1368,775,238,0.5429625197193059,22.8550908134239,701.931689161013,1.687170668129764,4.637634887718624,5.023897373468439,-1.395926167853501
lung,seed42_main,target_disjoint,9,1368,775,238,0.5275548060708263,24.744926116329935,907.7200053793676,1.5584036290525018,4.5908433111485945,4.9514726562548566,-1.372895110384303
lung,seed42_main,target_disjoint,10,1368,775,238,0.5511070010335636,21.691251310675057,724.4877007322102,1.829599270383818,4.530728920456186,4.761493540383464,-1.4176258201253726
lung,seed42_main,target_disjoint,11,1368,775,238,0.5432823804602077,24.28462135713815,910.9305424482122,1.5172044118573935,4.47494309118469,4.6908777782569535,-1.374997118967652
lung,seed43,source_disjoint,0,1116,487,239,0.5592577116311868,25.21097441315921,884.8424800566345,1.4913448073930429,4.885854837843321,5.6777625337684405,-1.3735136853761318
lung,seed43,source_disjoint,1,1116,487,239,0.5465195235094982,24.750075730705806,978.2147157455261,1.6031491829642122,4.777311017013383,5.397150573892436,-1.39525037209962
lung,seed43,source_disjoint,2,1116,487,239,0.5385410171616235,29.7789846300328,699.6640387576767,1.4634109356939233,4.774844112996,5.440526118953632,-1.3660242095405017
lung,seed43,source_disjoint,3,1116,487,239,0.5421091462280012,29.30843666127844,815.3608346058791,1.5411877193331815,4.724861909440309,5.383361107474757,-1.3378861238895858
lung,seed43,source_disjoint,4,1116,487,239,0.5422756371542456,25.11512558484844,965.8783836065636,1.5383358702378254,4.721646764453318,5.289464056279487,-1.3976787825321384
lung,seed43,source_disjoint,5,1116,487,239,0.5271380209778568,23.96214171714052,846.8362504011739,1.5993672348475065,4.6879878684468625,5.199065629097107,-1.4053875407639473
lung,seed43,source_disjoint,6,1116,487,239,0.5385083718819677,24.926432288157937,862.6773540419608,1.5545193886225548,4.686455673814584,5.149860065516524,-1.4389392466145778
lung,seed43,source_disjoint,7,1116,487,239,0.5440417467836238,26.404115266054077,638.4670844638824,1.7636791704205748,4.6979451717816945,5.166221931529314,-1.440447513955213
lung,seed43,source_disjoint,8,1116,487,239,0.5535447876914238,29.736051259343682,739.2509466235166,1.2328379273184416,4.676102477239191,5.172767034901497,-1.400050152318515
lung,seed43,source_disjoint,9,1116,487,239,0.5635930047694753,24.59016829058616,942.1246103451698,1.6284721806427387,4.670660848011853,5.23117974784042,-1.3569362850133428
lung,seed43,source_disjoint,10,1116,487,239,0.5842542022636237,29.23389778151764,743.3222076929054,1.5485190135484215,4.661581334977866,5.227837806972348,-1.3466225550518411
lung,seed43,source_disjoint,11,1116,487,239,0.5307812341874427,21.61110221581789,750.9659555872752,1.8939068877662275,4.643109372082492,5.109047176188582,-1.3986670375569121
lung,seed43,target_disjoint,0,1287,720,240,0.5458541544189692,28.984733761984035,697.7872531677666,1.701333070921508,4.842530994501332,6.107988585702332,-1.256808871794422
lung,seed43,target_disjoint,1,1287,720,240,0.5414278365667254,26.481098608606306,995.6373217295259,1.427777944715965,4.7830824449127345,6.09626888545535,-1.1866796582602286
lung,seed43,target_disjoint,2,1287,720,240,0.5322004213207917,29.308155355920288,839.046400182859,1.5906164546110313,4.743285403912503,5.93561213884137,-1.2144382998529126
lung,seed43,target_disjoint,3,1287,720,240,0.5081092004703116,29.395851339686054,858.3604113938809,1.5573734596747664,4.695002440430228,5.817976764451409,-1.2067881092397248
lung,seed43,target_disjoint,4,1287,720,240,0.4942031648050167,26.049712821529276,1012.393412354477,1.403760543836575,4.6670279218865405,5.717437152687267,-1.233764370495335
lung,seed43,target_disjoint,5,1287,720,240,0.5015419851067999,33.8109566099304,769.8433666958443,0.9836583292762827,4.669303939001943,5.724416397624883,-1.2294098257694916
lung,seed43,target_disjoint,6,1287,720,240,0.528687781697041,22.8729530395559,799.4072992689887,1.6486651470268074,4.595248739646139,5.57703829478817,-1.2093366341716363
lung,seed43,target_disjoint,7,1287,720,240,0.5189876053301978,27.91192731752965,591.4518628008544,1.608560999837821,4.665235385294212,5.727332405644144,-1.2242862023792056
lung,seed43,target_disjoint,8,1287,720,240,0.512751077797374,24.1219447614342,820.8354399202544,1.5727505205222683,4.610450628198638,5.620545640293312,-1.2091570420714397
lung,seed43,target_disjoint,9,1287,720,240,0.5020024985302762,23.003886057876603,809.3470836949915,1.742011584319781,4.607725016510689,5.555189963337361,-1.238100290588623
lung,seed43,target_disjoint,10,1287,720,240,0.4990091612776798,23.556081787513335,831.7454062975538,1.570504191080702,4.5862542218690505,5.482569156221015,-1.2427138202114636
lung,seed43,target_disjoint,11,1287,720,240,0.48978174603174607,30.05064250685628,761.2332729315564,1.4290687586103417,4.55674174410811,5.347137879511967,-1.2835811202579093
lung,seed44,source_disjoint,0,1162,501,237,0.5495665250437098,23.62481263179293,951.3485208412707,1.651195965301514,4.7199223429853,6.396088014431396,-1.1804327558134082
lung,seed44,source_disjoint,1,1162,501,237,0.5453812496036671,25.1939674206306,943.1183056594848,1.4498269433781354,4.69106650222346,6.3652370894835695,-1.1586541912449748
lung,seed44,source_disjoint,2,1162,501,237,0.5551770890895968,30.118646284816013,815.6028336944676,1.4688475562192187,4.61698848264561,6.19965805768846,-1.1408335612649714
lung,seed44,source_disjoint,3,1162,501,237,0.5357575318349685,24.30797424577594,907.4705159156267,1.619659431195743,4.627006694711746,6.262835498958612,-1.1224669363654125
lung,seed44,source_disjoint,4,1162,501,237,0.533447477208971,25.648714108031616,611.17745373109,1.947528256069766,4.592338385434443,6.180470667659099,-1.1206922437598597
lung,seed44,source_disjoint,5,1162,501,237,0.5469212860209989,30.51302713919154,746.8654933414326,1.4282664111831798,4.513843528458573,5.878409506996736,-1.166298250357129
lung,seed44,source_disjoint,6,1162,501,237,0.5236893837136619,23.78600934617945,890.4404251498353,1.638084902398599,4.557186564233399,5.948444770897086,-1.1886019206319551
lung,seed44,source_disjoint,7,1162,501,237,0.5431738640721583,25.630094828624397,985.788700780328,1.4182551260640577,4.547543932904961,5.95363176682147,-1.170512215601186
lung,seed44,source_disjoint,8,1162,501,237,0.5431149803267897,32.63787584916428,757.8512111395111,1.0987429541746772,4.536813031194005,5.976825154222607,-1.1416028038035066
lung,seed44,source_disjoint,9,1162,501,237,0.5590739851612961,26.293638376357425,977.2141428718113,1.3557955659003649,4.544512678994845,5.981839257422509,-1.1470645036753557
lung,seed44,source_disjoint,10,1162,501,237,0.59194470363358,28.223189917311434,1115.3363443669589,1.216184844082376,4.571854598600738,6.136144232122194,-1.1077090507787244
lung,seed44,source_disjoint,11,1162,501,237,0.5684093235616513,24.800855528088775,902.7722346883397,1.4891177469332086,4.532598804185985,5.937003277405581,-1.160828568256793
lung,seed44,target_disjoint,0,1297,696,240,0.5100777918029338,26.571294253430747,686.4696359432079,1.766452095458277,4.741103915136341,6.007162490187118,-1.2212331346097163
lung,seed44,target_disjoint,1,1297,696,240,0.5140606173618683,23.872529888220324,887.2607180652132,1.6136727521111587,4.718500783082635,6.035198670198703,-1.1808102827566909
lung,seed44,target_disjoint,2,1297,696,240,0.4963267638227475,24.21533925415506,979.1926094336991,1.5590939088502387,4.683205030892122,6.005363268570713,-1.151566535786209
lung,seed44,target_disjoint,3,1297,696,240,0.4982894887830627,27.300908381206135,694.9509345595499,1.7701977011171754,4.66920741941381,5.976603301856684,-1.1518059712783166
lung,seed44,target_disjoint,4,1297,696,240,0.4762189932487999,28.62066178138789,740.6993677766378,1.6570706114519236,4.582128609902698,5.698442389222081,-1.1749926143404623
lung,seed44,target_disjoint,5,1297,696,240,0.49647498422169944,29.217854410322982,721.2732321360393,1.5142481182301941,4.5854092707991425,5.6594452810332925,-1.1964859480478636
lung,seed44,target_disjoint,6,1297,696,240,0.4961713714690076,35.258647870574755,942.1376297781037,0.7022807060491673,4.54636488434589,5.6304882319745415,-1.1633327677964238
lung,seed44,target_disjoint,7,1297,696,240,0.5033528888633886,29.66473086465708,729.4436197452652,1.46291906037207,4.558930069211787,5.667289108053795,-1.1537546762764672
lung,seed44,target_disjoint,8,1297,696,240,0.4958271176391837,24.651736400666017,986.8763393189049,1.5073455661049087,4.540170865982744,5.605943380705549,-1.1670282016378728
lung,seed44,target_disjoint,9,1297,696,240,0.5002187446210339,31.272565983107445,759.7573286925768,1.1387968204143324,4.524688460185028,5.462711896992587,-1.2209666984401377
lung,seed44,target_disjoint,10,1297,696,240,0.512339348212749,24.542917585331324,937.3918223134673,1.5775676329349033,4.525538621672018,5.441594623565979,-1.2335698571449965
lung,seed44,target_disjoint,11,1297,696,240,0.4798719088874864,22.27961936815169,790.2632764859178,1.7853023664053937,4.500592051526625,5.2994514193920415,-1.2864150452123293
