null_kind,domain,seed_tag,split_regime,layer,perm_idx,null_delta_auc
axis_rank_permutation_within_degree_bins,external_lung,seed42_main,source_disjoint,7,0,-0.023092036643245883
axis_rank_permutation_within_degree_bins,external_lung,seed42_main,source_disjoint,7,1,-0.02664154787797446
axis_rank_permutation_within_degree_bins,external_lung,seed42_main,source_disjoint,7,2,-0.025485328956411424
axis_rank_permutation_within_degree_bins,external_lung,seed42_main,source_disjoint,7,3,-0.02607556658769883
axis_rank_permutation_within_degree_bins,external_lung,seed42_main,source_disjoint,7,4,-0.02707816201618707
axis_rank_permutation_within_degree_bins,external_lung,seed42_main,source_disjoint,7,5,-0.02748243436638409
axis_rank_permutation_within_degree_bins,external_lung,seed42_main,source_disjoint,7,6,-0.0377509520613849
axis_rank_permutation_within_degree_bins,external_lung,seed42_main,source_disjoint,7,7,-0.02780585224654153
axis_rank_permutation_within_degree_bins,external_lung,seed42_main,source_disjoint,7,8,-0.029317830836277925
axis_rank_permutation_within_degree_bins,external_lung,seed42_main,source_disjoint,7,9,-0.03201028468858902
axis_rank_permutation_within_degree_bins,external_lung,seed42_main,source_disjoint,7,10,-0.027684570541482545
axis_rank_permutation_within_degree_bins,external_lung,seed42_main,source_disjoint,7,11,-0.028881216698065204
axis_rank_permutation_within_degree_bins,external_lung,seed42_main,source_disjoint,11,0,-0.0212404692793442
axis_rank_permutation_within_degree_bins,external_lung,seed42_main,source_disjoint,11,1,-0.018095230394812423
axis_rank_permutation_within_degree_bins,external_lung,seed42_main,source_disjoint,11,2,-0.02108684578626918
axis_rank_permutation_within_degree_bins,external_lung,seed42_main,source_disjoint,11,3,-0.03063575869791968
axis_rank_permutation_within_degree_bins,external_lung,seed42_main,source_disjoint,11,4,-0.019291876551395082
axis_rank_permutation_within_degree_bins,external_lung,seed42_main,source_disjoint,11,5,-0.016688362616127272
axis_rank_permutation_within_degree_bins,external_lung,seed42_main,source_disjoint,11,6,-0.021507289030474164
axis_rank_permutation_within_degree_bins,external_lung,seed42_main,source_disjoint,11,7,-0.016081954090831907
axis_rank_permutation_within_degree_bins,external_lung,seed42_main,source_disjoint,11,8,-0.023172891113285243
axis_rank_permutation_within_degree_bins,external_lung,seed42_main,source_disjoint,11,9,-0.023560992569474193
axis_rank_permutation_within_degree_bins,external_lung,seed42_main,source_disjoint,11,10,-0.023447796311419022
axis_rank_permutation_within_degree_bins,external_lung,seed42_main,source_disjoint,11,11,-0.020407668237938492
axis_rank_permutation_within_degree_bins,external_lung,seed42_main,target_disjoint,7,0,-0.02965418656285168
axis_rank_permutation_within_degree_bins,external_lung,seed42_main,target_disjoint,7,1,-0.021633435149661318
axis_rank_permutation_within_degree_bins,external_lung,seed42_main,target_disjoint,7,2,-0.028042215395845282
axis_rank_permutation_within_degree_bins,external_lung,seed42_main,target_disjoint,7,3,-0.02510069388624081
axis_rank_permutation_within_degree_bins,external_lung,seed42_main,target_disjoint,7,4,-0.020382093650745392
axis_rank_permutation_within_degree_bins,external_lung,seed42_main,target_disjoint,7,5,-0.02464882056718798
axis_rank_permutation_within_degree_bins,external_lung,seed42_main,target_disjoint,7,6,-0.02741654464638743
axis_rank_permutation_within_degree_bins,external_lung,seed42_main,target_disjoint,7,7,-0.017553540470904183
axis_rank_permutation_within_degree_bins,external_lung,seed42_main,target_disjoint,7,8,-0.0160632275051813
axis_rank_permutation_within_degree_bins,external_lung,seed42_main,target_disjoint,7,9,-0.02671266505324721
axis_rank_permutation_within_degree_bins,external_lung,seed42_main,target_disjoint,7,10,-0.02827249699113199
axis_rank_permutation_within_degree_bins,external_lung,seed42_main,target_disjoint,7,11,-0.023275820866988428
axis_rank_permutation_within_degree_bins,external_lung,seed42_main,target_disjoint,11,0,-0.025209317280244004
axis_rank_permutation_within_degree_bins,external_lung,seed42_main,target_disjoint,11,1,-0.02260235582416914
axis_rank_permutation_within_degree_bins,external_lung,seed42_main,target_disjoint,11,2,-0.004514388254769686
axis_rank_permutation_within_degree_bins,external_lung,seed42_main,target_disjoint,11,3,-0.01281321555660797
axis_rank_permutation_within_degree_bins,external_lung,seed42_main,target_disjoint,11,4,-0.017488366434502245
axis_rank_permutation_within_degree_bins,external_lung,seed42_main,target_disjoint,11,5,-0.022202621734237704
axis_rank_permutation_within_degree_bins,external_lung,seed42_main,target_disjoint,11,6,-0.014907474592988024
axis_rank_permutation_within_degree_bins,external_lung,seed42_main,target_disjoint,11,7,-0.021685574378782935
axis_rank_permutation_within_degree_bins,external_lung,seed42_main,target_disjoint,11,8,-0.01469457274074204
axis_rank_permutation_within_degree_bins,external_lung,seed42_main,target_disjoint,11,9,-0.012930528822131415
axis_rank_permutation_within_degree_bins,external_lung,seed42_main,target_disjoint,11,10,-0.017927204946274866
axis_rank_permutation_within_degree_bins,external_lung,seed42_main,target_disjoint,11,11,-0.015585284571567604
axis_rank_permutation_within_degree_bins,external_lung,seed43,source_disjoint,7,0,-0.03350535616545469
axis_rank_permutation_within_degree_bins,external_lung,seed43,source_disjoint,7,1,-0.037265097609925135
axis_rank_permutation_within_degree_bins,external_lung,seed43,source_disjoint,7,2,-0.04099225897255465
axis_rank_permutation_within_degree_bins,external_lung,seed43,source_disjoint,7,3,-0.04334454088148676
axis_rank_permutation_within_degree_bins,external_lung,seed43,source_disjoint,7,4,-0.04241926655719763
axis_rank_permutation_within_degree_bins,external_lung,seed43,source_disjoint,7,5,-0.0415200562983814
axis_rank_permutation_within_degree_bins,external_lung,seed43,source_disjoint,7,6,-0.04073813433419349
axis_rank_permutation_within_degree_bins,external_lung,seed43,source_disjoint,7,7,-0.0411681914144969
axis_rank_permutation_within_degree_bins,external_lung,seed43,source_disjoint,7,8,-0.04195011337868482
axis_rank_permutation_within_degree_bins,external_lung,seed43,source_disjoint,7,9,-0.03988453618995491
axis_rank_permutation_within_degree_bins,external_lung,seed43,source_disjoint,7,10,-0.04193056532958006
axis_rank_permutation_within_degree_bins,external_lung,seed43,source_disjoint,7,11,-0.04136367190554391
axis_rank_permutation_within_degree_bins,external_lung,seed43,source_disjoint,11,0,-0.03165480751687655
axis_rank_permutation_within_degree_bins,external_lung,seed43,source_disjoint,11,1,-0.04227591419709653
axis_rank_permutation_within_degree_bins,external_lung,seed43,source_disjoint,11,2,-0.03314697526520194
axis_rank_permutation_within_degree_bins,external_lung,seed43,source_disjoint,11,3,-0.03690671670967238
axis_rank_permutation_within_degree_bins,external_lung,seed43,source_disjoint,11,4,-0.033479292099981905
axis_rank_permutation_within_degree_bins,external_lung,seed43,source_disjoint,11,5,-0.03862694503088593
axis_rank_permutation_within_degree_bins,external_lung,seed43,source_disjoint,11,6,-0.03325123152709353
axis_rank_permutation_within_degree_bins,external_lung,seed43,source_disjoint,11,7,-0.03183725597518716
axis_rank_permutation_within_degree_bins,external_lung,seed43,source_disjoint,11,8,-0.04011911277921143
axis_rank_permutation_within_degree_bins,external_lung,seed43,source_disjoint,11,9,-0.028683504052962383
axis_rank_permutation_within_degree_bins,external_lung,seed43,source_disjoint,11,10,-0.03237808533375042
axis_rank_permutation_within_degree_bins,external_lung,seed43,source_disjoint,11,11,-0.029530586180832596
axis_rank_permutation_within_degree_bins,external_lung,seed43,target_disjoint,7,0,-0.027085218323782523
axis_rank_permutation_within_degree_bins,external_lung,seed43,target_disjoint,7,1,-0.033846050735565125
axis_rank_permutation_within_degree_bins,external_lung,seed43,target_disjoint,7,2,-0.03860460440333746
axis_rank_permutation_within_degree_bins,external_lung,seed43,target_disjoint,7,3,-0.03238832478804321
axis_rank_permutation_within_degree_bins,external_lung,seed43,target_disjoint,7,4,-0.0334564860426928
axis_rank_permutation_within_degree_bins,external_lung,seed43,target_disjoint,7,5,-0.029485439495995358
axis_rank_permutation_within_degree_bins,external_lung,seed43,target_disjoint,7,6,-0.027403572266344933
axis_rank_permutation_within_degree_bins,external_lung,seed43,target_disjoint,7,7,-0.03350675245467627
axis_rank_permutation_within_degree_bins,external_lung,seed43,target_disjoint,7,8,-0.03175161690291872
axis_rank_permutation_within_degree_bins,external_lung,seed43,target_disjoint,7,9,-0.03095573204651303
axis_rank_permutation_within_degree_bins,external_lung,seed43,target_disjoint,7,10,-0.029770282497235345
axis_rank_permutation_within_degree_bins,external_lung,seed43,target_disjoint,7,11,-0.041147247076170124
axis_rank_permutation_within_degree_bins,external_lung,seed43,target_disjoint,11,0,-0.020047920646090955
axis_rank_permutation_within_degree_bins,external_lung,seed43,target_disjoint,11,1,-0.023093227438758857
axis_rank_permutation_within_degree_bins,external_lung,seed43,target_disjoint,11,2,-0.01988874367480986
axis_rank_permutation_within_degree_bins,external_lung,seed43,target_disjoint,11,3,-0.015092490198049702
axis_rank_permutation_within_degree_bins,external_lung,seed43,target_disjoint,11,4,-0.02858902181562284
axis_rank_permutation_within_degree_bins,external_lung,seed43,target_disjoint,11,5,-0.024027344928118977
axis_rank_permutation_within_degree_bins,external_lung,seed43,target_disjoint,11,6,-0.025786669347542035
axis_rank_permutation_within_degree_bins,external_lung,seed43,target_disjoint,11,7,-0.02241044200931608
axis_rank_permutation_within_degree_bins,external_lung,seed43,target_disjoint,11,8,-0.027164806809423236
axis_rank_permutation_within_degree_bins,external_lung,seed43,target_disjoint,11,9,-0.027177373412419215
axis_rank_permutation_within_degree_bins,external_lung,seed43,target_disjoint,11,10,-0.024517442444958237
axis_rank_permutation_within_degree_bins,external_lung,seed43,target_disjoint,11,11,-0.02666214268958822
axis_rank_permutation_within_degree_bins,external_lung,seed44,source_disjoint,7,0,-0.024188592816043797
axis_rank_permutation_within_degree_bins,external_lung,seed44,source_disjoint,7,1,-0.029586335958884935
axis_rank_permutation_within_degree_bins,external_lung,seed44,source_disjoint,7,2,-0.026555779006759428
axis_rank_permutation_within_degree_bins,external_lung,seed44,source_disjoint,7,3,-0.02540360873694214
axis_rank_permutation_within_degree_bins,external_lung,seed44,source_disjoint,7,4,-0.02351823920451379
axis_rank_permutation_within_degree_bins,external_lung,seed44,source_disjoint,7,5,-0.026870007262164153
axis_rank_permutation_within_degree_bins,external_lung,seed44,source_disjoint,7,6,-0.029865649963689234
axis_rank_permutation_within_degree_bins,external_lung,seed44,source_disjoint,7,7,-0.027184235517568878
axis_rank_permutation_within_degree_bins,external_lung,seed44,source_disjoint,7,8,-0.024076867214122277
axis_rank_permutation_within_degree_bins,external_lung,seed44,source_disjoint,7,9,-0.02738673817105186
axis_rank_permutation_within_degree_bins,external_lung,seed44,source_disjoint,7,10,-0.02840623428858724
axis_rank_permutation_within_degree_bins,external_lung,seed44,source_disjoint,7,11,-0.026367242053516593
axis_rank_permutation_within_degree_bins,external_lung,seed44,source_disjoint,11,0,-0.015578738617954335
axis_rank_permutation_within_degree_bins,external_lung,seed44,source_disjoint,11,1,-0.016535389084408547
axis_rank_permutation_within_degree_bins,external_lung,seed44,source_disjoint,11,2,-0.020320093849505505
axis_rank_permutation_within_degree_bins,external_lung,seed44,source_disjoint,11,3,-0.018839729624043233
axis_rank_permutation_within_degree_bins,external_lung,seed44,source_disjoint,11,4,-0.030200826769454125
axis_rank_permutation_within_degree_bins,external_lung,seed44,source_disjoint,11,5,-0.013672420535165597
axis_rank_permutation_within_degree_bins,external_lung,seed44,source_disjoint,11,6,-0.017499022400983
axis_rank_permutation_within_degree_bins,external_lung,seed44,source_disjoint,11,7,-0.020536562203228748
axis_rank_permutation_within_degree_bins,external_lung,seed44,source_disjoint,11,8,-0.018714038321881343
axis_rank_permutation_within_degree_bins,external_lung,seed44,source_disjoint,11,9,-0.02013155689626278
axis_rank_permutation_within_degree_bins,external_lung,seed44,source_disjoint,11,10,-0.02300150829562586
axis_rank_permutation_within_degree_bins,external_lung,seed44,source_disjoint,11,11,-0.018609295570079842
axis_rank_permutation_within_degree_bins,external_lung,seed44,target_disjoint,7,0,-0.009894016085966517
axis_rank_permutation_within_degree_bins,external_lung,seed44,target_disjoint,7,1,-0.013149704326174905
axis_rank_permutation_within_degree_bins,external_lung,seed44,target_disjoint,7,2,-0.0071666093337919845
axis_rank_permutation_within_degree_bins,external_lung,seed44,target_disjoint,7,3,-0.008370599701869041
axis_rank_permutation_within_degree_bins,external_lung,seed44,target_disjoint,7,4,-0.02089783281733737
axis_rank_permutation_within_degree_bins,external_lung,seed44,target_disjoint,7,5,-0.011057054400707589
axis_rank_permutation_within_degree_bins,external_lung,seed44,target_disjoint,7,6,-0.016036824086359758
axis_rank_permutation_within_degree_bins,external_lung,seed44,target_disjoint,7,7,-0.013116942683506272
axis_rank_permutation_within_degree_bins,external_lung,seed44,target_disjoint,7,8,-0.02425590119088572
axis_rank_permutation_within_degree_bins,external_lung,seed44,target_disjoint,7,9,-0.00794469834717526
axis_rank_permutation_within_degree_bins,external_lung,seed44,target_disjoint,7,10,-0.0074819401444787825
axis_rank_permutation_within_degree_bins,external_lung,seed44,target_disjoint,7,11,-0.014800072075613957
axis_rank_permutation_within_degree_bins,external_lung,seed44,target_disjoint,11,0,-0.008346028469867539
axis_rank_permutation_within_degree_bins,external_lung,seed44,target_disjoint,11,1,-0.009283830491260803
axis_rank_permutation_within_degree_bins,external_lung,seed44,target_disjoint,11,2,-0.01614329942503312
axis_rank_permutation_within_degree_bins,external_lung,seed44,target_disjoint,11,3,-0.011511622192736715
axis_rank_permutation_within_degree_bins,external_lung,seed44,target_disjoint,11,4,-0.01858813700918971
axis_rank_permutation_within_degree_bins,external_lung,seed44,target_disjoint,11,5,-0.005372909397677317
axis_rank_permutation_within_degree_bins,external_lung,seed44,target_disjoint,11,6,-0.01574606450767435
axis_rank_permutation_within_degree_bins,external_lung,seed44,target_disjoint,11,7,-0.019681556833259672
axis_rank_permutation_within_degree_bins,external_lung,seed44,target_disjoint,11,8,-0.018633184267859204
axis_rank_permutation_within_degree_bins,external_lung,seed44,target_disjoint,11,9,-0.025136370337608627
axis_rank_permutation_within_degree_bins,external_lung,seed44,target_disjoint,11,10,-0.007997936016511775
axis_rank_permutation_within_degree_bins,external_lung,seed44,target_disjoint,11,11,-0.00884564352056616
axis_rank_permutation_within_degree_bins,immune,seed42_main,source_disjoint,7,0,-0.042332865825152055
axis_rank_permutation_within_degree_bins,immune,seed42_main,source_disjoint,7,1,-0.04378798503973824
axis_rank_permutation_within_degree_bins,immune,seed42_main,source_disjoint,7,2,-0.040556334735857846
axis_rank_permutation_within_degree_bins,immune,seed42_main,source_disjoint,7,3,-0.04161991584852731
axis_rank_permutation_within_degree_bins,immune,seed42_main,source_disjoint,7,4,-0.04114071996259938
axis_rank_permutation_within_degree_bins,immune,seed42_main,source_disjoint,7,5,-0.039925198690977104
axis_rank_permutation_within_degree_bins,immune,seed42_main,source_disjoint,7,6,-0.037155212716222574
axis_rank_permutation_within_degree_bins,immune,seed42_main,source_disjoint,7,7,-0.039557035998129986
axis_rank_permutation_within_degree_bins,immune,seed42_main,source_disjoint,7,8,-0.04229780271154737
axis_rank_permutation_within_degree_bins,immune,seed42_main,source_disjoint,7,9,-0.03836489013557742
axis_rank_permutation_within_degree_bins,immune,seed42_main,source_disjoint,7,10,-0.041123188405797095
axis_rank_permutation_within_degree_bins,immune,seed42_main,source_disjoint,7,11,-0.038119448340345974
axis_rank_permutation_within_degree_bins,immune,seed42_main,source_disjoint,11,0,-0.03484104721832637
axis_rank_permutation_within_degree_bins,immune,seed42_main,source_disjoint,11,1,-0.0380434782608694
axis_rank_permutation_within_degree_bins,immune,seed42_main,source_disjoint,11,2,-0.03552477793361386
axis_rank_permutation_within_degree_bins,immune,seed42_main,source_disjoint,11,3,-0.03624941561477335
axis_rank_permutation_within_degree_bins,immune,seed42_main,source_disjoint,11,4,-0.03589878447872841
axis_rank_permutation_within_degree_bins,immune,seed42_main,source_disjoint,11,5,-0.04411524076671347
axis_rank_permutation_within_degree_bins,immune,seed42_main,source_disjoint,11,6,-0.03929406264609625
axis_rank_permutation_within_degree_bins,immune,seed42_main,source_disjoint,11,7,-0.04029920523609165
axis_rank_permutation_within_degree_bins,immune,seed42_main,source_disjoint,11,8,-0.040842683496961185
axis_rank_permutation_within_degree_bins,immune,seed42_main,source_disjoint,11,9,-0.03889083683964467
axis_rank_permutation_within_degree_bins,immune,seed42_main,source_disjoint,11,10,-0.03906615240766731
axis_rank_permutation_within_degree_bins,immune,seed42_main,source_disjoint,11,11,-0.04154978962131839
axis_rank_permutation_within_degree_bins,immune,seed42_main,target_disjoint,7,0,-0.04197257658595854
axis_rank_permutation_within_degree_bins,immune,seed42_main,target_disjoint,7,1,-0.03343747288032639
axis_rank_permutation_within_degree_bins,immune,seed42_main,target_disjoint,7,2,-0.04304434609042773
axis_rank_permutation_within_degree_bins,immune,seed42_main,target_disjoint,7,3,-0.03573722120975431
axis_rank_permutation_within_degree_bins,immune,seed42_main,target_disjoint,7,4,-0.03447019005467333
axis_rank_permutation_within_degree_bins,immune,seed42_main,target_disjoint,7,5,-0.043556365529810015
axis_rank_permutation_within_degree_bins,immune,seed42_main,target_disjoint,7,6,-0.031541265295495835
axis_rank_permutation_within_degree_bins,immune,seed42_main,target_disjoint,7,7,-0.04780439121756486
axis_rank_permutation_within_degree_bins,immune,seed42_main,target_disjoint,7,8,-0.0428794584743557
axis_rank_permutation_within_degree_bins,immune,seed42_main,target_disjoint,7,9,-0.03957302785732886
axis_rank_permutation_within_degree_bins,immune,seed42_main,target_disjoint,7,10,-0.043369782174780935
axis_rank_permutation_within_degree_bins,immune,seed42_main,target_disjoint,7,11,-0.04438514275796224
axis_rank_permutation_within_degree_bins,immune,seed42_main,target_disjoint,11,0,-0.04680204807775745
axis_rank_permutation_within_degree_bins,immune,seed42_main,target_disjoint,11,1,-0.04625531545604422
axis_rank_permutation_within_degree_bins,immune,seed42_main,target_disjoint,11,2,-0.0458257398246984
axis_rank_permutation_within_degree_bins,immune,seed42_main,target_disjoint,11,3,-0.046394168185368234
axis_rank_permutation_within_degree_bins,immune,seed42_main,target_disjoint,11,4,-0.04919291851080432
axis_rank_permutation_within_degree_bins,immune,seed42_main,target_disjoint,11,5,-0.045500303740345194
axis_rank_permutation_within_degree_bins,immune,seed42_main,target_disjoint,11,6,-0.047617807862535666
axis_rank_permutation_within_degree_bins,immune,seed42_main,target_disjoint,11,7,-0.04590384448494311
axis_rank_permutation_within_degree_bins,immune,seed42_main,target_disjoint,11,8,-0.04848563742081047
axis_rank_permutation_within_degree_bins,immune,seed42_main,target_disjoint,11,9,-0.04797361798142841
axis_rank_permutation_within_degree_bins,immune,seed42_main,target_disjoint,11,10,-0.047674216783823664
axis_rank_permutation_within_degree_bins,immune,seed42_main,target_disjoint,11,11,-0.046359455003037287
axis_rank_permutation_within_degree_bins,immune,seed43,source_disjoint,7,0,-0.039009743091375726
axis_rank_permutation_within_degree_bins,immune,seed43,source_disjoint,7,1,-0.03724676683860362
axis_rank_permutation_within_degree_bins,immune,seed43,source_disjoint,7,2,-0.03869826318805902
axis_rank_permutation_within_degree_bins,immune,seed43,source_disjoint,7,3,-0.04399342154444186
axis_rank_permutation_within_degree_bins,immune,seed43,source_disjoint,7,4,-0.03643068949191375
axis_rank_permutation_within_degree_bins,immune,seed43,source_disjoint,7,5,-0.04413047270190118
axis_rank_permutation_within_degree_bins,immune,seed43,source_disjoint,7,6,-0.038118910567890074
axis_rank_permutation_within_degree_bins,immune,seed43,source_disjoint,7,7,-0.03495427475019297
axis_rank_permutation_within_degree_bins,immune,seed43,source_disjoint,7,8,-0.0384864568538037
axis_rank_permutation_within_degree_bins,immune,seed43,source_disjoint,7,9,-0.04132092397398501
axis_rank_permutation_within_degree_bins,immune,seed43,source_disjoint,7,10,-0.035116244299917776
axis_rank_permutation_within_degree_bins,immune,seed43,source_disjoint,7,11,-0.04081632653061218
axis_rank_permutation_within_degree_bins,immune,seed43,source_disjoint,11,0,-0.04203732775161351
axis_rank_permutation_within_degree_bins,immune,seed43,source_disjoint,11,1,-0.039072039072039044
axis_rank_permutation_within_degree_bins,immune,seed43,source_disjoint,11,2,-0.04007500436071865
axis_rank_permutation_within_degree_bins,immune,seed43,source_disjoint,11,3,-0.04269766514664475
axis_rank_permutation_within_degree_bins,immune,seed43,source_disjoint,11,4,-0.037657920310981474
axis_rank_permutation_within_degree_bins,immune,seed43,source_disjoint,11,5,-0.03952057013281507
axis_rank_permutation_within_degree_bins,immune,seed43,source_disjoint,11,6,-0.04170092945603132
axis_rank_permutation_within_degree_bins,immune,seed43,source_disjoint,11,7,-0.04115272482619403
axis_rank_permutation_within_degree_bins,immune,seed43,source_disjoint,11,8,-0.03835563529441077
axis_rank_permutation_within_degree_bins,immune,seed43,source_disjoint,11,9,-0.04026812190077489
axis_rank_permutation_within_degree_bins,immune,seed43,source_disjoint,11,10,-0.042392414841394443
axis_rank_permutation_within_degree_bins,immune,seed43,source_disjoint,11,11,-0.04223044529166975
axis_rank_permutation_within_degree_bins,immune,seed43,target_disjoint,7,0,-0.06198055936980562
axis_rank_permutation_within_degree_bins,immune,seed43,target_disjoint,7,1,-0.07098720820987225
axis_rank_permutation_within_degree_bins,immune,seed43,target_disjoint,7,2,-0.06572956565729571
axis_rank_permutation_within_degree_bins,immune,seed43,target_disjoint,7,3,-0.06616318566163204
axis_rank_permutation_within_degree_bins,immune,seed43,target_disjoint,7,4,-0.06430675001806752
axis_rank_permutation_within_degree_bins,immune,seed43,target_disjoint,7,5,-0.06080617185806181
axis_rank_permutation_within_degree_bins,immune,seed43,target_disjoint,7,6,-0.06538176627881775
axis_rank_permutation_within_degree_bins,immune,seed43,target_disjoint,7,7,-0.06698977379489779
axis_rank_permutation_within_degree_bins,immune,seed43,target_disjoint,7,8,-0.0677305413023056
axis_rank_permutation_within_degree_bins,immune,seed43,target_disjoint,7,9,-0.06336272313362745
axis_rank_permutation_within_degree_bins,immune,seed43,target_disjoint,7,10,-0.06605026378550283
axis_rank_permutation_within_degree_bins,immune,seed43,target_disjoint,7,11,-0.06764923755149244
axis_rank_permutation_within_degree_bins,immune,seed43,target_disjoint,11,0,-0.07362506323625073
axis_rank_permutation_within_degree_bins,immune,seed43,target_disjoint,11,1,-0.07624936763749379
axis_rank_permutation_within_degree_bins,immune,seed43,target_disjoint,11,2,-0.07745537327455376
axis_rank_permutation_within_degree_bins,immune,seed43,target_disjoint,11,3,-0.07538212762882135
axis_rank_permutation_within_degree_bins,immune,seed43,target_disjoint,11,4,-0.073981896364819
axis_rank_permutation_within_degree_bins,immune,seed43,target_disjoint,11,5,-0.07412191949121927
axis_rank_permutation_within_degree_bins,immune,seed43,target_disjoint,11,6,-0.07258166510081665
axis_rank_permutation_within_degree_bins,immune,seed43,target_disjoint,11,7,-0.07549504950495056
axis_rank_permutation_within_degree_bins,immune,seed43,target_disjoint,11,8,-0.07362506323625073
axis_rank_permutation_within_degree_bins,immune,seed43,target_disjoint,11,9,-0.07561248825612488
axis_rank_permutation_within_degree_bins,immune,seed43,target_disjoint,11,10,-0.0744019657440198
axis_rank_permutation_within_degree_bins,immune,seed43,target_disjoint,11,11,-0.07517886825178877
axis_rank_permutation_within_degree_bins,immune,seed44,source_disjoint,7,0,-0.02552398096952546
axis_rank_permutation_within_degree_bins,immune,seed44,source_disjoint,7,1,-0.027896945538709805
axis_rank_permutation_within_degree_bins,immune,seed44,source_disjoint,7,2,-0.026973476568436072
axis_rank_permutation_within_degree_bins,immune,seed44,source_disjoint,7,3,-0.01966170643038323
axis_rank_permutation_within_degree_bins,immune,seed44,source_disjoint,7,4,-0.026353934094708098
axis_rank_permutation_within_degree_bins,immune,seed44,source_disjoint,7,5,-0.019258419348428424
axis_rank_permutation_within_degree_bins,immune,seed44,source_disjoint,7,6,-0.016873765298607735
axis_rank_permutation_within_degree_bins,immune,seed44,source_disjoint,7,7,-0.021181338913112135
axis_rank_permutation_within_degree_bins,immune,seed44,source_disjoint,7,8,-0.019205816685564647
axis_rank_permutation_within_degree_bins,immune,seed44,source_disjoint,7,9,-0.025512291488889116
axis_rank_permutation_within_degree_bins,immune,seed44,source_disjoint,7,10,-0.02535448350029801
axis_rank_permutation_within_degree_bins,immune,seed44,source_disjoint,7,11,-0.026938408126526925
axis_rank_permutation_within_degree_bins,immune,seed44,source_disjoint,11,0,-0.025389551942207267
axis_rank_permutation_within_degree_bins,immune,seed44,source_disjoint,11,1,-0.02427905128175145
axis_rank_permutation_within_degree_bins,immune,seed44,source_disjoint,11,2,-0.02848141957052852
axis_rank_permutation_within_degree_bins,immune,seed44,source_disjoint,11,3,-0.026307176172162605
axis_rank_permutation_within_degree_bins,immune,seed44,source_disjoint,11,4,-0.0255824283727073
axis_rank_permutation_within_degree_bins,immune,seed44,source_disjoint,11,5,-0.023221153284159635
axis_rank_permutation_within_degree_bins,immune,seed44,source_disjoint,11,6,-0.027961237682209705
axis_rank_permutation_within_degree_bins,immune,seed44,source_disjoint,11,7,-0.02652343156393555
axis_rank_permutation_within_degree_bins,immune,seed44,source_disjoint,11,8,-0.023922522122342138
axis_rank_permutation_within_degree_bins,immune,seed44,source_disjoint,11,9,-0.02758132956152748
axis_rank_permutation_within_degree_bins,immune,seed44,source_disjoint,11,10,-0.024635580441160987
axis_rank_permutation_within_degree_bins,immune,seed44,source_disjoint,11,11,-0.025471378306661796
axis_rank_permutation_within_degree_bins,immune,seed44,target_disjoint,7,0,-0.03971728906359695
axis_rank_permutation_within_degree_bins,immune,seed44,target_disjoint,7,1,-0.03568106837006901
axis_rank_permutation_within_degree_bins,immune,seed44,target_disjoint,7,2,-0.036962129720623516
axis_rank_permutation_within_degree_bins,immune,seed44,target_disjoint,7,3,-0.0347816931068371
axis_rank_permutation_within_degree_bins,immune,seed44,target_disjoint,7,4,-0.032864488277411286
axis_rank_permutation_within_degree_bins,immune,seed44,target_disjoint,7,5,-0.04085796012915921
axis_rank_permutation_within_degree_bins,immune,seed44,target_disjoint,7,6,-0.03653218447283468
axis_rank_permutation_within_degree_bins,immune,seed44,target_disjoint,7,7,-0.03434736066264232
axis_rank_permutation_within_degree_bins,immune,seed44,target_disjoint,7,8,-0.03824319107117802
axis_rank_permutation_within_degree_bins,immune,seed44,target_disjoint,7,9,-0.03838358135617037
axis_rank_permutation_within_degree_bins,immune,seed44,target_disjoint,7,10,-0.037269233469044094
axis_rank_permutation_within_degree_bins,immune,seed44,target_disjoint,7,11,-0.03754562684262264
axis_rank_permutation_within_degree_bins,immune,seed44,target_disjoint,11,0,-0.04495560157237122
axis_rank_permutation_within_degree_bins,immune,seed44,target_disjoint,11,1,-0.045933946370911194
axis_rank_permutation_within_degree_bins,immune,seed44,target_disjoint,11,2,-0.04146339323318826
axis_rank_permutation_within_degree_bins,immune,seed44,target_disjoint,11,3,-0.046885967991015076
axis_rank_permutation_within_degree_bins,immune,seed44,target_disjoint,11,4,-0.04295504001123118
axis_rank_permutation_within_degree_bins,immune,seed44,target_disjoint,11,5,-0.05304339814684822
axis_rank_permutation_within_degree_bins,immune,seed44,target_disjoint,11,6,-0.04671925452758685
axis_rank_permutation_within_degree_bins,immune,seed44,target_disjoint,11,7,-0.04677628808086487
axis_rank_permutation_within_degree_bins,immune,seed44,target_disjoint,11,8,-0.04096325284290325
axis_rank_permutation_within_degree_bins,immune,seed44,target_disjoint,11,9,-0.044775726519724945
axis_rank_permutation_within_degree_bins,immune,seed44,target_disjoint,11,10,-0.04598220553137733
axis_rank_permutation_within_degree_bins,immune,seed44,target_disjoint,11,11,-0.04548645233749837
axis_rank_permutation_within_degree_bins,lung,seed42_main,source_disjoint,7,0,-0.033440881898232244
axis_rank_permutation_within_degree_bins,lung,seed42_main,source_disjoint,7,1,-0.03136553068494985
axis_rank_permutation_within_degree_bins,lung,seed42_main,source_disjoint,7,2,-0.03370135107884664
axis_rank_permutation_within_degree_bins,lung,seed42_main,source_disjoint,7,3,-0.037028634805404415
axis_rank_permutation_within_degree_bins,lung,seed42_main,source_disjoint,7,4,-0.033692948847213744
axis_rank_permutation_within_degree_bins,lung,seed42_main,source_disjoint,7,5,-0.030458089668615962
axis_rank_permutation_within_degree_bins,lung,seed42_main,source_disjoint,7,6,-0.03178564226658609
axis_rank_permutation_within_degree_bins,lung,seed42_main,source_disjoint,7,7,-0.029685084358405667
axis_rank_permutation_within_degree_bins,lung,seed42_main,source_disjoint,7,8,-0.03275189890434893
axis_rank_permutation_within_degree_bins,lung,seed42_main,source_disjoint,7,9,-0.029298581703300575
axis_rank_permutation_within_degree_bins,lung,seed42_main,source_disjoint,7,10,-0.03317201048598517
axis_rank_permutation_within_degree_bins,lung,seed42_main,source_disjoint,7,11,-0.034062647039053595
axis_rank_permutation_within_degree_bins,lung,seed42_main,source_disjoint,11,0,-0.026819923371647514
axis_rank_permutation_within_degree_bins,lung,seed42_main,source_disjoint,11,1,-0.02844995630839553
axis_rank_permutation_within_degree_bins,lung,seed42_main,source_disjoint,11,2,-0.03835618740337443
axis_rank_permutation_within_degree_bins,lung,seed42_main,source_disjoint,11,3,-0.041397795254419556
axis_rank_permutation_within_degree_bins,lung,seed42_main,source_disjoint,11,4,-0.03463399879007867
axis_rank_permutation_within_degree_bins,lung,seed42_main,source_disjoint,11,5,-0.03918800833501379
axis_rank_permutation_within_degree_bins,lung,seed42_main,source_disjoint,11,6,-0.03340727297170132
axis_rank_permutation_within_degree_bins,lung,seed42_main,source_disjoint,11,7,-0.027811386704308605
axis_rank_permutation_within_degree_bins,lung,seed42_main,source_disjoint,11,8,-0.0362556294951939
axis_rank_permutation_within_degree_bins,lung,seed42_main,source_disjoint,11,9,-0.03399542918599174
axis_rank_permutation_within_degree_bins,lung,seed42_main,source_disjoint,11,10,-0.030542111984943277
axis_rank_permutation_within_degree_bins,lung,seed42_main,source_disjoint,11,11,-0.029264972776769538
axis_rank_permutation_within_degree_bins,lung,seed42_main,target_disjoint,7,0,-0.02837475756454666
axis_rank_permutation_within_degree_bins,lung,seed42_main,target_disjoint,7,1,-0.032012690725232384
axis_rank_permutation_within_degree_bins,lung,seed42_main,target_disjoint,7,2,-0.0236773954864965
axis_rank_permutation_within_degree_bins,lung,seed42_main,target_disjoint,7,3,-0.024720008071839272
axis_rank_permutation_within_degree_bins,lung,seed42_main,target_disjoint,7,4,-0.025106783708337632
axis_rank_permutation_within_degree_bins,lung,seed42_main,target_disjoint,7,5,-0.028156145248265152
axis_rank_permutation_within_degree_bins,lung,seed42_main,target_disjoint,7,6,-0.019759190125449688
axis_rank_permutation_within_degree_bins,lung,seed42_main,target_disjoint,7,7,-0.024372470543391755
axis_rank_permutation_within_degree_bins,lung,seed42_main,target_disjoint,7,8,-0.022943082321550734
axis_rank_permutation_within_degree_bins,lung,seed42_main,target_disjoint,7,9,-0.025017096604222022
axis_rank_permutation_within_degree_bins,lung,seed42_main,target_disjoint,7,10,-0.03015168331483542
axis_rank_permutation_within_degree_bins,lung,seed42_main,target_disjoint,7,11,-0.020353367190215077
axis_rank_permutation_within_degree_bins,lung,seed42_main,target_disjoint,11,0,-0.023290619849998362
axis_rank_permutation_within_degree_bins,lung,seed42_main,target_disjoint,11,1,-0.02463592641173118
axis_rank_permutation_within_degree_bins,lung,seed42_main,target_disjoint,11,2,-0.02579064787721841
axis_rank_permutation_within_degree_bins,lung,seed42_main,target_disjoint,11,3,-0.02654738281819302
axis_rank_permutation_within_degree_bins,lung,seed42_main,target_disjoint,11,4,-0.025476743012814107
axis_rank_permutation_within_degree_bins,lung,seed42_main,target_disjoint,11,5,-0.02956871713808462
axis_rank_permutation_within_degree_bins,lung,seed42_main,target_disjoint,11,6,-0.019041693292525808
axis_rank_permutation_within_degree_bins,lung,seed42_main,target_disjoint,11,7,-0.022657204677182685
axis_rank_permutation_within_degree_bins,lung,seed42_main,target_disjoint,11,8,-0.025975627529456702
axis_rank_permutation_within_degree_bins,lung,seed42_main,target_disjoint,11,9,-0.023733449926568673
axis_rank_permutation_within_degree_bins,lung,seed42_main,target_disjoint,11,10,-0.03229296292559347
axis_rank_permutation_within_degree_bins,lung,seed42_main,target_disjoint,11,11,-0.024798484287940514
axis_rank_permutation_within_degree_bins,lung,seed43,source_disjoint,7,0,-0.027724678634751698
axis_rank_permutation_within_degree_bins,lung,seed43,source_disjoint,7,1,-0.027530751329787218
axis_rank_permutation_within_degree_bins,lung,seed43,source_disjoint,7,2,-0.016324523492907805
axis_rank_permutation_within_degree_bins,lung,seed43,source_disjoint,7,3,-0.025667664007092195
axis_rank_permutation_within_degree_bins,lung,seed43,source_disjoint,7,4,-0.020265403368794455
axis_rank_permutation_within_degree_bins,lung,seed43,source_disjoint,7,5,-0.027565381205673867
axis_rank_permutation_within_degree_bins,lung,seed43,source_disjoint,7,6,-0.029248393173758935
axis_rank_permutation_within_degree_bins,lung,seed43,source_disjoint,7,7,-0.03136774157801414
axis_rank_permutation_within_degree_bins,lung,seed43,source_disjoint,7,8,-0.031236148049645363
axis_rank_permutation_within_degree_bins,lung,seed43,source_disjoint,7,9,-0.02705285904255328
axis_rank_permutation_within_degree_bins,lung,seed43,source_disjoint,7,10,-0.019233433067375905
axis_rank_permutation_within_degree_bins,lung,seed43,source_disjoint,7,11,-0.03318927304964536
axis_rank_permutation_within_degree_bins,lung,seed43,source_disjoint,11,0,-0.02799479166666663
axis_rank_permutation_within_degree_bins,lung,seed43,source_disjoint,11,1,-0.026623448581560294
axis_rank_permutation_within_degree_bins,lung,seed43,source_disjoint,11,2,-0.025556848404255206
axis_rank_permutation_within_degree_bins,lung,seed43,source_disjoint,11,3,-0.02816794104609921
axis_rank_permutation_within_degree_bins,lung,seed43,source_disjoint,11,4,-0.028902094414893553
axis_rank_permutation_within_degree_bins,lung,seed43,source_disjoint,11,5,-0.025362921099290947
axis_rank_permutation_within_degree_bins,lung,seed43,source_disjoint,11,6,-0.02566073803191471
axis_rank_permutation_within_degree_bins,lung,seed43,source_disjoint,11,7,-0.025099734042553168
axis_rank_permutation_within_degree_bins,lung,seed43,source_disjoint,11,8,-0.02741993572695034
axis_rank_permutation_within_degree_bins,lung,seed43,source_disjoint,11,9,-0.02503047429078009
axis_rank_permutation_within_degree_bins,lung,seed43,source_disjoint,11,10,-0.035703402039007015
axis_rank_permutation_within_degree_bins,lung,seed43,source_disjoint,11,11,-0.02711519281914887
axis_rank_permutation_within_degree_bins,lung,seed43,target_disjoint,7,0,-0.03165995825879553
axis_rank_permutation_within_degree_bins,lung,seed43,target_disjoint,7,1,-0.03640553567879157
axis_rank_permutation_within_degree_bins,lung,seed43,target_disjoint,7,2,-0.03521914132379256
axis_rank_permutation_within_degree_bins,lung,seed43,target_disjoint,7,3,-0.03246124031007758
axis_rank_permutation_within_degree_bins,lung,seed43,target_disjoint,7,4,-0.030237527330550518
axis_rank_permutation_within_degree_bins,lung,seed43,target_disjoint,7,5,-0.03521292983502278
axis_rank_permutation_within_degree_bins,lung,seed43,target_disjoint,7,6,-0.028771615980918375
axis_rank_permutation_within_degree_bins,lung,seed43,target_disjoint,7,7,-0.03654839992049297
axis_rank_permutation_within_degree_bins,lung,seed43,target_disjoint,7,8,-0.03417561121049506
axis_rank_permutation_within_degree_bins,lung,seed43,target_disjoint,7,9,-0.03510733452593917
axis_rank_permutation_within_degree_bins,lung,seed43,target_disjoint,7,10,-0.036045269330153173
axis_rank_permutation_within_degree_bins,lung,seed43,target_disjoint,7,11,-0.03612601868415821
axis_rank_permutation_within_degree_bins,lung,seed43,target_disjoint,11,0,-0.017783492347445917
axis_rank_permutation_within_degree_bins,lung,seed43,target_disjoint,11,1,-0.021820960047704285
axis_rank_permutation_within_degree_bins,lung,seed43,target_disjoint,11,2,-0.01373360166964821
axis_rank_permutation_within_degree_bins,lung,seed43,target_disjoint,11,3,-0.018578562909958185
axis_rank_permutation_within_degree_bins,lung,seed43,target_disjoint,11,4,-0.019920244484198046
axis_rank_permutation_within_degree_bins,lung,seed43,target_disjoint,11,5,-0.01373981315841788
axis_rank_permutation_within_degree_bins,lung,seed43,target_disjoint,11,6,-0.014882727092029424
axis_rank_permutation_within_degree_bins,lung,seed43,target_disjoint,11,7,-0.01759093619558738
axis_rank_permutation_within_degree_bins,lung,seed43,target_disjoint,11,8,-0.01777106936990669
axis_rank_permutation_within_degree_bins,lung,seed43,target_disjoint,11,9,-0.017963625521765003
axis_rank_permutation_within_degree_bins,lung,seed43,target_disjoint,11,10,-0.017323842178493365
axis_rank_permutation_within_degree_bins,lung,seed43,target_disjoint,11,11,-0.022603607632677436
axis_rank_permutation_within_degree_bins,lung,seed44,source_disjoint,7,0,-0.020603927801112643
axis_rank_permutation_within_degree_bins,lung,seed44,source_disjoint,7,1,-0.034034793960722176
axis_rank_permutation_within_degree_bins,lung,seed44,source_disjoint,7,2,-0.025272448632081
axis_rank_permutation_within_degree_bins,lung,seed44,source_disjoint,7,3,-0.03176438869338183
axis_rank_permutation_within_degree_bins,lung,seed44,source_disjoint,7,4,-0.03068594619139542
axis_rank_permutation_within_degree_bins,lung,seed44,source_disjoint,7,5,-0.033814848450448576
axis_rank_permutation_within_degree_bins,lung,seed44,source_disjoint,7,6,-0.017439550459757314
axis_rank_permutation_within_degree_bins,lung,seed44,source_disjoint,7,7,-0.03390708366443418
axis_rank_permutation_within_degree_bins,lung,seed44,source_disjoint,7,8,-0.03189919400613017
axis_rank_permutation_within_degree_bins,lung,seed44,source_disjoint,7,9,-0.030983936882733598
axis_rank_permutation_within_degree_bins,lung,seed44,source_disjoint,7,10,-0.032629980701555206
axis_rank_permutation_within_degree_bins,lung,seed44,source_disjoint,7,11,-0.02847939607219896
axis_rank_permutation_within_degree_bins,lung,seed44,source_disjoint,11,0,-0.030345385401294056
axis_rank_permutation_within_degree_bins,lung,seed44,source_disjoint,11,1,-0.028089170166874733
axis_rank_permutation_within_degree_bins,lung,seed44,source_disjoint,11,2,-0.03138835282097863
axis_rank_permutation_within_degree_bins,lung,seed44,source_disjoint,11,3,-0.028940572142127308
axis_rank_permutation_within_degree_bins,lung,seed44,source_disjoint,11,4,-0.028351685775910962
axis_rank_permutation_within_degree_bins,lung,seed44,source_disjoint,11,5,-0.029110852537177823
axis_rank_permutation_within_degree_bins,lung,seed44,source_disjoint,11,6,-0.026847542286297932
axis_rank_permutation_within_degree_bins,lung,seed44,source_disjoint,11,7,-0.02873481666477473
axis_rank_permutation_within_degree_bins,lung,seed44,source_disjoint,11,8,-0.03278607106368481
axis_rank_permutation_within_degree_bins,lung,seed44,source_disjoint,11,9,-0.031147122261323656
axis_rank_permutation_within_degree_bins,lung,seed44,source_disjoint,11,10,-0.029983539561811767
axis_rank_permutation_within_degree_bins,lung,seed44,source_disjoint,11,11,-0.036255534112839216
axis_rank_permutation_within_degree_bins,lung,seed44,target_disjoint,7,0,-0.035225336388741924
axis_rank_permutation_within_degree_bins,lung,seed44,target_disjoint,7,1,-0.03661202185792356
axis_rank_permutation_within_degree_bins,lung,seed44,target_disjoint,7,2,-0.037082084728832454
axis_rank_permutation_within_degree_bins,lung,seed44,target_disjoint,7,3,-0.0276867030965392
axis_rank_permutation_within_degree_bins,lung,seed44,target_disjoint,7,4,-0.034843410306128475
axis_rank_permutation_within_degree_bins,lung,seed44,target_disjoint,7,5,-0.0359186791233328
axis_rank_permutation_within_degree_bins,lung,seed44,target_disjoint,7,6,-0.03771079381867337
axis_rank_permutation_within_degree_bins,lung,seed44,target_disjoint,7,7,-0.031934896292379
axis_rank_permutation_within_degree_bins,lung,seed44,target_disjoint,7,8,-0.03454962101181036
axis_rank_permutation_within_degree_bins,lung,seed44,target_disjoint,7,9,-0.03918561607615012
axis_rank_permutation_within_degree_bins,lung,seed44,target_disjoint,7,10,-0.03534872789235555
axis_rank_permutation_within_degree_bins,lung,seed44,target_disjoint,7,11,-0.03246371702215178
axis_rank_permutation_within_degree_bins,lung,seed44,target_disjoint,11,0,-0.02115870497679062
axis_rank_permutation_within_degree_bins,lung,seed44,target_disjoint,11,1,-0.026147247194312273
axis_rank_permutation_within_degree_bins,lung,seed44,target_disjoint,11,2,-0.02529525824078971
axis_rank_permutation_within_degree_bins,lung,seed44,target_disjoint,11,3,-0.023121217462835686
axis_rank_permutation_within_degree_bins,lung,seed44,target_disjoint,11,4,-0.023879193842176405
axis_rank_permutation_within_degree_bins,lung,seed44,target_disjoint,11,5,-0.02828015747106183
axis_rank_permutation_within_degree_bins,lung,seed44,target_disjoint,11,6,-0.02323873318056291
axis_rank_permutation_within_degree_bins,lung,seed44,target_disjoint,11,7,-0.02432575356953992
axis_rank_permutation_within_degree_bins,lung,seed44,target_disjoint,11,8,-0.024819319583994526
axis_rank_permutation_within_degree_bins,lung,seed44,target_disjoint,11,9,-0.02772783359774378
axis_rank_permutation_within_degree_bins,lung,seed44,target_disjoint,11,10,-0.02157000998883607
axis_rank_permutation_within_degree_bins,lung,seed44,target_disjoint,11,11,-0.0310182736941067
label_permutation,external_lung,seed42_main,source_disjoint,7,0,0.009775305427760617
label_permutation,external_lung,seed42_main,source_disjoint,7,1,0.001851567363901685
label_permutation,external_lung,seed42_main,source_disjoint,7,2,0.0032988623776065706
label_permutation,external_lung,seed42_main,source_disjoint,7,3,0.005392993151626557
label_permutation,external_lung,seed42_main,source_disjoint,7,4,0.007333500432571416
label_permutation,external_lung,seed42_main,source_disjoint,7,5,-0.0034363149766735157
label_permutation,external_lung,seed42_main,source_disjoint,7,6,0.009476143888614896
label_permutation,external_lung,seed42_main,source_disjoint,7,7,-0.010300859483016511
label_permutation,external_lung,seed42_main,source_disjoint,7,8,-0.0026924538523112607
label_permutation,external_lung,seed42_main,source_disjoint,7,9,0.009645938275697541
label_permutation,external_lung,seed42_main,source_disjoint,7,10,-8.085447003980395e-06
label_permutation,external_lung,seed42_main,source_disjoint,7,11,0.008449292119114826
label_permutation,external_lung,seed42_main,source_disjoint,11,0,0.00734158587957523
label_permutation,external_lung,seed42_main,source_disjoint,11,1,-0.003945698137921505
label_permutation,external_lung,seed42_main,source_disjoint,11,2,0.009532742017642315
label_permutation,external_lung,seed42_main,source_disjoint,11,3,-0.00861908650619747
label_permutation,external_lung,seed42_main,source_disjoint,11,4,0.014343582984985392
label_permutation,external_lung,seed42_main,source_disjoint,11,5,-0.00407506528998447
label_permutation,external_lung,seed42_main,source_disjoint,11,6,0.012896287971280507
label_permutation,external_lung,seed42_main,source_disjoint,11,7,0.0008408864884095757
label_permutation,external_lung,seed42_main,source_disjoint,11,8,-0.005667898349760114
label_permutation,external_lung,seed42_main,source_disjoint,11,9,-0.0018273110228900213
label_permutation,external_lung,seed42_main,source_disjoint,11,10,-0.012314135786996916
label_permutation,external_lung,seed42_main,source_disjoint,11,11,0.0038163309858586514
label_permutation,external_lung,seed42_main,target_disjoint,7,0,-0.005292131755831986
label_permutation,external_lung,seed42_main,target_disjoint,7,1,-0.00037366447537079406
label_permutation,external_lung,seed42_main,target_disjoint,7,2,-0.0034802935438600358
label_permutation,external_lung,seed42_main,target_disjoint,7,3,0.005153093811507969
label_permutation,external_lung,seed42_main,target_disjoint,7,4,-0.004940191959261875
label_permutation,external_lung,seed42_main,target_disjoint,7,5,-0.007364666113411578
label_permutation,external_lung,seed42_main,target_disjoint,7,6,0.0008211928586634998
label_permutation,external_lung,seed42_main,target_disjoint,7,7,-0.0034629138008194227
label_permutation,external_lung,seed42_main,target_disjoint,7,8,0.004023410513875503
label_permutation,external_lung,seed42_main,target_disjoint,7,9,-0.0015728667451652134
label_permutation,external_lung,seed42_main,target_disjoint,7,10,0.0033412555995359083
label_permutation,external_lung,seed42_main,target_disjoint,7,11,0.008259722879997322
label_permutation,external_lung,seed42_main,target_disjoint,11,0,-0.0006691201070592179
label_permutation,external_lung,seed42_main,target_disjoint,11,1,-0.008950567665857112
label_permutation,external_lung,seed42_main,target_disjoint,11,2,-0.011674842387455309
label_permutation,external_lung,seed42_main,target_disjoint,11,3,-0.005674486102723031
label_permutation,external_lung,seed42_main,target_disjoint,11,4,-0.00902443157377919
label_permutation,external_lung,seed42_main,target_disjoint,11,5,0.001407759186280333
label_permutation,external_lung,seed42_main,target_disjoint,11,6,0.001963910963576343
label_permutation,external_lung,seed42_main,target_disjoint,11,7,0.00644353973226508
label_permutation,external_lung,seed42_main,target_disjoint,11,8,0.002828553179841209
label_permutation,external_lung,seed42_main,target_disjoint,11,9,0.0034802935438600358
label_permutation,external_lung,seed42_main,target_disjoint,11,10,-0.0016684553318879192
label_permutation,external_lung,seed42_main,target_disjoint,11,11,0.0019334964132554644
label_permutation,external_lung,seed43,source_disjoint,7,0,-0.00013683634373284903
label_permutation,external_lung,seed43,source_disjoint,7,1,0.009474287799411008
label_permutation,external_lung,seed43,source_disjoint,7,2,-0.006437824171814377
label_permutation,external_lung,seed43,source_disjoint,7,3,0.01220449865770068
label_permutation,external_lung,seed43,source_disjoint,7,4,0.011780957593765518
label_permutation,external_lung,seed43,source_disjoint,7,5,-0.0028540151692860727
label_permutation,external_lung,seed43,source_disjoint,7,6,0.0063075038444497245
label_permutation,external_lung,seed43,source_disjoint,7,7,0.003290588265957628
label_permutation,external_lung,seed43,source_disjoint,7,8,0.0037467094117340505
label_permutation,external_lung,seed43,source_disjoint,7,9,0.009005134620898136
label_permutation,external_lung,seed43,source_disjoint,7,10,-0.015514634972763008
label_permutation,external_lung,seed43,source_disjoint,7,11,0.004593791539604264
label_permutation,external_lung,seed43,source_disjoint,11,0,0.009715380405035612
label_permutation,external_lung,seed43,source_disjoint,11,1,0.003277556233221235
label_permutation,external_lung,seed43,source_disjoint,11,2,-0.0034991007897412496
label_permutation,external_lung,seed43,source_disjoint,11,3,0.017690984439752977
label_permutation,external_lung,seed43,source_disjoint,11,4,0.0013748794536970754
label_permutation,external_lung,seed43,source_disjoint,11,5,-0.0025542784163472554
label_permutation,external_lung,seed43,source_disjoint,11,6,0.012491203377902993
label_permutation,external_lung,seed43,source_disjoint,11,7,-0.021079312951234164
label_permutation,external_lung,seed43,source_disjoint,11,8,0.0016224880756900983
label_permutation,external_lung,seed43,source_disjoint,11,9,0.003935673886412916
label_permutation,external_lung,seed43,source_disjoint,11,10,0.00645085620455077
label_permutation,external_lung,seed43,source_disjoint,11,11,0.0227343811087653
label_permutation,external_lung,seed43,target_disjoint,7,0,-0.004733420461780824
label_permutation,external_lung,seed43,target_disjoint,7,1,-0.0037490365604370135
label_permutation,external_lung,seed43,target_disjoint,7,2,0.001964578935022221
label_permutation,external_lung,seed43,target_disjoint,7,3,-0.00831071344794082
label_permutation,external_lung,seed43,target_disjoint,7,4,0.00403387956167689
label_permutation,external_lung,seed43,target_disjoint,7,5,-0.005923058878723908
label_permutation,external_lung,seed43,target_disjoint,7,6,-0.006710565999799023
label_permutation,external_lung,seed43,target_disjoint,7,7,0.008696089273147634
label_permutation,external_lung,seed43,target_disjoint,7,8,-0.006798532220770093
label_permutation,external_lung,seed43,target_disjoint,7,9,-0.0013781374618813125
label_permutation,external_lung,seed43,target_disjoint,7,10,-0.009190375657652239
label_permutation,external_lung,seed43,target_disjoint,7,11,0.002115378170972848
label_permutation,external_lung,seed43,target_disjoint,11,0,0.006103180188331447
label_permutation,external_lung,seed43,target_disjoint,11,1,-0.005881170202071018
label_permutation,external_lung,seed43,target_disjoint,11,2,-0.00828976910961432
label_permutation,external_lung,seed43,target_disjoint,11,3,0.0021195670386380816
label_permutation,external_lung,seed43,target_disjoint,11,4,0.009433329982239225
label_permutation,external_lung,seed43,target_disjoint,11,5,0.004838142153413161
label_permutation,external_lung,seed43,target_disjoint,11,6,-0.004285211621594509
label_permutation,external_lung,seed43,target_disjoint,11,7,-0.004255889547937486
label_permutation,external_lung,seed43,target_disjoint,11,8,2.0944338326445155e-05
label_permutation,external_lung,seed43,target_disjoint,11,9,-0.00017593244194225033
label_permutation,external_lung,seed43,target_disjoint,11,10,0.0025300760698367952
label_permutation,external_lung,seed43,target_disjoint,11,11,0.001306926711571399
label_permutation,external_lung,seed44,source_disjoint,7,0,0.007290095525389617
label_permutation,external_lung,seed44,source_disjoint,7,1,-0.004936875034914356
label_permutation,external_lung,seed44,source_disjoint,7,2,-0.006033182503770718
label_permutation,external_lung,seed44,source_disjoint,7,3,0.005586280096083973
label_permutation,external_lung,seed44,source_disjoint,7,4,-0.008728562650131222
label_permutation,external_lung,seed44,source_disjoint,7,5,0.0035961678118540674
label_permutation,external_lung,seed44,source_disjoint,7,6,-0.004036087369420738
label_permutation,external_lung,seed44,source_disjoint,7,7,-0.0026325344952795593
label_permutation,external_lung,seed44,source_disjoint,7,8,0.0024230489916764464
label_permutation,external_lung,seed44,source_disjoint,7,9,0.00010474275180161197
label_permutation,external_lung,seed44,source_disjoint,7,10,0.009447796212501913
label_permutation,external_lung,seed44,source_disjoint,7,11,-0.01088626333724374
label_permutation,external_lung,seed44,source_disjoint,11,0,0.012317747611865326
label_permutation,external_lung,seed44,source_disjoint,11,1,0.0009287190659739153
label_permutation,external_lung,seed44,source_disjoint,11,2,0.002555723143958466
label_permutation,external_lung,seed44,source_disjoint,11,3,-0.01618624657840345
label_permutation,external_lung,seed44,source_disjoint,11,4,0.0014105357242611971
label_permutation,external_lung,seed44,source_disjoint,11,5,0.00286995139936308
label_permutation,external_lung,seed44,source_disjoint,11,6,0.01040444667895657
label_permutation,external_lung,seed44,source_disjoint,11,7,0.0054955030445226205
label_permutation,external_lung,seed44,source_disjoint,11,8,-0.002611585944919226
label_permutation,external_lung,seed44,source_disjoint,11,9,0.008190883190883125
label_permutation,external_lung,seed44,source_disjoint,11,10,0.0035542707111335115
label_permutation,external_lung,seed44,source_disjoint,11,11,0.0006144908105691904
label_permutation,external_lung,seed44,target_disjoint,7,0,-0.007686700411158598
label_permutation,external_lung,seed44,target_disjoint,7,1,0.014816452896948218
label_permutation,external_lung,seed44,target_disjoint,7,2,0.009136403099251345
label_permutation,external_lung,seed44,target_disjoint,7,3,-0.0031901649548708444
label_permutation,external_lung,seed44,target_disjoint,7,4,-0.008735072976559177
label_permutation,external_lung,seed44,target_disjoint,7,5,-0.0022564581388110905
label_permutation,external_lung,seed44,target_disjoint,7,6,-0.003988729994921947
label_permutation,external_lung,seed44,target_disjoint,7,7,0.0019984602027945386
label_permutation,external_lung,seed44,target_disjoint,7,8,-0.005004340917653616
label_permutation,external_lung,seed44,target_disjoint,7,9,0.006044523072386898
label_permutation,external_lung,seed44,target_disjoint,7,10,0.0021458875948040523
label_permutation,external_lung,seed44,target_disjoint,7,11,0.004402345733614976
label_permutation,external_lung,seed44,target_disjoint,11,0,-0.006441757989745556
label_permutation,external_lung,seed44,target_disjoint,11,1,-0.00026209314135006156
label_permutation,external_lung,seed44,target_disjoint,11,2,0.008395170933870766
label_permutation,external_lung,seed44,target_disjoint,11,3,0.0023056006028142617
label_permutation,external_lung,seed44,target_disjoint,11,4,0.001805985552115641
label_permutation,external_lung,seed44,target_disjoint,11,5,0.004795485445640235
label_permutation,external_lung,seed44,target_disjoint,11,6,-0.0075269874031483885
label_permutation,external_lung,seed44,target_disjoint,11,7,-0.007158418923124743
label_permutation,external_lung,seed44,target_disjoint,11,8,-0.002932167018854237
label_permutation,external_lung,seed44,target_disjoint,11,9,0.0006511376480416997
label_permutation,external_lung,seed44,target_disjoint,11,10,-0.004017396432257181
label_permutation,external_lung,seed44,target_disjoint,11,11,-0.003919111504250838
label_permutation,immune,seed42_main,source_disjoint,7,0,0.005206872370266458
label_permutation,immune,seed42_main,source_disjoint,7,1,0.009583917718560042
label_permutation,immune,seed42_main,source_disjoint,7,2,-0.0008648901355774452
label_permutation,immune,seed42_main,source_disjoint,7,3,0.0024836372136511353
label_permutation,immune,seed42_main,source_disjoint,7,4,0.007561944834034495
label_permutation,immune,seed42_main,source_disjoint,7,5,0.004862085086488943
label_permutation,immune,seed42_main,source_disjoint,7,6,-0.0002921926133707675
label_permutation,immune,seed42_main,source_disjoint,7,7,0.009952080411407271
label_permutation,immune,seed42_main,source_disjoint,7,8,-0.012213651238896728
label_permutation,immune,seed42_main,source_disjoint,7,9,0.0018291257597008448
label_permutation,immune,seed42_main,source_disjoint,7,10,-0.004213417484805859
label_permutation,immune,seed42_main,source_disjoint,7,11,-0.0007129499766246328
label_permutation,immune,seed42_main,source_disjoint,11,0,0.0012330528284244524
label_permutation,immune,seed42_main,source_disjoint,11,1,0.0037809724170172476
label_permutation,immune,seed42_main,source_disjoint,11,2,0.0040848527349228725
label_permutation,immune,seed42_main,source_disjoint,11,3,0.011746143057503544
label_permutation,immune,seed42_main,source_disjoint,11,4,0.003564749883123053
label_permutation,immune,seed42_main,source_disjoint,11,5,0.006965871902758325
label_permutation,immune,seed42_main,source_disjoint,11,6,0.0013090229079009141
label_permutation,immune,seed42_main,source_disjoint,11,7,0.006100981767180991
label_permutation,immune,seed42_main,source_disjoint,11,8,-0.005370500233754183
label_permutation,immune,seed42_main,source_disjoint,11,9,-0.0014142122487142972
label_permutation,immune,seed42_main,source_disjoint,11,10,0.012277933613838221
label_permutation,immune,seed42_main,source_disjoint,11,11,0.011150070126227152
label_permutation,immune,seed42_main,target_disjoint,7,0,0.006274407706326479
label_permutation,immune,seed42_main,target_disjoint,7,1,0.006374208105528023
label_permutation,immune,seed42_main,target_disjoint,7,2,0.00393994619456739
label_permutation,immune,seed42_main,target_disjoint,7,3,0.005436952182591381
label_permutation,immune,seed42_main,target_disjoint,7,4,0.01216263125922068
label_permutation,immune,seed42_main,target_disjoint,7,5,0.00286817669009809
label_permutation,immune,seed42_main,target_disjoint,7,6,-0.0061919638982904646
label_permutation,immune,seed42_main,target_disjoint,7,7,0.010505076802915791
label_permutation,immune,seed42_main,target_disjoint,7,8,-0.0017616940032977313
label_permutation,immune,seed42_main,target_disjoint,7,9,-0.004178599323092891
label_permutation,immune,seed42_main,target_disjoint,7,10,-0.00643495617460732
label_permutation,immune,seed42_main,target_disjoint,7,11,0.0009980039920159944
label_permutation,immune,seed42_main,target_disjoint,11,0,0.005476004512713684
label_permutation,immune,seed42_main,target_disjoint,11,1,-0.006196303046081764
label_permutation,immune,seed42_main,target_disjoint,11,2,0.015061181983858418
label_permutation,immune,seed42_main,target_disjoint,11,3,0.004009372559229507
label_permutation,immune,seed42_main,target_disjoint,11,4,0.008222685064653401
label_permutation,immune,seed42_main,target_disjoint,11,5,0.006834157771413718
label_permutation,immune,seed42_main,target_disjoint,11,6,-0.002664236743903592
label_permutation,immune,seed42_main,target_disjoint,11,7,-0.0012713703028724987
label_permutation,immune,seed42_main,target_disjoint,11,8,0.008105528074286106
label_permutation,immune,seed42_main,target_disjoint,11,9,0.019743122450750605
label_permutation,immune,seed42_main,target_disjoint,11,10,0.0024993491278312296
label_permutation,immune,seed42_main,target_disjoint,11,11,0.01198906534756572
label_permutation,immune,seed43,source_disjoint,7,0,-0.004706461339114343
label_permutation,immune,seed43,source_disjoint,7,1,0.004659739353616965
label_permutation,immune,seed43,source_disjoint,7,2,0.0018190426353692501
label_permutation,immune,seed43,source_disjoint,7,3,0.0009998504896464588
label_permutation,immune,seed43,source_disjoint,7,4,-0.0062451720614986606
label_permutation,immune,seed43,source_disjoint,7,5,0.009512596247290062
label_permutation,immune,seed43,source_disjoint,7,6,-0.011372131270090402
label_permutation,immune,seed43,source_disjoint,7,7,0.007288629737609353
label_permutation,immune,seed43,source_disjoint,7,8,0.007095512197552889
label_permutation,immune,seed43,source_disjoint,7,9,-0.00018377314295670022
label_permutation,immune,seed43,source_disjoint,7,10,0.010864419027684313
label_permutation,immune,seed43,source_disjoint,7,11,0.003332834965488085
label_permutation,immune,seed43,source_disjoint,11,0,-0.005413520719643072
label_permutation,immune,seed43,source_disjoint,11,1,-0.0025852831975280433
label_permutation,immune,seed43,source_disjoint,11,2,-0.005176795993122485
label_permutation,immune,seed43,source_disjoint,11,3,0.007313548129874725
label_permutation,immune,seed43,source_disjoint,11,4,0.008846029254192533
label_permutation,immune,seed43,source_disjoint,11,5,0.019286835613366193
label_permutation,immune,seed43,source_disjoint,11,6,0.002741023149186561
label_permutation,immune,seed43,source_disjoint,11,7,0.0001432807555254989
label_permutation,immune,seed43,source_disjoint,11,8,0.008456679375046683
label_permutation,immune,seed43,source_disjoint,11,9,0.007930278338441621
label_permutation,immune,seed43,source_disjoint,11,10,-0.025503974483566227
label_permutation,immune,seed43,source_disjoint,11,11,-0.004061697939248932
label_permutation,immune,seed43,target_disjoint,7,0,0.006610446628604438
label_permutation,immune,seed43,target_disjoint,7,1,-0.0005917106309171194
label_permutation,immune,seed43,target_disjoint,7,2,0.0027982040904819816
label_permutation,immune,seed43,target_disjoint,7,3,0.011786785430367874
label_permutation,immune,seed43,target_disjoint,7,4,0.0033921731589218185
label_permutation,immune,seed43,target_disjoint,7,5,0.007073426320734322
label_permutation,immune,seed43,target_disjoint,7,6,0.013275095757750988
label_permutation,immune,seed43,target_disjoint,7,7,-0.006495266314952675
label_permutation,immune,seed43,target_disjoint,7,8,0.005989376309893657
label_permutation,immune,seed43,target_disjoint,7,9,-0.0034938028474379434
label_permutation,immune,seed43,target_disjoint,7,10,0.0054789694297896485
label_permutation,immune,seed43,target_disjoint,7,11,-0.004209727542097252
label_permutation,immune,seed43,target_disjoint,11,0,0.0036406012864060866
label_permutation,immune,seed43,target_disjoint,11,1,-0.012647250126472498
label_permutation,immune,seed43,target_disjoint,11,2,0.00848043289730438
label_permutation,immune,seed43,target_disjoint,11,3,0.006888234443882313
label_permutation,immune,seed43,target_disjoint,11,4,0.014381730143817384
label_permutation,immune,seed43,target_disjoint,11,5,-0.0029314519043144305
label_permutation,immune,seed43,target_disjoint,11,6,-0.0009101503216014661
label_permutation,immune,seed43,target_disjoint,11,7,0.016687594854375987
label_permutation,immune,seed43,target_disjoint,11,8,0.009562224470622382
label_permutation,immune,seed43,target_disjoint,11,9,0.0036993206619931884
label_permutation,immune,seed43,target_disjoint,11,10,0.012764688877647035
label_permutation,immune,seed43,target_disjoint,11,11,0.0028749909662498796
label_permutation,immune,seed44,source_disjoint,7,0,0.005365471612096107
label_permutation,immune,seed44,source_disjoint,7,1,0.007884554689235213
label_permutation,immune,seed44,source_disjoint,7,2,0.0018995406034111317
label_permutation,immune,seed44,source_disjoint,7,3,0.010380258805101295
label_permutation,immune,seed44,source_disjoint,7,4,-0.006201269477597138
label_permutation,immune,seed44,source_disjoint,7,5,-0.0049154266075959185
label_permutation,immune,seed44,source_disjoint,7,6,0.0031035571089577108
label_permutation,immune,seed44,source_disjoint,7,7,-0.010315966661601284
label_permutation,immune,seed44,source_disjoint,7,8,-0.0014261166376378087
label_permutation,immune,seed44,source_disjoint,7,9,-0.0017709563164108877
label_permutation,immune,seed44,source_disjoint,7,10,-0.005663553368323804
label_permutation,immune,seed44,source_disjoint,7,11,0.005312868949232552
label_permutation,immune,seed44,source_disjoint,11,0,0.0050673898558687425
label_permutation,immune,seed44,source_disjoint,11,1,0.010999801278829158
label_permutation,immune,seed44,source_disjoint,11,2,-0.016540615100471112
label_permutation,immune,seed44,source_disjoint,11,3,-0.004880358165686549
label_permutation,immune,seed44,source_disjoint,11,4,0.0011747928039557154
label_permutation,immune,seed44,source_disjoint,11,5,-0.011461535763965802
label_permutation,immune,seed44,source_disjoint,11,6,-0.005090768817141433
label_permutation,immune,seed44,source_disjoint,11,7,-0.007405285983143717
label_permutation,immune,seed44,source_disjoint,11,8,-0.019340245712882953
label_permutation,immune,seed44,source_disjoint,11,9,0.0013150665715923049
label_permutation,immune,seed44,source_disjoint,11,10,0.011233590891556733
label_permutation,immune,seed44,source_disjoint,11,11,0.0005084924076823594
label_permutation,immune,seed44,target_disjoint,7,0,0.007287133230380438
label_permutation,immune,seed44,target_disjoint,7,1,-0.0012547381721185191
label_permutation,immune,seed44,target_disjoint,7,2,0.001085831110487101
label_permutation,immune,seed44,target_disjoint,7,3,-0.0020904990874630602
label_permutation,immune,seed44,target_disjoint,7,4,-0.002292310122139596
label_permutation,immune,seed44,target_disjoint,7,5,0.0007502105854275687
label_permutation,immune,seed44,target_disjoint,7,6,0.0067189912958023346
label_permutation,immune,seed44,target_disjoint,7,7,0.006023620665450036
label_permutation,immune,seed44,target_disjoint,7,8,0.00928330759511442
label_permutation,immune,seed44,target_disjoint,7,9,-0.007234486873508472
label_permutation,immune,seed44,target_disjoint,7,10,-0.010044486171556843
label_permutation,immune,seed44,target_disjoint,7,11,0.004457391548504663
label_permutation,immune,seed44,target_disjoint,11,0,0.0049487575459779
label_permutation,immune,seed44,target_disjoint,11,1,0.006225431700126349
label_permutation,immune,seed44,target_disjoint,11,2,-0.00709629018671909
label_permutation,immune,seed44,target_disjoint,11,3,0.009002527025129714
label_permutation,immune,seed44,target_disjoint,11,4,0.006879123964621647
label_permutation,immune,seed44,target_disjoint,11,5,-0.0038015056858066165
label_permutation,immune,seed44,target_disjoint,11,6,-0.00021935982030041323
label_permutation,immune,seed44,target_disjoint,11,7,0.005462059525480734
label_permutation,immune,seed44,target_disjoint,11,8,0.004314807665309672
label_permutation,immune,seed44,target_disjoint,11,9,-0.0012920293415695783
label_permutation,immune,seed44,target_disjoint,11,10,0.007616172960831169
label_permutation,immune,seed44,target_disjoint,11,11,0.005756001684683376
label_permutation,lung,seed42_main,source_disjoint,7,0,-0.003016401156147097
label_permutation,lung,seed42_main,source_disjoint,7,1,-0.012729380923573286
label_permutation,lung,seed42_main,source_disjoint,7,2,0.0003865026551052031
label_permutation,lung,seed42_main,source_disjoint,7,3,0.011124554681723464
label_permutation,lung,seed42_main,source_disjoint,7,4,5.88156214290092e-05
label_permutation,lung,seed42_main,source_disjoint,7,5,0.006957047791893489
label_permutation,lung,seed42_main,source_disjoint,7,6,0.000999865564293878
label_permutation,lung,seed42_main,source_disjoint,7,7,-0.006461316125562944
label_permutation,lung,seed42_main,source_disjoint,7,8,0.00641090273576661
label_permutation,lung,seed42_main,source_disjoint,7,9,0.009948242253142503
label_permutation,lung,seed42_main,source_disjoint,7,10,0.0007057874571485545
label_permutation,lung,seed42_main,source_disjoint,7,11,-0.00809975129394358
label_permutation,lung,seed42_main,source_disjoint,11,0,0.01893863010015473
label_permutation,lung,seed42_main,source_disjoint,11,1,0.004394367143913391
label_permutation,lung,seed42_main,source_disjoint,11,2,0.013174699200107498
label_permutation,lung,seed42_main,source_disjoint,11,3,0.004486791691873382
label_permutation,lung,seed42_main,source_disjoint,11,4,0.011015325670498122
label_permutation,lung,seed42_main,source_disjoint,11,5,0.01060361632049478
label_permutation,lung,seed42_main,source_disjoint,11,6,0.012040397929690139
label_permutation,lung,seed42_main,source_disjoint,11,7,-0.009410499428648134
label_permutation,lung,seed42_main,source_disjoint,11,8,0.007024265644955396
label_permutation,lung,seed42_main,source_disjoint,11,9,0.006310075956173888
label_permutation,lung,seed42_main,source_disjoint,11,10,0.0021173623714457745
label_permutation,lung,seed42_main,source_disjoint,11,11,0.010317940444982243
label_permutation,lung,seed42_main,target_disjoint,7,0,0.005639076671263066
label_permutation,lung,seed42_main,target_disjoint,7,1,-0.0020571979506496807
label_permutation,lung,seed42_main,target_disjoint,7,2,-0.002303837486967275
label_permutation,lung,seed42_main,target_disjoint,7,3,0.0036043004966423986
label_permutation,lung,seed42_main,target_disjoint,7,4,-0.00017937420823099792
label_permutation,lung,seed42_main,target_disjoint,7,5,0.0032847901882308017
label_permutation,lung,seed42_main,target_disjoint,7,6,0.0018778237424186273
label_permutation,lung,seed42_main,target_disjoint,7,7,-0.008604356551082382
label_permutation,lung,seed42_main,target_disjoint,7,8,0.0002802722003610869
label_permutation,lung,seed42_main,target_disjoint,7,9,0.0016087624300721304
label_permutation,lung,seed42_main,target_disjoint,7,10,0.004310586441552022
label_permutation,lung,seed42_main,target_disjoint,7,11,0.002701824011479892
label_permutation,lung,seed42_main,target_disjoint,11,0,-0.00576800188342913
label_permutation,lung,seed42_main,target_disjoint,11,1,0.0007903676050179387
label_permutation,lung,seed42_main,target_disjoint,11,2,0.00705164856108248
label_permutation,lung,seed42_main,target_disjoint,11,3,-0.012673908900323938
label_permutation,lung,seed42_main,target_disjoint,11,4,-0.00478704918216577
label_permutation,lung,seed42_main,target_disjoint,11,5,-0.0035314297245484516
label_permutation,lung,seed42_main,target_disjoint,11,6,-0.0014293882218410214
label_permutation,lung,seed42_main,target_disjoint,11,7,0.005465307907039252
label_permutation,lung,seed42_main,target_disjoint,11,8,0.002735456675523218
label_permutation,lung,seed42_main,target_disjoint,11,9,0.015459814571912145
label_permutation,lung,seed42_main,target_disjoint,11,10,0.00016816332021674096
label_permutation,lung,seed42_main,target_disjoint,11,11,0.002197334050830113
label_permutation,lung,seed43,source_disjoint,7,0,-0.00024240913120554541
label_permutation,lung,seed43,source_disjoint,7,1,0.012792276152482351
label_permutation,lung,seed43,source_disjoint,7,2,0.00556155806737596
label_permutation,lung,seed43,source_disjoint,7,3,-0.013851950354609899
label_permutation,lung,seed43,source_disjoint,7,4,0.008221132535460973
label_permutation,lung,seed43,source_disjoint,7,5,0.00495899822695034
label_permutation,lung,seed43,source_disjoint,7,6,-0.007860981826241065
label_permutation,lung,seed43,source_disjoint,7,7,-0.0031166888297872175
label_permutation,lung,seed43,source_disjoint,7,8,-0.009246176861702038
label_permutation,lung,seed43,source_disjoint,7,9,-0.010610593971631221
label_permutation,lung,seed43,source_disjoint,7,10,-0.002784242021276584
label_permutation,lung,seed43,source_disjoint,7,11,-0.021761414007092195
label_permutation,lung,seed43,source_disjoint,11,0,0.0008172650709220575
label_permutation,lung,seed43,source_disjoint,11,1,-0.007244570035460862
label_permutation,lung,seed43,source_disjoint,11,2,0.006718195921985859
label_permutation,lung,seed43,source_disjoint,11,3,-0.00497977615248224
label_permutation,lung,seed43,source_disjoint,11,4,0.001987754875886427
label_permutation,lung,seed43,source_disjoint,11,5,-0.003559951241134729
label_permutation,lung,seed43,source_disjoint,11,6,-0.007237644060283599
label_permutation,lung,seed43,source_disjoint,11,7,0.0044672539893616525
label_permutation,lung,seed43,source_disjoint,11,8,0.021241965868794233
label_permutation,lung,seed43,source_disjoint,11,9,0.008172650709219798
label_permutation,lung,seed43,source_disjoint,11,10,-0.004314882535460862
label_permutation,lung,seed43,source_disjoint,11,11,-0.0027219082446808818
label_permutation,lung,seed43,target_disjoint,7,0,-0.006025144106539537
label_permutation,lung,seed43,target_disjoint,7,1,0.004894653150467221
label_permutation,lung,seed43,target_disjoint,7,2,-0.0036399324190021787
label_permutation,lung,seed43,target_disjoint,7,3,0.0043604651162791885
label_permutation,lung,seed43,target_disjoint,7,4,0.0013541045517790895
label_permutation,lung,seed43,target_disjoint,7,5,0.00540399522957663
label_permutation,lung,seed43,target_disjoint,7,6,-0.010727241105148222
label_permutation,lung,seed43,target_disjoint,7,7,-0.0021491751142913573
label_permutation,lung,seed43,target_disjoint,7,8,-0.0009814152256011899
label_permutation,lung,seed43,target_disjoint,7,9,-0.01293853110713572
label_permutation,lung,seed43,target_disjoint,7,10,0.0006646292983502056
label_permutation,lung,seed43,target_disjoint,7,11,-0.010099880739415645
label_permutation,lung,seed43,target_disjoint,11,0,0.0049443450606241335
label_permutation,lung,seed43,target_disjoint,11,1,-0.009416616974756487
label_permutation,lung,seed43,target_disjoint,11,2,0.008298548996223398
label_permutation,lung,seed43,target_disjoint,11,3,-0.008093569866825745
label_permutation,lung,seed43,target_disjoint,11,4,-0.0006894752534287174
label_permutation,lung,seed43,target_disjoint,11,5,0.007062462731067476
label_permutation,lung,seed43,target_disjoint,11,6,-0.003546760087457801
label_permutation,lung,seed43,target_disjoint,11,7,0.0007702246074339225
label_permutation,lung,seed43,target_disjoint,11,8,0.0016833134565692465
label_permutation,lung,seed43,target_disjoint,11,9,-0.0025839793281653423
label_permutation,lung,seed43,target_disjoint,11,10,-0.007385460147088019
label_permutation,lung,seed43,target_disjoint,11,11,0.0016833134565692465
label_permutation,lung,seed44,source_disjoint,7,0,-0.009195141332727808
label_permutation,lung,seed44,source_disjoint,7,1,0.009720172550800377
label_permutation,lung,seed44,source_disjoint,7,2,-0.004938131456465045
label_permutation,lung,seed44,source_disjoint,7,3,-0.005321262345328703
label_permutation,lung,seed44,source_disjoint,7,4,0.004732375979112247
label_permutation,lung,seed44,source_disjoint,7,5,-0.006463559995459223
label_permutation,lung,seed44,source_disjoint,7,6,-0.0034339879668520146
label_permutation,lung,seed44,source_disjoint,7,7,-0.0006456464978998877
label_permutation,lung,seed44,source_disjoint,7,8,0.010223918719491465
label_permutation,lung,seed44,source_disjoint,7,9,0.010926325349074784
label_permutation,lung,seed44,source_disjoint,7,10,-0.00510841185151556
label_permutation,lung,seed44,source_disjoint,7,11,-0.00440600522193213
label_permutation,lung,seed44,source_disjoint,11,0,-0.006264899534566881
label_permutation,lung,seed44,source_disjoint,11,1,0.0031501873084346377
label_permutation,lung,seed44,source_disjoint,11,2,-0.008762345328641175
label_permutation,lung,seed44,source_disjoint,11,3,0.0034907480985355566
label_permutation,lung,seed44,source_disjoint,11,4,-0.007265296855488712
label_permutation,lung,seed44,source_disjoint,11,5,0.01275683959586782
label_permutation,lung,seed44,source_disjoint,11,6,-0.007612952662050199
label_permutation,lung,seed44,source_disjoint,11,7,0.009329946645476261
label_permutation,lung,seed44,source_disjoint,11,8,0.0033062776705642394
label_permutation,lung,seed44,source_disjoint,11,9,0.007393007151776598
label_permutation,lung,seed44,source_disjoint,11,10,0.0074071971846975115
label_permutation,lung,seed44,source_disjoint,11,11,-0.005158076966738534
label_permutation,lung,seed44,target_disjoint,7,0,-0.006016804747635107
label_permutation,lung,seed44,target_disjoint,7,1,0.0034255831717492358
label_permutation,lung,seed44,target_disjoint,7,2,0.008073329807861795
label_permutation,lung,seed44,target_disjoint,7,3,-0.002109407133204122
label_permutation,lung,seed44,target_disjoint,7,4,0.0033256948116811014
label_permutation,lung,seed44,target_disjoint,7,5,0.005223573652976099
label_permutation,lung,seed44,target_disjoint,7,6,-0.0024266995710676142
label_permutation,lung,seed44,target_disjoint,7,7,0.0014336917562723928
label_permutation,lung,seed44,target_disjoint,7,8,-0.0014278159703861037
label_permutation,lung,seed44,target_disjoint,7,9,0.0012339150361360685
label_permutation,lung,seed44,target_disjoint,7,10,0.002990775016158409
label_permutation,lung,seed44,target_disjoint,7,11,-0.0043422057700217565
label_permutation,lung,seed44,target_disjoint,11,0,0.004824020212703506
label_permutation,lung,seed44,target_disjoint,11,1,0.006580880192725735
label_permutation,lung,seed44,target_disjoint,11,2,0.0029143897996356527
label_permutation,lung,seed44,target_disjoint,11,3,0.016822374992655265
label_permutation,lung,seed44,target_disjoint,11,4,0.008519889535225256
label_permutation,lung,seed44,target_disjoint,11,5,0.010746812386156601
label_permutation,lung,seed44,target_disjoint,11,6,0.00911334390974794
label_permutation,lung,seed44,target_disjoint,11,7,0.00500616957518063
label_permutation,lung,seed44,target_disjoint,11,8,-0.0035548504612492593
label_permutation,lung,seed44,target_disjoint,11,9,2.3503143545489102e-05
label_permutation,lung,seed44,target_disjoint,11,10,0.008878312474293382
label_permutation,lung,seed44,target_disjoint,11,11,0.0037605029672717616
