domain,split_regime,layer,n_seed_runs,mean_h1_observed_euclidean,mean_h1_observed_geodesic,mean_h1_rewire_null,mean_h1_delta_euclidean_vs_rewire,mean_h1_delta_geodesic_vs_rewire,mean_h1_delta_shift_geodesic_minus_euclidean,frac_seeds_geo_delta_positive,frac_seeds_euclid_delta_positive,fisher_stat_euclidean_vs_rewire,fisher_p_euclidean_vs_rewire,fisher_stat_geodesic_vs_rewire,fisher_p_geodesic_vs_rewire,mean_distortion_observed,mean_distortion_rewire_null,mean_distortion_delta_observed_minus_null,fisher_stat_distortion_lower,fisher_p_distortion_lower,mean_knn_k,bridged_runs
immune,source_disjoint,0,3,24.545182943344116,24.5668097337087,172.10870976106503,-147.56352681772094,-147.54190002735635,0.021626790364583332,0.0,0.0,-0.0,1.0,-0.0,1.0,1.370657119373939,1.2239010664802894,0.14675605289364957,-0.0,1.0,30.0,3
immune,source_disjoint,1,3,19.753539482752483,19.753539482752483,120.50089997194345,-100.74736048919097,-100.74736048919097,0.0,0.0,0.0,-0.0,1.0,-0.0,1.0,1.3829678594050474,1.2162101702263384,0.16675768917870903,-0.0,1.0,30.0,3
immune,source_disjoint,2,3,19.205929199854534,19.623308261235554,111.70596462307982,-92.5000354232253,-92.08265636184427,0.41737906138102215,0.0,0.0,-0.0,1.0,-0.0,1.0,1.3021719110243433,1.2452831797578015,0.05688873126654189,-0.0,1.0,30.0,3
immune,source_disjoint,3,3,19.697513659795124,19.745063066482544,142.8955994759048,-123.19808581610967,-123.15053640942226,0.04754940668741862,0.0,0.0,-0.0,1.0,-0.0,1.0,1.3306247289717155,1.244705956342379,0.0859187726293366,-0.0,1.0,30.0,3
immune,source_disjoint,4,3,23.44242779413859,23.720146973927815,132.35582600433284,-108.91339821019425,-108.63567903040502,0.2777191797892253,0.0,0.0,-0.0,1.0,-0.0,1.0,1.3177761061237745,1.2486597279968603,0.06911637812691411,-0.0,1.0,30.0,3
immune,source_disjoint,5,3,16.715943733851116,16.98567573229472,127.82614195950619,-111.11019822565508,-110.84046622721148,0.2697319984436035,0.0,0.0,-0.0,1.0,-0.0,1.0,1.3742357321062197,1.2413760136493677,0.13285971845685215,-0.0,1.0,30.0,3
immune,source_disjoint,6,3,16.96977210044861,17.478949626286823,137.5036814742618,-120.53390937381319,-120.02473184797498,0.5091775258382162,0.0,0.0,-0.0,1.0,-0.0,1.0,1.306062898422183,1.219923081251619,0.08613981717056385,3.891820298110627,0.6913133290219355,30.0,3
immune,source_disjoint,7,3,17.927959601084392,17.953364690144856,141.46586634053122,-123.53790673944684,-123.51250165038637,0.025405089060465496,0.0,0.0,-0.0,1.0,-0.0,1.0,1.3308676881410622,1.2169542196677872,0.11391346847327499,-0.0,1.0,30.0,3
immune,source_disjoint,8,3,18.256599585215252,18.26838445663452,123.79949288898042,-105.54289330376518,-105.5311084323459,0.011784871419270834,0.0,0.0,-0.0,1.0,-0.0,1.0,1.3217186807472718,1.2172454019820007,0.10447327876527113,3.891820298110627,0.6913133290219355,30.0,3
immune,source_disjoint,9,3,13.675548235575357,13.857829411824545,132.05274852077912,-118.37720028520376,-118.19491910895458,0.1822811762491862,0.0,0.0,-0.0,1.0,-0.0,1.0,1.3164243598885694,1.2799561714190872,0.03646818846948211,0.3083013596545167,0.9994559107481668,30.0,3
immune,source_disjoint,10,3,12.572637716929117,12.572637716929117,84.1841443244981,-71.61150660756898,-71.61150660756898,0.0,0.0,0.0,-0.0,1.0,-0.0,1.0,1.2397193245847467,1.2125926145322106,0.027126710052536158,3.891820298110627,0.6913133290219355,30.0,3
immune,source_disjoint,11,3,6.926106373469035,6.966962099075317,52.06910223431058,-45.142995860841545,-45.10214013523526,0.040855725606282554,0.0,0.0,-0.0,1.0,-0.0,1.0,1.1940789176918334,1.1705415522050948,0.023537365486738498,-0.0,1.0,30.0,3
immune,target_disjoint,0,3,1.6390457948048909,1.8368988831837971,69.18460581037733,-67.54556001557243,-67.34770692719353,0.19785308837890625,0.0,0.0,-0.0,1.0,-0.0,1.0,2.0684212846057166,1.140917592314051,0.9275036922916655,-0.0,1.0,16.666666666666668,0
immune,target_disjoint,1,3,3.090132713317871,5.390163739522298,79.02303738064236,-75.9329046673245,-73.63287364112007,2.3000310262044272,0.3333333333333333,0.3333333333333333,3.891820298110627,0.6913133290219355,3.891820298110627,0.6913133290219355,1.4750709238302815,1.1832055599681661,0.2918653638621154,-0.0,1.0,28.0,2
immune,target_disjoint,2,3,2.105942726135254,2.105943259995326,75.12578704622057,-73.01984432008531,-73.01984378622524,5.33860072001365e-07,0.0,0.0,-0.0,1.0,-0.0,1.0,1.4199826559987818,1.4850934457091534,-0.06511078971037161,7.783640596221254,0.25438679417354215,29.333333333333332,1
immune,target_disjoint,3,3,2.158295154571533,2.158295628655663,61.964561515384254,-59.80626636081272,-59.80626588672859,4.7408412958323726e-07,0.0,0.0,0.6729444732424258,0.9950564425926097,0.6729444732424258,0.9950564425926097,1.4272209379262952,1.3321928732256743,0.09502806470062104,4.200121657765144,0.6496149271084957,28.333333333333332,2
immune,target_disjoint,4,3,3.1443139712015786,3.14431410470277,83.79158505772466,-80.64727108652308,-80.64727095302189,1.3350119113889983e-07,0.0,0.0,0.3083013596545167,0.9994559107481668,0.3083013596545167,0.9994559107481668,1.41679375479099,1.3908827666336958,0.02591098815729409,3.891820298110627,0.6913133290219355,29.666666666666668,2
immune,target_disjoint,5,3,3.308087189992269,3.308087432061941,115.48076369357675,-112.17267650358447,-112.17267626151481,2.420696697906048e-07,0.0,0.0,-0.0,1.0,-0.0,1.0,1.427077281911175,1.3432765614000226,0.08380072051115268,-0.0,1.0,30.0,3
immune,target_disjoint,6,3,2.8928209940592446,2.892822708031055,113.83334273762175,-110.9405217435625,-110.94052002959067,1.7139718077411696e-06,0.0,0.0,-0.0,1.0,-0.0,1.0,1.4123084074655718,1.2970702545080075,0.11523815295756427,-0.0,1.0,30.0,3
immune,target_disjoint,7,3,5.2518259684244795,5.270261243959102,129.70064330101013,-124.44881733258565,-124.43038205705102,0.018435275534623468,0.0,0.0,-0.0,1.0,-0.0,1.0,1.4759199637589748,1.282151711773689,0.1937682519852859,-0.0,1.0,29.333333333333332,2
immune,target_disjoint,8,3,4.1151933670043945,4.115194743801422,118.90718751483494,-114.79199414783055,-114.7919927710335,1.3767970325299454e-06,0.0,0.0,-0.0,1.0,-0.0,1.0,1.4301683576667814,1.3807005999220798,0.049467757744701656,1.1192315758708455,0.9806861159935513,30.0,3
immune,target_disjoint,9,3,2.828329086303711,2.828329844946971,73.91840285725063,-71.09007377094692,-71.09007301230366,7.58643260212466e-07,0.0,0.0,1.1192315758708455,0.9806861159935513,1.1192315758708455,0.9806861159935513,1.3124448859968314,1.4418023881076882,-0.12935750211085706,8.091941955875772,0.2314445169987586,29.333333333333332,2
immune,target_disjoint,10,3,5.379312356313069,5.379314053144594,86.75799873140124,-81.37868637508817,-81.37868467825665,1.6968315226980242e-06,0.0,0.0,0.6729444732424258,0.9950564425926097,0.6729444732424258,0.9950564425926097,1.421206637117819,1.5013549685440495,-0.08014833142623057,11.67546089433188,0.06961305782521882,29.666666666666668,2
immune,target_disjoint,11,3,2.1293907960255942,2.1293911416723055,54.43010522259606,-52.300714426570465,-52.30071408092376,3.4564671125281166e-07,0.0,0.0,-0.0,1.0,-0.0,1.0,1.3537394971808168,1.3880921557258088,-0.03435265854499211,8.45658506946368,0.206523635777935,30.0,3
