domain,seed_tag,layer,n_points,pca_dim,h1_sum_observed,h1_sum_null_mean,h1_sum_null_std,h1_sum_delta,h1_sum_z,h1_sum_p_perm,h1_max_observed,h1_count_observed,mle_intrinsic_dim,participation_ratio_dim,linearity_top5_ratio
external_lung,seed42_main,0,350,20,67.83042812347412,50.82857673168182,5.119480821536647,17.0018513917923,3.321010856598554,0.047619047619047616,2.3644466400146484,198,10.32227153042318,2.4095321762658553,0.8057420244321037
external_lung,seed43,0,350,20,64.27649760246277,40.25660538673401,4.8631808862502215,24.01989221572876,4.939131974034032,0.047619047619047616,1.5013065338134766,161,10.364666601326675,2.0980184499062093,0.8290420557191343
external_lung,seed44,0,350,20,71.36417126655579,49.82156826257706,5.01754909535555,21.542603003978726,4.293451362464195,0.047619047619047616,1.258192539215088,198,10.385045503898404,2.311161257293654,0.814785632708796
external_lung,seed42_main,1,350,20,64.90057563781738,49.16123447418213,6.5491221065763305,15.739341163635252,2.4032749588570423,0.047619047619047616,1.45274019241333,199,10.58116054848459,1.9350793822376309,0.8448748626186587
external_lung,seed43,1,350,20,58.701274156570435,41.74990867376327,5.440445011170659,16.951365482807162,3.1158049470007994,0.047619047619047616,1.06251859664917,196,10.12665827246501,1.8312818356912481,0.8572015384225552
external_lung,seed44,1,350,20,55.72653102874756,40.86882573366165,2.944656211424933,14.857705295085907,5.045650229861823,0.047619047619047616,1.3135380744934082,184,10.30021473606977,1.8598221793890564,0.8583189339021802
external_lung,seed42_main,2,350,20,54.94127702713013,40.68948353528977,4.26332862380253,14.25179349184036,3.3428794132660786,0.047619047619047616,1.1200199127197266,195,9.927699339818469,1.7624682901729416,0.8669271965542035
external_lung,seed43,2,350,20,47.57616376876831,33.68213374614716,5.381009424523372,13.894030022621152,2.5820490030585255,0.09523809523809523,1.2907633781433105,173,10.00236000069581,1.6570274214753853,0.8812187882674756
external_lung,seed44,2,350,20,51.61361575126648,45.958602643013,6.316050722014818,5.655013108253478,0.8953400402006572,0.19047619047619047,1.3426032066345215,191,10.78061495255106,1.7982636719875311,0.8651554164919348
external_lung,seed42_main,3,350,20,47.922598361968994,38.068428659439085,5.4570814378543,9.854169702529909,1.8057582268002152,0.09523809523809523,1.206268310546875,166,10.432286434345604,1.669093283437312,0.8831791900977556
external_lung,seed43,3,350,20,46.45573949813843,36.80801931619644,4.76656438996562,9.647720181941985,2.0240406696756135,0.047619047619047616,1.054457664489746,166,10.954166798898552,1.6552492256272155,0.8856048511314625
external_lung,seed44,3,350,20,50.442885875701904,42.411291015148166,5.21439485720782,8.031594860553739,1.5402736231053638,0.19047619047619047,1.1618742942810059,181,10.26749742641598,1.7476392076871303,0.8734777836242612
external_lung,seed42_main,4,350,20,53.28757047653198,42.92905033826828,4.4638733782531945,10.3585201382637,2.320522841532006,0.047619047619047616,1.210759162902832,185,10.265636525154937,1.6832300584615778,0.8910464022243406
external_lung,seed43,4,350,20,49.440860748291016,33.4291092634201,4.8419090574586505,16.011751484870913,3.3069087608944097,0.047619047619047616,1.4005274772644043,174,9.667581301604228,1.5163160310640418,0.9083328859181766
external_lung,seed44,4,350,20,51.165650606155396,37.360101234912875,4.0974823847909,13.80554937124252,3.369276075259506,0.047619047619047616,1.2171149253845215,187,10.7507833287957,1.6360329980493895,0.8918170192055034
external_lung,seed42_main,5,350,20,56.48554491996765,43.43685395717621,5.98665278060274,13.04869096279144,2.1796304945044866,0.047619047619047616,1.0372281074523926,210,9.822768242242951,1.6528118469124735,0.8932384238507861
external_lung,seed43,5,350,20,58.78429555892944,38.54056913852692,3.337393632685505,20.243726420402524,6.0657293212509815,0.047619047619047616,1.2994952201843262,192,9.222179756817534,1.5637719370022296,0.9039319436701846
external_lung,seed44,5,350,20,50.17394304275513,37.58802181482315,6.10980912850129,12.585921227931976,2.059953258958729,0.09523809523809523,1.1655611991882324,172,9.841090645589231,1.5723850784233386,0.9043903653381946
external_lung,seed42_main,6,350,20,53.868043184280396,43.06526708602905,4.796656299001483,10.802776098251343,2.2521472089313557,0.047619047619047616,1.1913671493530273,201,9.964753502546063,1.6176485915331187,0.9019833250403279
external_lung,seed43,6,350,20,49.28403449058533,34.795938682556155,5.241400490680721,14.488095808029172,2.7641650034232326,0.047619047619047616,1.0255908966064453,183,9.678251238943247,1.5167258895160365,0.9144027529645348
external_lung,seed44,6,350,20,49.899354696273804,39.834540486335754,4.320169350662858,10.06481420993805,2.329726774730265,0.047619047619047616,1.0858407020568848,203,9.998968817000058,1.5557339702282353,0.9104098354574721
external_lung,seed42_main,7,350,20,48.94907355308533,42.76868003606796,4.798500860390817,6.1803935170173645,1.2879842466519875,0.14285714285714285,1.565497875213623,183,9.534399378819204,1.5851129266964614,0.910588576080143
external_lung,seed43,7,350,20,54.894794940948486,46.332231032848355,4.068421414461638,8.562563908100131,2.104640358926178,0.09523809523809523,1.0327301025390625,208,10.07687158160597,1.6529455823384247,0.9053255743957531
external_lung,seed44,7,350,20,56.16070818901062,35.55337945222855,4.200307634631644,20.607328736782073,4.906147483571911,0.047619047619047616,1.078599452972412,195,9.638444642400959,1.5302057686578747,0.9168761608442526
external_lung,seed42_main,8,350,20,59.016623735427856,42.011199104785916,3.7702096929546856,17.00542463064194,4.510471833412651,0.047619047619047616,1.430246114730835,188,8.673632514748107,1.556997988437143,0.9242687403003295
external_lung,seed43,8,350,20,47.5678813457489,32.203832674026486,3.5205502316790827,15.364048671722415,4.364104374681971,0.047619047619047616,0.9320068359375,179,9.856276106529242,1.463701234484289,0.9380371374897725
external_lung,seed44,8,350,20,62.54545736312866,44.707402849197386,5.157237603999062,17.838054513931276,3.4588389909823674,0.047619047619047616,1.416532039642334,225,9.802218985112464,1.5878770846639054,0.9200941483117261
external_lung,seed42_main,9,350,20,49.050042390823364,35.381676125526425,3.8651177306827478,13.668366265296939,3.5363389200944657,0.047619047619047616,0.9322452545166016,190,9.62639598862384,1.3661397955503471,0.9476351270350296
external_lung,seed43,9,350,20,44.94461798667908,34.029107737541196,3.8299484014813974,10.915510249137881,2.8500410715887967,0.047619047619047616,1.001004695892334,193,9.933028867353238,1.3675278597001408,0.9487431277771553
external_lung,seed44,9,350,20,45.43473410606384,32.50908941030502,4.1220994011977465,12.92564469575882,3.1356945659455366,0.047619047619047616,0.9379611015319824,194,9.784452670442535,1.328144535074801,0.952376215785142
external_lung,seed42_main,10,350,20,31.992000699043274,25.597895044088364,2.9760308513969607,6.39410565495491,2.1485347337057865,0.09523809523809523,0.6926193237304688,190,9.974960466368234,1.1825909536836336,0.9698054954543414
external_lung,seed43,10,350,20,29.095608711242676,21.841794884204866,2.757403020306547,7.25381382703781,2.6306687020313473,0.047619047619047616,0.6098129749298096,162,9.635758489219477,1.1422967546194982,0.9756175349675554
external_lung,seed44,10,350,20,32.1514630317688,24.493266344070435,2.2513651045156777,7.658196687698364,3.4015791880829767,0.047619047619047616,0.7261874675750732,180,9.892947673259487,1.1728987298532185,0.9720746292568773
external_lung,seed42_main,11,350,20,23.75840127468109,19.191580069065093,2.1559714138529418,4.566821205615998,2.1182197380513506,0.047619047619047616,0.5134139060974121,183,9.462184805977914,1.1197508153209363,0.9791645698591679
external_lung,seed43,11,350,20,21.593727350234985,16.98272541165352,1.8792251384326273,4.611001938581467,2.453671910739558,0.047619047619047616,0.4530069828033447,173,9.662970858861744,1.1036274728989077,0.9814515500571737
external_lung,seed44,11,350,20,20.840043783187866,17.882640534639357,2.444858452899596,2.957403248548509,1.2096419094657174,0.09523809523809523,0.4007079601287842,180,9.775856045952093,1.1044386904009356,0.9814579048675689
immune,seed42_main,0,350,20,47.470099449157715,25.247614002227785,2.977248920124769,22.22248544692993,7.464100596108215,0.047619047619047616,1.5308442115783691,118,9.548547369683519,1.9087866389666783,0.8393118020838956
immune,seed43,0,350,20,25.94298553466797,21.243173563480376,3.266706083913781,4.699811971187593,1.4387005898363936,0.047619047619047616,2.060077667236328,65,9.566621968025764,1.889421711083839,0.8498024307931711
immune,seed44,0,350,20,28.118698120117188,15.800158184766769,2.735003354349347,12.318539935350419,4.504031013803619,0.047619047619047616,1.5811657905578613,64,8.823032859577546,1.897031638266765,0.8460861822896408
immune,seed42_main,1,350,20,32.710314989089966,21.35474361181259,3.936522095339103,11.355571377277375,2.8846710622653076,0.047619047619047616,1.114182472229004,96,9.210607018055166,1.6432414692681456,0.8725011614383708
immune,seed43,1,350,20,24.595810651779175,16.511634051799774,2.6753913365713675,8.0841765999794,3.0216800385239906,0.047619047619047616,1.22011137008667,73,8.75510064479128,1.5879067989057125,0.8771761021359887
immune,seed44,1,350,20,31.727700233459473,18.89334941506386,4.398021568647087,12.834350818395613,2.918210066765427,0.047619047619047616,1.4642877578735352,82,8.879124140503318,1.6122716313974996,0.8764754636679961
immune,seed42_main,2,350,20,32.85875344276428,15.728174233436585,3.027213057179871,17.1305792093277,5.658861428018402,0.047619047619047616,1.9461426734924316,80,9.263073761271938,1.5190205542935578,0.8867109490373282
immune,seed43,2,350,20,27.23693060874939,20.05081671476364,2.955166331747737,7.186113893985748,2.4317121558785635,0.047619047619047616,1.124396800994873,96,10.390411912673365,1.5612874197639715,0.8837292248976614
immune,seed44,2,350,20,28.24877405166626,17.399241989851,2.973693407212903,10.84953206181526,3.648503921705732,0.047619047619047616,1.139030933380127,84,9.275406862474744,1.545413148909421,0.8880953695301633
immune,seed42_main,3,350,20,26.04000234603882,17.40446546077728,2.3693152492009624,8.635536885261537,3.6447395020688282,0.047619047619047616,1.6682744026184082,87,8.847559362528408,1.530750281371048,0.8897005123312136
immune,seed43,3,350,20,35.58803415298462,21.091290175914764,2.7055854130152506,14.496743977069855,5.358080325971236,0.047619047619047616,1.2277321815490723,104,9.127825787113641,1.5815068721011083,0.8843556355758524
immune,seed44,3,350,20,30.379708219417722,18.69057822227478,2.2113969943651117,11.689129997142942,5.285857773001547,0.047619047619047616,1.456418514251709,277,8.840259820413458,1.5497855040563315,0.8880835682610861
immune,seed42_main,4,350,20,34.818035364151,16.857110571861266,1.9636217511024099,17.960924792289735,9.146835317473611,0.047619047619047616,1.0893802642822266,103,8.629178728946926,1.4646813072169549,0.9017158041534701
immune,seed43,4,350,20,35.46710205078125,17.26207914352417,2.7051794620977527,18.20502290725708,6.729691377447528,0.047619047619047616,1.5687475204467773,98,8.443574656219223,1.4979107667205822,0.8987606235183457
immune,seed44,4,350,20,29.953576803207397,15.593186718225478,1.5860990643081196,14.360390084981919,9.053904890986258,0.047619047619047616,1.5077691078186035,88,9.0179356107,1.4710751818338161,0.9034900664941702
immune,seed42_main,5,350,20,30.59228754043579,15.255362516641616,2.269967996025296,15.336925023794175,6.756449889995196,0.047619047619047616,1.5115089416503906,78,8.518644450336726,1.4182677519589943,0.9091512037279359
immune,seed43,5,350,20,28.180516481399536,18.42263193130493,3.2923506828614344,9.757884550094605,2.963804736210563,0.047619047619047616,1.5367107391357422,85,8.822825884316023,1.4874646143617438,0.9078177117083339
immune,seed44,5,350,20,23.187838315963745,16.045146942138672,2.4889630529554956,7.142691373825073,2.869745841535818,0.047619047619047616,1.332387924194336,75,8.675137854440536,1.4285234877214965,0.9153265666922603
immune,seed42_main,6,350,20,36.03550124168396,16.034567409753798,2.8721913469692475,20.000933831930162,6.963649495731407,0.047619047619047616,1.8857169151306152,100,8.82788060441147,1.4149559657967878,0.9112084755448258
immune,seed43,6,350,20,27.290524005889893,16.650374311208726,2.709485736295567,10.640149694681167,3.9269997063359607,0.047619047619047616,1.0127167701721191,98,8.664478597078663,1.4313150347277175,0.9152850631705306
immune,seed44,6,350,20,30.111228466033936,17.452660810947418,2.787467860293165,12.658567655086518,4.541242548789044,0.047619047619047616,1.3987102508544922,87,8.238971088605256,1.5062201631153502,0.9076493108348012
immune,seed42_main,7,350,20,37.95773386955261,17.09111582636833,2.5246722342313466,20.866618043184282,8.265080017910595,0.047619047619047616,1.4388689994812012,99,8.56244315061011,1.4321707982770717,0.9154972963413501
immune,seed43,7,350,20,31.411807775497437,15.101129448413849,1.8120697577227134,16.310678327083586,9.001131578168717,0.047619047619047616,1.243278980255127,82,8.409859420798512,1.4698989693759423,0.9182517712378169
immune,seed44,7,350,20,33.978036880493164,16.22291414141655,1.7259585556211698,17.755122739076615,10.287108384476511,0.047619047619047616,1.5134062767028809,93,8.09192513515105,1.4138252856240425,0.9221798792370758
immune,seed42_main,8,350,20,29.8425395488739,14.894860768318177,1.951706397970281,14.947678780555725,7.658774285129213,0.047619047619047616,1.4528303146362305,92,8.404998329163915,1.381464400935185,0.9272898561890619
immune,seed43,8,350,20,29.508207082748413,17.39244704246521,3.3067464974817344,12.115760040283202,3.663951877123346,0.047619047619047616,1.6310458183288574,83,7.90151685302275,1.4338169869284294,0.9241848548949895
immune,seed44,8,350,20,22.833451986312866,12.730103409290313,1.8997428049228462,10.103348577022553,5.318271792120095,0.047619047619047616,1.2543425559997559,67,8.488541442980015,1.3365381271668748,0.9343101891452239
immune,seed42_main,9,350,20,26.01761484146118,12.334339457750321,1.6361980574215824,13.68327538371086,8.362847830849358,0.047619047619047616,1.219496726989746,91,9.253718832840232,1.245181279126704,0.9534064582678762
immune,seed43,9,350,20,28.605252504348755,15.528924077749252,2.6121825750719587,13.076328426599503,5.005901404588223,0.047619047619047616,1.0458974838256836,95,8.178930832447644,1.3154380804249257,0.9478291314103408
immune,seed44,9,350,20,23.945167064666748,11.521888300776482,1.2651924154458571,12.423278763890266,9.819280136684181,0.047619047619047616,1.4061031341552734,78,8.326004502047455,1.2478945195492366,0.9518652862915379
immune,seed42_main,10,350,20,18.410890340805054,10.420987644791603,1.5768443899292182,7.98990269601345,5.06702039971432,0.047619047619047616,0.6089668273925781,95,8.28897083517388,1.1405498039237358,0.9728065076321342
immune,seed43,10,350,20,21.88912606239319,11.583298826217652,2.077336289675523,10.305827236175537,4.961077935447907,0.047619047619047616,0.7823891639709473,96,8.539525271729236,1.1471855547864604,0.9711459882127937
immune,seed44,10,350,20,16.106707096099854,11.560237270593642,1.7782664518816322,4.546469825506211,2.5566864955129645,0.047619047619047616,0.9890933036804199,74,8.724438013653458,1.151465230496077,0.9721297349574044
immune,seed42_main,11,350,20,10.393490552902222,7.090027552843094,1.292698369731277,3.3034630000591276,2.5554785825175634,0.047619047619047616,0.5077271461486816,63,8.400165238695248,1.1023399954737296,0.981576691499762
immune,seed43,11,350,20,14.803678393363953,9.63394470512867,1.1909138331134543,5.169733688235283,4.340980464034797,0.047619047619047616,1.3517489433288574,80,7.638482481258028,1.1291944368208173,0.9769703066476321
immune,seed44,11,350,20,11.277222275733948,6.781109216809273,0.7739069131168832,4.496113058924675,5.809630301669106,0.047619047619047616,0.5653824806213379,66,8.503928256648294,1.092971916043444,0.9819865581439128
