hypothesis_id,domain,seed_tag,split_regime,layer,n_edges_eval,n_positive_eval,auc_h70,auc_semantic_hardening_model,delta_vs_h70,q95_null_delta_auc,null_gap_q95,p_tf_sign_upper,p_motif_decoy_upper,p_string_bin_upper,p_go_semantic_upper,p_label_upper,p_best_upper,motif_coverage,string_conf_mean,same_community_rate,go_semantic_mean,go_anchor_semantic_mean
H130,external_lung,seed42_main,dual_axis_disjoint,11,240,200,0.8062499999999999,0.94575,0.13950000000000007,0.13750625000000008,0.0019937499999999886,0.04,0.04,0.08,0.08,0.04,0.04,0.5083333333333333,0.4830250000000001,0.8416666666666667,0.061617903067399935,0.2627973881040648
H130,external_lung,seed42_main,source_disjoint,11,240,102,0.788647342995169,0.9613526570048309,0.17270531400966183,0.1740053992611538,-0.0013000852514919725,0.04,0.04,0.36,0.16,0.04,0.04,0.2833333333333333,0.332,0.2,0.09464648759088352,0.30613259511687063
H130,external_lung,seed42_main,target_disjoint,11,240,149,0.8552253116011505,0.9569289770632052,0.10170366546205478,0.10657865624308589,-0.0048749907810311105,0.04,0.04,0.6,0.48,0.04,0.04,0.42916666666666664,0.38474583333333334,0.7458333333333333,0.07598511238063753,0.26849218428298266
H130,immune,seed42_main,dual_axis_disjoint,11,240,58,0.8411330049261083,0.9742326638878362,0.13309965896172793,0.14657067070860175,-0.013471011746873818,0.04,0.04,0.84,1.0,0.12,0.04,0.17083333333333334,0.2390958333333333,0.75,0.04904429491709594,0.190054220436702
H130,immune,seed42_main,source_disjoint,11,240,59,0.9006461279145986,0.9611386833973219,0.060492555482723254,0.06207510066485639,-0.0015825451821331396,0.04,0.04,0.24,0.2,0.16,0.04,0.14583333333333334,0.21873750000000003,0.7,0.0455130072545696,0.1731611759338461
H130,immune,seed42_main,target_disjoint,11,240,58,0.8767525577870405,0.9693065555134521,0.0925539977264116,0.0969448654793482,-0.004390867752936609,0.04,0.04,0.8,0.8,0.04,0.04,0.1625,0.21324583333333333,0.6916666666666667,0.04156483753948921,0.15423027974056602
H130,lung,seed42_main,dual_axis_disjoint,11,220,173,0.8110933464518509,0.9421965317919074,0.1311031853400565,0.14036403886360846,-0.009260853523551965,0.12,0.04,0.6,0.68,0.04,0.04,0.4818181818181818,0.49186363636363634,0.20909090909090908,0.06248482140740962,0.2741703334922918
H130,lung,seed42_main,source_disjoint,11,240,107,0.7965005972876116,0.954254795868175,0.1577541985805634,0.1609936055090997,-0.0032394069285363036,0.04,0.04,0.72,0.32,0.04,0.04,0.30416666666666664,0.3427166666666667,0.20416666666666666,0.0970043721632603,0.3076744256735527
H130,lung,seed42_main,target_disjoint,11,240,140,0.8095000000000001,0.9492857142857143,0.13978571428571418,0.1469285714285713,-0.0071428571428571175,0.04,0.04,0.8,0.92,0.04,0.04,0.37916666666666665,0.3903125,0.5666666666666667,0.09044705588123904,0.2945260903517753
H130,external_lung,seed43,dual_axis_disjoint,11,240,197,0.7582339747373392,0.9356628497225828,0.17742887498524362,0.18372683272340923,-0.006297957738165605,0.04,0.04,0.44,0.48,0.04,0.04,0.49166666666666664,0.5068125,0.7333333333333333,0.06800914869294535,0.2830964945120478
H130,external_lung,seed43,source_disjoint,11,240,99,0.8223368436134393,0.9362418511354682,0.11390500752202892,0.1170606776989757,-0.003155670176946776,0.04,0.04,0.2,0.44,0.04,0.04,0.23333333333333334,0.29774999999999996,0.37083333333333335,0.09507478422566275,0.2956031235059476
H130,external_lung,seed43,target_disjoint,11,240,149,0.77859724168449,0.9283132974408143,0.1497160557563243,0.15893871229441706,-0.00922265653809276,0.04,0.04,0.68,0.68,0.04,0.04,0.4041666666666667,0.3739208333333333,0.25833333333333336,0.07779063929199863,0.27202298557303817
H130,immune,seed43,dual_axis_disjoint,11,240,60,0.8257407407407408,0.9391666666666666,0.11342592592592582,0.11624305555555549,-0.0028171296296296694,0.04,0.04,0.04,0.04,0.36,0.04,0.13333333333333333,0.21124166666666663,0.17916666666666667,0.03908569914718656,0.1448313005470359
H130,immune,seed43,source_disjoint,11,240,59,0.8294784155819833,0.9541155538908137,0.12463713830883039,0.1499250866185973,-0.02528794830976691,0.04,0.04,0.6,0.88,0.2,0.04,0.175,0.22210833333333332,0.18333333333333332,0.046047723125754676,0.17135030216133854
H130,immune,seed43,target_disjoint,11,240,58,0.8671845395983326,0.9515915119363394,0.08440697233800676,0.09826165214096254,-0.01385467980295578,0.04,0.04,0.36,0.76,0.12,0.04,0.1625,0.20126666666666668,0.22916666666666666,0.04211815342638291,0.1611076109559114
H130,lung,seed43,dual_axis_disjoint,11,196,163,0.6995724112288529,0.9051868377021752,0.2056144264733223,0.21346904629113223,-0.007854619817809938,0.04,0.04,0.52,0.84,0.04,0.04,0.5357142857142857,0.500280612244898,0.5051020408163265,0.06227424611709775,0.2822049692818489
H130,lung,seed43,source_disjoint,11,240,108,0.7590488215488215,0.9356762065095398,0.17662738496071828,0.17888257575757585,-0.00225519079685757,0.04,0.04,0.44,0.44,0.04,0.04,0.2916666666666667,0.2752083333333334,0.4125,0.092864868265043,0.2972355943028246
H130,lung,seed43,target_disjoint,11,240,142,0.8268539810290313,0.9378054038516814,0.11095142282265014,0.11221256108077032,-0.0012611382581201869,0.04,0.04,0.16,0.28,0.04,0.04,0.32916666666666666,0.3655208333333333,0.325,0.08938057664214062,0.29928628876929475
H130,external_lung,seed44,dual_axis_disjoint,11,240,195,0.792022792022792,0.9194301994301993,0.1274074074074073,0.12832478632478633,-0.0009173789173790303,0.04,0.04,0.12,0.32,0.08,0.04,0.4791666666666667,0.49319999999999997,0.275,0.057202124303532643,0.2453196743199462
H130,external_lung,seed44,source_disjoint,11,240,101,0.8080347603105634,0.9335422750908184,0.12550751478025501,0.13600327658665143,-0.010495761806396414,0.04,0.04,0.68,0.88,0.04,0.04,0.24583333333333332,0.34580416666666663,0.24583333333333332,0.10440751680795118,0.30382914801029715
H130,external_lung,seed44,target_disjoint,11,240,144,0.8590133101851852,0.9742476851851851,0.11523437499999989,0.11235532407407389,0.0028790509259259967,0.04,0.04,0.04,0.04,0.04,0.04,0.37916666666666665,0.3647625,0.49166666666666664,0.07883330957042214,0.27653936948625873
H130,immune,seed44,dual_axis_disjoint,11,240,58,0.8543008715422508,0.9584122773777947,0.1041114058355439,0.10583080712391066,-0.0017194012883667564,0.04,0.04,0.12,0.2,0.24,0.04,0.15833333333333333,0.20578333333333332,0.1625,0.04946411178751709,0.18494628176562553
H130,immune,seed44,source_disjoint,11,240,59,0.8062552673471299,0.9615132503043355,0.1552579829572056,0.17296095139994375,-0.017702968442738137,0.08,0.04,0.72,0.88,0.4,0.04,0.17916666666666667,0.21202916666666663,0.16666666666666666,0.045888630273873375,0.17936090562543588
H130,immune,seed44,target_disjoint,11,240,58,0.7807881773399015,0.8962675255778705,0.11547934823796902,0.11548882152330425,-9.473285335237502e-06,0.08,0.04,0.04,0.2,0.08,0.04,0.12083333333333333,0.18834583333333335,0.19166666666666668,0.04077778045687855,0.1609564017594715
H130,lung,seed44,dual_axis_disjoint,11,215,169,0.7828659634679702,0.9452019552354,0.16233599176742974,0.1614484178029329,0.0008875739644968461,0.04,0.04,0.16,0.12,0.04,0.04,0.4883720930232558,0.4845581395348837,0.3953488372093023,0.06232981038205886,0.27063111545130675
H130,lung,seed44,source_disjoint,11,240,107,0.8039491251493218,0.943854964514089,0.1399058393647672,0.13924882299205962,0.0006570163727075695,0.04,0.04,0.08,0.24,0.04,0.04,0.29583333333333334,0.28875,0.4041666666666667,0.09078684371541117,0.3003525192164901
H130,lung,seed44,target_disjoint,11,240,133,0.8440025296887077,0.9492656875834445,0.10526315789473684,0.11398355702339957,-0.008720399128662737,0.04,0.04,0.84,0.84,0.04,0.04,0.3125,0.35093333333333326,0.5791666666666667,0.08405435128096984,0.285752729986127
