domain,split_regime,layer,null_family,n_seed_runs,mean_h1_observed_geodesic,mean_h1_null,mean_h1_delta_observed_minus_null,frac_seed_runs_h1_delta_positive,fisher_stat_h1_upper,fisher_p_h1_upper,mean_distortion_observed,mean_distortion_null,mean_distortion_delta_observed_minus_null,fisher_stat_distortion_lower,fisher_p_distortion_lower,mean_knn_k,bridged_runs,mean_edge_hist_l1_ratio
immune,source_disjoint,0,degree_preserving_geodesic_rewire,3,22.17658297220866,37.60409622192383,-15.42751324971517,0.0,-0.0,1.0,1.379994819406126,1.0693241906721338,0.31067062873399237,-0.0,1.0,40.0,3,0.32372763597060555
immune,source_disjoint,0,quantile_constrained_geodesic_rewire,3,22.17658297220866,35.97307993570964,-13.796496963500976,0.0,-0.0,1.0,1.379994819406126,1.068763291059053,0.31123152834707296,-0.0,1.0,40.0,3,0.3127714496727526
immune,source_disjoint,1,degree_preserving_geodesic_rewire,3,21.487584988276165,33.33460445404053,-11.847019465764363,0.0,-0.0,1.0,1.3190555194998843,1.0961589343367695,0.22289658516311492,-0.0,1.0,40.0,3,0.3269518750723677
immune,source_disjoint,1,quantile_constrained_geodesic_rewire,3,21.487584988276165,31.64951612154643,-10.161931133270263,0.0,-0.0,1.0,1.3190555194998843,1.094039685032229,0.22501583446765538,-0.0,1.0,40.0,3,0.3140199936913607
immune,source_disjoint,2,degree_preserving_geodesic_rewire,3,17.591201146443684,29.0977520942688,-11.506550947825113,0.0,-0.0,1.0,1.2950848788560814,1.0789911987627878,0.21609368009329386,-0.0,1.0,40.0,3,0.32520638064358215
immune,source_disjoint,2,quantile_constrained_geodesic_rewire,3,17.591201146443684,28.741633240381873,-11.150432093938193,0.0,-0.0,1.0,1.2950848788560814,1.0774462161890692,0.21763866266701237,-0.0,1.0,40.0,3,0.3141387585405184
immune,source_disjoint,3,degree_preserving_geodesic_rewire,3,19.782868146896362,30.86365971565247,-11.080791568756103,0.0,-0.0,1.0,1.3313879918339182,1.0966332355090607,0.23475475632485732,-0.0,1.0,40.0,3,0.32364916816236794
immune,source_disjoint,3,quantile_constrained_geodesic_rewire,3,19.782868146896362,32.21840136845906,-12.435533221562702,0.0,-0.0,1.0,1.3313879918339182,1.0952506154913553,0.2361373763425628,-0.0,1.0,40.0,3,0.3124307430932446
immune,source_disjoint,4,degree_preserving_geodesic_rewire,3,16.462021112442017,29.449124336242676,-12.98710322380066,0.0,-0.0,1.0,1.3169671941951864,1.091104751940358,0.22586244225482846,-0.0,1.0,40.0,3,0.32101993826142133
immune,source_disjoint,4,quantile_constrained_geodesic_rewire,3,16.462021112442017,28.120009867350262,-11.657988754908244,0.0,-0.0,1.0,1.3169671941951864,1.0898250045892135,0.22714218960597296,-0.0,1.0,40.0,3,0.3111426365076258
immune,source_disjoint,5,degree_preserving_geodesic_rewire,3,16.89072068532308,28.604828278223675,-11.714107592900595,0.0,-0.0,1.0,1.270155881150774,1.0784397738706744,0.1917161072800996,-0.0,1.0,40.0,3,0.32614340099889366
immune,source_disjoint,5,quantile_constrained_geodesic_rewire,3,16.89072068532308,29.578050088882446,-12.687329403559367,0.0,-0.0,1.0,1.270155881150774,1.0772855776521213,0.1928703034986529,-0.0,1.0,40.0,3,0.31433190119236043
immune,source_disjoint,6,degree_preserving_geodesic_rewire,3,15.264299313227335,27.39004874229431,-12.125749429066977,0.0,-0.0,1.0,1.3019143370122608,1.0689722966745128,0.2329420403377478,-0.0,1.0,40.0,3,0.32473327607094066
immune,source_disjoint,6,quantile_constrained_geodesic_rewire,3,15.264299313227335,26.870926332473754,-11.60662701924642,0.0,-0.0,1.0,1.3019143370122608,1.0686691213985506,0.23324521561371006,-0.0,1.0,40.0,3,0.312463520937955
immune,source_disjoint,7,degree_preserving_geodesic_rewire,3,17.749125321706135,30.000767548878986,-12.251642227172852,0.0,-0.0,1.0,1.3083670656018176,1.0889556952595012,0.2194113703423163,-0.0,1.0,40.0,3,0.32540344500080637
immune,source_disjoint,7,quantile_constrained_geodesic_rewire,3,17.749125321706135,29.412938658396403,-11.663813336690268,0.0,-0.0,1.0,1.3083670656018176,1.087299498128998,0.2210675674728196,-0.0,1.0,40.0,3,0.3127370187434395
immune,source_disjoint,8,degree_preserving_geodesic_rewire,3,15.854814529418945,27.181257232030234,-11.326442702611288,0.0,-0.0,1.0,1.285836823316214,1.0783746340825535,0.20746218923366078,-0.0,1.0,40.0,3,0.3255963048609331
immune,source_disjoint,8,quantile_constrained_geodesic_rewire,3,15.854814529418945,27.742354933420813,-11.887540404001873,0.0,-0.0,1.0,1.285836823316214,1.0770400815770067,0.20879674173920745,-0.0,1.0,40.0,3,0.31149578871541656
immune,source_disjoint,9,degree_preserving_geodesic_rewire,3,14.634238640467325,24.68718605041504,-10.052947409947713,0.0,-0.0,1.0,1.2596420178545789,1.087870913185786,0.17177110466879308,-0.0,1.0,40.0,3,0.3301522022270687
immune,source_disjoint,9,quantile_constrained_geodesic_rewire,3,14.634238640467325,23.356918851534527,-8.7226802110672,0.0,-0.0,1.0,1.2596420178545789,1.0864651466986421,0.17317687115593694,-0.0,1.0,40.0,3,0.3146335862577235
immune,source_disjoint,10,degree_preserving_geodesic_rewire,3,9.417021632194519,18.421949179967246,-9.004927547772725,0.0,-0.0,1.0,1.1674012000180045,1.0799868559225159,0.08741434409548858,-0.0,1.0,40.0,3,0.32621644411268197
immune,source_disjoint,10,quantile_constrained_geodesic_rewire,3,9.417021632194519,17.759924379984536,-8.342902747790019,0.0,-0.0,1.0,1.1674012000180045,1.078957884256106,0.08844331576189846,-0.0,1.0,40.0,3,0.3124514883104455
immune,source_disjoint,11,degree_preserving_geodesic_rewire,3,8.490783929824829,15.301314306259153,-6.810530376434326,0.0,-0.0,1.0,1.1840021326865953,1.0728185258263176,0.1111836068602774,-0.0,1.0,40.0,3,0.3201968630641498
immune,source_disjoint,11,quantile_constrained_geodesic_rewire,3,8.490783929824829,13.839565110206602,-5.348781180381774,0.0,-0.0,1.0,1.1840021326865953,1.0717717255101025,0.1122304071764925,-0.0,1.0,40.0,3,0.31183629754916653
immune,target_disjoint,0,degree_preserving_geodesic_rewire,3,2.491921583811442,32.701821358998615,-30.20989977518717,0.0,-0.0,1.0,1.4694813085551253,1.1274986205597557,0.3419826879953696,3.58351893845611,0.7328267445020427,26.666666666666668,0,0.15084685210458326
immune,target_disjoint,0,quantile_constrained_geodesic_rewire,3,2.491921583811442,35.098019440968834,-32.60609785715739,0.0,-0.0,1.0,1.4694813085551253,1.1278739173119086,0.34160739124321676,3.58351893845611,0.7328267445020427,26.666666666666668,0,0.15195588345149116
immune,target_disjoint,1,degree_preserving_geodesic_rewire,3,1.7423043162892309,30.028227392832438,-28.28592307654321,0.0,-0.0,1.0,1.4951886278028488,1.155590689786868,0.33959793801598087,3.58351893845611,0.7328267445020427,29.666666666666668,0,0.1494663158922597
immune,target_disjoint,1,quantile_constrained_geodesic_rewire,3,1.7423043162892309,33.42447487513224,-31.682170558843012,0.0,-0.0,1.0,1.4951886278028488,1.1571639285525128,0.3380246992503361,3.58351893845611,0.7328267445020427,29.666666666666668,0,0.15072699991857938
immune,target_disjoint,2,degree_preserving_geodesic_rewire,3,3.9161968620294303,34.351097663243614,-30.434900801214184,0.0,-0.0,1.0,1.2224323252640164,1.2091376570473444,0.013294668216671912,7.16703787691222,0.30567563693313654,33.333333333333336,0,0.14934316946819012
immune,target_disjoint,2,quantile_constrained_geodesic_rewire,3,3.9161968620294303,39.672587871551514,-35.75639100952208,0.0,-0.0,1.0,1.2224323252640164,1.2120439801773064,0.01038834508670979,7.16703787691222,0.30567563693313654,33.333333333333336,0,0.15188065461382552
immune,target_disjoint,3,degree_preserving_geodesic_rewire,3,1.9991429646809895,29.67177689870198,-27.672633934020997,0.0,-0.0,1.0,1.0000000000448295,1.0358517374287703,-0.03585173738394095,10.75055681536833,0.09639855272102762,28.333333333333332,0,0.12285921469367748
immune,target_disjoint,3,quantile_constrained_geodesic_rewire,3,1.9991429646809895,24.345419216156007,-22.346276251475018,0.0,-0.0,1.0,1.0000000000448295,1.0335774817360102,-0.033577481691180765,10.75055681536833,0.09639855272102762,28.333333333333332,0,0.12280670952345725
immune,target_disjoint,4,degree_preserving_geodesic_rewire,3,2.812229606887634,39.75285822550456,-36.94062861861693,0.0,-0.0,1.0,1.415574071209506,1.1297073213613678,0.28586674984813815,3.58351893845611,0.7328267445020427,30.333333333333332,0,0.1423058867507716
immune,target_disjoint,4,quantile_constrained_geodesic_rewire,3,2.812229606887634,43.775653743743895,-40.96342413685626,0.0,-0.0,1.0,1.415574071209506,1.1326000082823593,0.28297406292714666,3.58351893845611,0.7328267445020427,30.333333333333332,0,0.14452628723652625
immune,target_disjoint,5,degree_preserving_geodesic_rewire,3,3.562529252277836,27.9435479482015,-24.38101869592366,0.0,-0.0,1.0,1.347863350129942,1.2310425981946933,0.11682075193524843,7.16703787691222,0.30567563693313654,34.666666666666664,0,0.15178490803278577
immune,target_disjoint,5,quantile_constrained_geodesic_rewire,3,3.562529252277836,31.111654726664224,-27.54912547438639,0.0,-0.0,1.0,1.347863350129942,1.231694020664629,0.11616932946531278,7.16703787691222,0.30567563693313654,34.666666666666664,0,0.15235554331285062
immune,target_disjoint,6,degree_preserving_geodesic_rewire,3,2.971236564542631,34.13418032328288,-31.162943758740244,0.0,-0.0,1.0,1.7653751610513584,1.1292514359727668,0.6361237250785913,-0.0,1.0,26.666666666666668,0,0.14396666737638864
immune,target_disjoint,6,quantile_constrained_geodesic_rewire,3,2.971236564542631,27.441502193992836,-24.470265629450207,0.0,-0.0,1.0,1.7653751610513584,1.1276627434622715,0.6377124175890864,-0.0,1.0,26.666666666666668,0,0.14299526115544578
immune,target_disjoint,7,degree_preserving_geodesic_rewire,3,4.592558145523071,32.186156272888184,-27.593598127365112,0.0,-0.0,1.0,1.2425339148188834,1.2199906870095358,0.022543227809347255,7.16703787691222,0.30567563693313654,35.666666666666664,1,0.15353598698178922
immune,target_disjoint,7,quantile_constrained_geodesic_rewire,3,4.592558145523071,34.709209473927814,-30.116651328404743,0.0,-0.0,1.0,1.2425339148188834,1.2205870220390138,0.021946892779869425,7.16703787691222,0.30567563693313654,35.666666666666664,1,0.1545627875417769
immune,target_disjoint,8,degree_preserving_geodesic_rewire,3,5.885748704274495,30.25278158187866,-24.367032877604164,0.0,-0.0,1.0,1.2158788612239004,1.0403040438025446,0.17557481742135583,7.16703787691222,0.30567563693313654,33.0,0,0.14694266483522556
immune,target_disjoint,8,quantile_constrained_geodesic_rewire,3,5.885748704274495,35.46572971343994,-29.579981009165447,0.0,-0.0,1.0,1.2158788612239004,1.0403444915120408,0.17553436971185965,7.16703787691222,0.30567563693313654,33.0,0,0.14768202760886484
immune,target_disjoint,9,degree_preserving_geodesic_rewire,3,2.6340413255738135,29.64121386210124,-27.007172536527424,0.0,-0.0,1.0,1.1233339544547534,1.1506099166065331,-0.02727596215177967,10.75055681536833,0.09639855272102762,35.0,0,0.1476405804377382
immune,target_disjoint,9,quantile_constrained_geodesic_rewire,3,2.6340413255738135,25.79394207000733,-23.159900744433514,0.0,-0.0,1.0,1.1233339544547534,1.1530994108722397,-0.029765456417486364,10.75055681536833,0.09639855272102762,35.0,0,0.1476885275321925
immune,target_disjoint,10,degree_preserving_geodesic_rewire,3,2.259028991063436,21.97872034708659,-19.71969135602315,0.0,-0.0,1.0,1.0000000000059628,1.0378296343969662,-0.03782963439100362,10.75055681536833,0.09639855272102762,32.333333333333336,0,0.14228351774611225
immune,target_disjoint,10,quantile_constrained_geodesic_rewire,3,2.259028991063436,26.55792177518209,-24.298892784118653,0.0,-0.0,1.0,1.0000000000059628,1.0396599288803463,-0.0396599288743836,10.75055681536833,0.09639855272102762,32.333333333333336,0,0.14308008872861408
immune,target_disjoint,11,degree_preserving_geodesic_rewire,3,2.2832604249318442,20.227025397618615,-17.94376497268677,0.0,-0.0,1.0,1.226423962407294,1.1913041122081056,0.03511985019918814,3.58351893845611,0.7328267445020427,28.666666666666668,1,0.15272912853368656
immune,target_disjoint,11,quantile_constrained_geodesic_rewire,3,2.2832604249318442,19.05898780822754,-16.775727383295695,0.0,-0.0,1.0,1.226423962407294,1.1819641690034242,0.04445979340386974,3.58351893845611,0.7328267445020427,28.666666666666668,1,0.1490130212897209
