domain,seed_tag,split_regime,layer,perm_idx,null_delta_auc_bif_minus_distance
external_lung,seed42_main,source_disjoint,0,0,-0.004176377867891712
external_lung,seed42_main,source_disjoint,0,1,-0.002980721300874345
external_lung,seed42_main,source_disjoint,0,2,-0.007423174855510806
external_lung,seed42_main,source_disjoint,0,3,-0.00565158230832441
external_lung,seed42_main,source_disjoint,0,4,0.0008925323669285445
external_lung,seed42_main,source_disjoint,0,5,-0.0033613105743192095
external_lung,seed42_main,source_disjoint,0,6,-0.0045367588613307586
external_lung,seed42_main,source_disjoint,0,7,-0.010824901989841984
external_lung,seed42_main,source_disjoint,0,8,-0.0061702614951433254
external_lung,seed42_main,source_disjoint,0,9,0.0036576986810730183
external_lung,seed42_main,source_disjoint,0,10,-0.0020578765139368516
external_lung,seed42_main,source_disjoint,0,11,-0.008100152235709368
external_lung,seed42_main,source_disjoint,0,12,-0.0004951028601452023
external_lung,seed42_main,source_disjoint,0,13,-0.009619141282821486
external_lung,seed42_main,source_disjoint,0,14,-0.0030952348875745717
external_lung,seed42_main,source_disjoint,0,15,0.0014381559270885136
external_lung,seed42_main,source_disjoint,0,16,-0.0008487477602489024
external_lung,seed42_main,source_disjoint,0,17,-0.008366227922454006
external_lung,seed42_main,source_disjoint,0,18,-0.003408463227666525
external_lung,seed42_main,source_disjoint,0,19,-0.01515621000444578
external_lung,seed42_main,source_disjoint,0,20,0.003075026607568754
external_lung,seed42_main,source_disjoint,0,21,-0.0013202742937206136
external_lung,seed42_main,source_disjoint,0,22,-0.0015560375604565246
external_lung,seed42_main,source_disjoint,0,23,-0.006015331348431019
external_lung,seed42_main,source_disjoint,0,24,-0.008504317835827835
external_lung,seed42_main,source_disjoint,0,25,0.0024654101607232137
external_lung,seed42_main,source_disjoint,0,26,-0.005543804814959419
external_lung,seed42_main,source_disjoint,0,27,-0.007288452988804539
external_lung,seed42_main,source_disjoint,0,28,-0.00803952739569147
external_lung,seed42_main,source_disjoint,0,29,-0.007446751182184297
external_lung,seed42_main,source_disjoint,0,30,-0.010218653589664117
external_lung,seed42_main,source_disjoint,0,31,0.002327320247349385
external_lung,seed42_main,source_disjoint,0,32,-0.0013707949937353803
external_lung,seed42_main,source_disjoint,0,33,-0.002010723860589758
external_lung,seed42_main,source_disjoint,0,34,-0.0095248359761273
external_lung,seed42_main,source_disjoint,0,35,-0.00403491990785021
external_lung,seed42_main,source_disjoint,3,0,-0.007392862435501968
external_lung,seed42_main,source_disjoint,3,1,0.0003267005267625356
external_lung,seed42_main,source_disjoint,3,2,-0.004779258221401905
external_lung,seed42_main,source_disjoint,3,3,-0.0031659638675953783
external_lung,seed42_main,source_disjoint,3,4,-0.0010171500936317912
external_lung,seed42_main,source_disjoint,3,5,-0.007224460102119301
external_lung,seed42_main,source_disjoint,3,6,-0.0009699974402844758
external_lung,seed42_main,source_disjoint,3,7,-0.006934808088700839
external_lung,seed42_main,source_disjoint,3,8,-0.002640548587441227
external_lung,seed42_main,source_disjoint,3,9,-0.007958694275667977
external_lung,seed42_main,source_disjoint,3,10,-0.002808950920824005
external_lung,seed42_main,source_disjoint,3,11,-0.012343891036954324
external_lung,seed42_main,source_disjoint,3,12,-0.012155280423565618
external_lung,seed42_main,source_disjoint,3,13,0.0012798577337087558
external_lung,seed42_main,source_disjoint,3,14,-0.00746022336885499
external_lung,seed42_main,source_disjoint,3,15,-0.0036509625877376717
external_lung,seed42_main,source_disjoint,3,16,-0.0063420318751936655
external_lung,seed42_main,source_disjoint,3,17,-0.005402346854918028
external_lung,seed42_main,source_disjoint,3,18,-0.008581782909183988
external_lung,seed42_main,source_disjoint,3,19,-0.006611475608605977
external_lung,seed42_main,source_disjoint,3,20,-0.008484109555822017
external_lung,seed42_main,source_disjoint,3,21,-0.003334366200978156
external_lung,seed42_main,source_disjoint,3,22,0.0005759359801689179
external_lung,seed42_main,source_disjoint,3,23,-0.004166273727888803
external_lung,seed42_main,source_disjoint,3,24,0.0007712826868928602
external_lung,seed42_main,source_disjoint,3,25,-0.009039837255985117
external_lung,seed42_main,source_disjoint,3,26,-0.0008521158069165757
external_lung,seed42_main,source_disjoint,3,27,-0.01104382502323964
external_lung,seed42_main,source_disjoint,3,28,-0.006490225928570514
external_lung,seed42_main,source_disjoint,3,29,0.008430220809139466
external_lung,seed42_main,source_disjoint,3,30,-0.003546553141040354
external_lung,seed42_main,source_disjoint,3,31,-0.0053046735015561675
external_lung,seed42_main,source_disjoint,3,32,-0.0046007517480162186
external_lung,seed42_main,source_disjoint,3,33,-0.009487787462783226
external_lung,seed42_main,source_disjoint,3,34,-0.0043649884812804185
external_lung,seed42_main,source_disjoint,3,35,-0.008376332062457137
external_lung,seed42_main,source_disjoint,7,0,-0.01752057876513935
external_lung,seed42_main,source_disjoint,7,1,-0.0019736753472455737
external_lung,seed42_main,source_disjoint,7,2,-0.003930510461153003
external_lung,seed42_main,source_disjoint,7,3,0.0030480822342274783
external_lung,seed42_main,source_disjoint,7,4,-0.006503698115241097
external_lung,seed42_main,source_disjoint,7,5,-0.00936653778274743
external_lung,seed42_main,source_disjoint,7,6,-0.007719562962264392
external_lung,seed42_main,source_disjoint,7,7,-0.001165344147008529
external_lung,seed42_main,source_disjoint,7,8,-0.012785105150417087
external_lung,seed42_main,source_disjoint,7,9,-0.009363169736079868
external_lung,seed42_main,source_disjoint,7,10,-0.01419294865749654
external_lung,seed42_main,source_disjoint,7,11,-0.002660756867447156
external_lung,seed42_main,source_disjoint,7,12,-0.008056367629029726
external_lung,seed42_main,source_disjoint,7,13,-0.002616972260767625
external_lung,seed42_main,source_disjoint,7,14,-0.010248966009672955
external_lung,seed42_main,source_disjoint,7,15,-0.007126786748757219
external_lung,seed42_main,source_disjoint,7,16,-0.011414310156681595
external_lung,seed42_main,source_disjoint,7,17,-0.014923814784377654
external_lung,seed42_main,source_disjoint,7,18,-0.012030662696862371
external_lung,seed42_main,source_disjoint,7,19,-0.010127716329637493
external_lung,seed42_main,source_disjoint,7,20,-0.010235493823002373
external_lung,seed42_main,source_disjoint,7,21,-0.006665364355288528
external_lung,seed42_main,source_disjoint,7,22,-0.005122798981502696
external_lung,seed42_main,source_disjoint,7,23,-0.00904320530265268
external_lung,seed42_main,source_disjoint,7,24,-0.014112115537472936
external_lung,seed42_main,source_disjoint,7,25,-0.00926886442938546
external_lung,seed42_main,source_disjoint,7,26,-0.004112384981206363
external_lung,seed42_main,source_disjoint,7,27,-0.0021622859606342804
external_lung,seed42_main,source_disjoint,7,28,-0.00516995163484979
external_lung,seed42_main,source_disjoint,7,29,-0.0049847090681287565
external_lung,seed42_main,source_disjoint,7,30,-0.009976154229593082
external_lung,seed42_main,source_disjoint,7,31,-0.005553908954962439
external_lung,seed42_main,source_disjoint,7,32,-0.006022067441766477
external_lung,seed42_main,source_disjoint,7,33,0.0042268985679064786
external_lung,seed42_main,source_disjoint,7,34,-0.0063420318751936655
external_lung,seed42_main,source_disjoint,7,35,-0.009801015802874957
external_lung,seed42_main,source_disjoint,11,0,0.003374782760989903
external_lung,seed42_main,source_disjoint,11,1,-0.009413690436094635
external_lung,seed42_main,source_disjoint,11,2,0.005311409594891292
external_lung,seed42_main,source_disjoint,11,3,-0.0029302006008595782
external_lung,seed42_main,source_disjoint,11,4,-0.011128026189930917
external_lung,seed42_main,source_disjoint,11,5,2.357632667360221e-05
external_lung,seed42_main,source_disjoint,11,6,0.0035768655610491917
external_lung,seed42_main,source_disjoint,11,7,0.00034690880676846447
external_lung,seed42_main,source_disjoint,11,8,-0.0029840893475419072
external_lung,seed42_main,source_disjoint,11,9,-0.003068290514233407
external_lung,seed42_main,source_disjoint,11,10,-0.001657078960486058
external_lung,seed42_main,source_disjoint,11,11,-0.003216484567610145
external_lung,seed42_main,source_disjoint,11,12,-0.0030413461408921316
external_lung,seed42_main,source_disjoint,11,13,0.0033478383876487383
external_lung,seed42_main,source_disjoint,11,14,-0.003122179260915847
external_lung,seed42_main,source_disjoint,11,15,-0.013792151104045691
external_lung,seed42_main,source_disjoint,11,16,-0.005257520848208852
external_lung,seed42_main,source_disjoint,11,17,-0.012364099316960142
external_lung,seed42_main,source_disjoint,11,18,4.041656001185778e-05
external_lung,seed42_main,source_disjoint,11,19,-0.009720182682851242
external_lung,seed42_main,source_disjoint,11,20,-0.00945073894943882
external_lung,seed42_main,source_disjoint,11,21,-0.002094925027281147
external_lung,seed42_main,source_disjoint,11,22,0.002030932140595687
external_lung,seed42_main,source_disjoint,11,23,0.0021622859606342804
external_lung,seed42_main,source_disjoint,11,24,-0.006749565521979806
external_lung,seed42_main,source_disjoint,11,25,-0.001101351260322958
external_lung,seed42_main,source_disjoint,11,26,0.0023441604806876404
external_lung,seed42_main,source_disjoint,11,27,-0.008130464655718206
external_lung,seed42_main,source_disjoint,11,28,0.0013000660137146847
external_lung,seed42_main,source_disjoint,11,29,-0.005089118514826185
external_lung,seed42_main,source_disjoint,11,30,-0.004092176701200434
external_lung,seed42_main,source_disjoint,11,31,-0.012182224796906838
external_lung,seed42_main,source_disjoint,11,32,0.0026102361674323893
external_lung,seed42_main,source_disjoint,11,33,-0.0097605992428631
external_lung,seed42_main,source_disjoint,11,34,-0.004937556414781774
external_lung,seed42_main,source_disjoint,11,35,-0.0008083312002371557
external_lung,seed42_main,target_disjoint,0,0,-0.0026684981684982345
external_lung,seed42_main,target_disjoint,0,1,0.0020695970695970844
external_lung,seed42_main,target_disjoint,0,2,0.006261904761904802
external_lung,seed42_main,target_disjoint,0,3,0.004390109890109906
external_lung,seed42_main,target_disjoint,0,4,-0.002752747252747323
external_lung,seed42_main,target_disjoint,0,5,-0.002479853479853522
external_lung,seed42_main,target_disjoint,0,6,-0.00016300366300381341
external_lung,seed42_main,target_disjoint,0,7,0.0017692307692307452
external_lung,seed42_main,target_disjoint,0,8,-0.0006135531135530448
external_lung,seed42_main,target_disjoint,0,9,0.00013186813186805146
external_lung,seed42_main,target_disjoint,0,10,-0.0073260073260073555
external_lung,seed42_main,target_disjoint,0,11,0.00224908424908421
external_lung,seed42_main,target_disjoint,0,12,-0.005681318681318659
external_lung,seed42_main,target_disjoint,0,13,-0.0037857142857143367
external_lung,seed42_main,target_disjoint,0,14,-0.0036630036630037055
external_lung,seed42_main,target_disjoint,0,15,-0.0026684981684981235
external_lung,seed42_main,target_disjoint,0,16,-0.0030989010989010968
external_lung,seed42_main,target_disjoint,0,17,-0.0024542124542124566
external_lung,seed42_main,target_disjoint,0,18,-0.003943223443223454
external_lung,seed42_main,target_disjoint,0,19,-0.000866300366300421
external_lung,seed42_main,target_disjoint,0,20,-0.0048663003663003135
external_lung,seed42_main,target_disjoint,0,21,-0.0026043956043956262
external_lung,seed42_main,target_disjoint,0,22,-0.005263736263736218
external_lung,seed42_main,target_disjoint,0,23,-0.003989010989011055
external_lung,seed42_main,target_disjoint,0,24,-0.001967032967032878
external_lung,seed42_main,target_disjoint,0,25,-0.0010897435897435637
external_lung,seed42_main,target_disjoint,0,26,0.000287545787545751
external_lung,seed42_main,target_disjoint,0,27,-0.004304029304029344
external_lung,seed42_main,target_disjoint,0,28,-0.0018608058608058364
external_lung,seed42_main,target_disjoint,0,29,-0.006998168498168533
external_lung,seed42_main,target_disjoint,0,30,-0.008593406593406627
external_lung,seed42_main,target_disjoint,0,31,-0.002413919413919441
external_lung,seed42_main,target_disjoint,0,32,0.001749084249084265
external_lung,seed42_main,target_disjoint,0,33,-0.002461538461538515
external_lung,seed42_main,target_disjoint,0,34,0.004705128205128251
external_lung,seed42_main,target_disjoint,0,35,-0.002355311355311418
external_lung,seed42_main,target_disjoint,3,0,-2.3809523809537048e-05
external_lung,seed42_main,target_disjoint,3,1,-0.005580586080586147
external_lung,seed42_main,target_disjoint,3,2,-0.001146520146520169
external_lung,seed42_main,target_disjoint,3,3,-0.004390109890109906
external_lung,seed42_main,target_disjoint,3,4,-0.00493772893772898
external_lung,seed42_main,target_disjoint,3,5,-0.00042124542124533093
external_lung,seed42_main,target_disjoint,3,6,-0.003009157509157534
external_lung,seed42_main,target_disjoint,3,7,0.00041575091575096756
external_lung,seed42_main,target_disjoint,3,8,-0.0005293040293039564
external_lung,seed42_main,target_disjoint,3,9,-0.002130036630036636
external_lung,seed42_main,target_disjoint,3,10,0.0023644688644687273
external_lung,seed42_main,target_disjoint,3,11,-0.0006703296703296502
external_lung,seed42_main,target_disjoint,3,12,-0.0012967032967033942
external_lung,seed42_main,target_disjoint,3,13,-0.004547619047619023
external_lung,seed42_main,target_disjoint,3,14,0.0001043956043955685
external_lung,seed42_main,target_disjoint,3,15,-0.006128205128205222
external_lung,seed42_main,target_disjoint,3,16,0.0013534798534797776
external_lung,seed42_main,target_disjoint,3,17,-0.004924908424908392
external_lung,seed42_main,target_disjoint,3,18,0.0016410256410255286
external_lung,seed42_main,target_disjoint,3,19,-0.008276556776556698
external_lung,seed42_main,target_disjoint,3,20,-0.008091575091575098
external_lung,seed42_main,target_disjoint,3,21,-0.004351648351648307
external_lung,seed42_main,target_disjoint,3,22,-0.008133699633699587
external_lung,seed42_main,target_disjoint,3,23,-0.0035897435897436214
external_lung,seed42_main,target_disjoint,3,24,-0.004816849816849822
external_lung,seed42_main,target_disjoint,3,25,-0.001205128205128303
external_lung,seed42_main,target_disjoint,3,26,0.0002747252747251627
external_lung,seed42_main,target_disjoint,3,27,0.002201465201465025
external_lung,seed42_main,target_disjoint,3,28,-0.0024450549450549808
external_lung,seed42_main,target_disjoint,3,29,-0.004142857142857115
external_lung,seed42_main,target_disjoint,3,30,-0.007516483516483596
external_lung,seed42_main,target_disjoint,3,31,-0.001968864468864351
external_lung,seed42_main,target_disjoint,3,32,-0.0003461538461539959
external_lung,seed42_main,target_disjoint,3,33,0.005434065934065924
external_lung,seed42_main,target_disjoint,3,34,-0.002355311355311418
external_lung,seed42_main,target_disjoint,3,35,0.0014120879120879115
external_lung,seed42_main,target_disjoint,7,0,-0.007974358974359108
external_lung,seed42_main,target_disjoint,7,1,-0.005591575091575207
external_lung,seed42_main,target_disjoint,7,2,-0.003064102564102611
external_lung,seed42_main,target_disjoint,7,3,-0.004371794871794954
external_lung,seed42_main,target_disjoint,7,4,0.0018131868131866513
external_lung,seed42_main,target_disjoint,7,5,-0.0005897435897437298
external_lung,seed42_main,target_disjoint,7,6,0.0013003663003661181
external_lung,seed42_main,target_disjoint,7,7,0.0002728937728937453
external_lung,seed42_main,target_disjoint,7,8,0.00019963369963349464
external_lung,seed42_main,target_disjoint,7,9,-0.0040586080586081374
external_lung,seed42_main,target_disjoint,7,10,-0.009875457875457905
external_lung,seed42_main,target_disjoint,7,11,0.00016483516483511984
external_lung,seed42_main,target_disjoint,7,12,0.0004981684981683054
external_lung,seed42_main,target_disjoint,7,13,-0.005172161172161183
external_lung,seed42_main,target_disjoint,7,14,-0.0014853479853480511
external_lung,seed42_main,target_disjoint,7,15,0.0002509157509156257
external_lung,seed42_main,target_disjoint,7,16,-0.0028369963369964113
external_lung,seed42_main,target_disjoint,7,17,-0.0024908424908426374
external_lung,seed42_main,target_disjoint,7,18,-0.0020787545787546158
external_lung,seed42_main,target_disjoint,7,19,-0.0055311355311356
external_lung,seed42_main,target_disjoint,7,20,0.0030897435897434544
external_lung,seed42_main,target_disjoint,7,21,-0.0024285714285715576
external_lung,seed42_main,target_disjoint,7,22,-0.005490842490842585
external_lung,seed42_main,target_disjoint,7,23,-0.0005347985347986528
external_lung,seed42_main,target_disjoint,7,24,-0.007554945054945195
external_lung,seed42_main,target_disjoint,7,25,0.0023260073260072955
external_lung,seed42_main,target_disjoint,7,26,-0.006456043956044044
external_lung,seed42_main,target_disjoint,7,27,-0.00289926739926738
external_lung,seed42_main,target_disjoint,7,28,-0.002043956043956019
external_lung,seed42_main,target_disjoint,7,29,-0.0008736263736265348
external_lung,seed42_main,target_disjoint,7,30,-0.004673992673992822
external_lung,seed42_main,target_disjoint,7,31,-0.00027106227106232783
external_lung,seed42_main,target_disjoint,7,32,-0.003631868131868332
external_lung,seed42_main,target_disjoint,7,33,-0.0038186813186813495
external_lung,seed42_main,target_disjoint,7,34,-0.002324175824175989
external_lung,seed42_main,target_disjoint,7,35,-0.00022527472527500425
external_lung,seed42_main,target_disjoint,11,0,-0.0002417582417583164
external_lung,seed42_main,target_disjoint,11,1,0.0005183150183148966
external_lung,seed42_main,target_disjoint,11,2,-0.0028333333333333544
external_lung,seed42_main,target_disjoint,11,3,-0.0035146520146521754
external_lung,seed42_main,target_disjoint,11,4,-2.930402930412246e-05
external_lung,seed42_main,target_disjoint,11,5,-0.010212454212454258
external_lung,seed42_main,target_disjoint,11,6,-0.0005549450549451329
external_lung,seed42_main,target_disjoint,11,7,-0.005192307692307829
external_lung,seed42_main,target_disjoint,11,8,-0.006031135531135656
external_lung,seed42_main,target_disjoint,11,9,-0.006468864468864521
external_lung,seed42_main,target_disjoint,11,10,-0.0026648351648351776
external_lung,seed42_main,target_disjoint,11,11,0.002622710622710578
external_lung,seed42_main,target_disjoint,11,12,-0.0012490842490843201
external_lung,seed42_main,target_disjoint,11,13,0.002686813186813186
external_lung,seed42_main,target_disjoint,11,14,-0.0022747252747253865
external_lung,seed42_main,target_disjoint,11,15,-0.003908424908425134
external_lung,seed42_main,target_disjoint,11,16,-0.004827838827838993
external_lung,seed42_main,target_disjoint,11,17,-0.004159340659340649
external_lung,seed42_main,target_disjoint,11,18,-0.006943223443223623
external_lung,seed42_main,target_disjoint,11,19,-0.010155677655677708
external_lung,seed42_main,target_disjoint,11,20,-0.0062509157509159086
external_lung,seed42_main,target_disjoint,11,21,-0.006038461538461659
external_lung,seed42_main,target_disjoint,11,22,-0.0017710622710624957
external_lung,seed42_main,target_disjoint,11,23,-0.002564102564102777
external_lung,seed42_main,target_disjoint,11,24,-0.0037435897435897925
external_lung,seed42_main,target_disjoint,11,25,-0.001913919413919496
external_lung,seed42_main,target_disjoint,11,26,0.00024175824175820537
external_lung,seed42_main,target_disjoint,11,27,-0.006399267399267383
external_lung,seed42_main,target_disjoint,11,28,-0.006501831501831534
external_lung,seed42_main,target_disjoint,11,29,-0.006364468864469008
external_lung,seed42_main,target_disjoint,11,30,-0.003930402930402921
external_lung,seed42_main,target_disjoint,11,31,0.0023406593406593013
external_lung,seed42_main,target_disjoint,11,32,-0.003289377289377393
external_lung,seed42_main,target_disjoint,11,33,0.0006080586080584593
external_lung,seed42_main,target_disjoint,11,34,-0.004300366300366454
external_lung,seed42_main,target_disjoint,11,35,-0.0026373626373626946
immune,seed42_main,source_disjoint,0,0,-0.012198248237556109
immune,seed42_main,source_disjoint,0,1,-0.006139179662465244
immune,seed42_main,source_disjoint,0,2,-0.0013832514419995778
immune,seed42_main,source_disjoint,0,3,0.001367229224524591
immune,seed42_main,source_disjoint,0,4,-0.0005287331766716807
immune,seed42_main,source_disjoint,0,5,-0.012083422345652628
immune,seed42_main,source_disjoint,0,6,-0.0035863063447980625
immune,seed42_main,source_disjoint,0,7,-0.0008438367870113872
immune,seed42_main,source_disjoint,0,8,-0.008072527237769744
immune,seed42_main,source_disjoint,0,9,-0.013498718222601958
immune,seed42_main,source_disjoint,0,10,0.001847895748771422
immune,seed42_main,source_disjoint,0,11,-0.011180837427900103
immune,seed42_main,source_disjoint,0,12,0.003706472975859687
immune,seed42_main,source_disjoint,0,13,-0.008900341807306145
immune,seed42_main,source_disjoint,0,14,-0.002088229010895226
immune,seed42_main,source_disjoint,0,15,-0.009949797051912013
immune,seed42_main,source_disjoint,0,16,-0.008972441785943364
immune,seed42_main,source_disjoint,0,17,-0.007199316385387844
immune,seed42_main,source_disjoint,0,18,-0.010093997009186118
immune,seed42_main,source_disjoint,0,19,-0.010414441358684079
immune,seed42_main,source_disjoint,0,20,-0.005549027985473298
immune,seed42_main,source_disjoint,0,21,-0.010820337534714786
immune,seed42_main,source_disjoint,0,22,-0.005044328135013987
immune,seed42_main,source_disjoint,0,23,-0.006470305490279937
immune,seed42_main,source_disjoint,0,24,-0.0008438367870113872
immune,seed42_main,source_disjoint,0,25,-0.00866534928434104
immune,seed42_main,source_disjoint,0,26,-0.004985580004272627
immune,seed42_main,source_disjoint,0,27,-0.008240760521256107
immune,seed42_main,source_disjoint,0,28,-0.007898953215125015
immune,seed42_main,source_disjoint,0,29,-0.0048921170690023885
immune,seed42_main,source_disjoint,0,30,-0.00668660542619115
immune,seed42_main,source_disjoint,0,31,-0.012994018372142646
immune,seed42_main,source_disjoint,0,32,-0.012849818414868652
immune,seed42_main,source_disjoint,0,33,-0.01066812646870341
immune,seed42_main,source_disjoint,0,34,-0.006991027558214125
immune,seed42_main,source_disjoint,0,35,-0.005068361461226356
immune,seed42_main,source_disjoint,3,0,-0.007837534714804528
immune,seed42_main,source_disjoint,3,1,0.003594317453535556
immune,seed42_main,source_disjoint,3,2,-0.006240653706473087
immune,seed42_main,source_disjoint,3,3,-0.0030495620593891104
immune,seed42_main,source_disjoint,3,4,-0.0034073915829951895
immune,seed42_main,source_disjoint,3,5,-0.005970946378978881
immune,seed42_main,source_disjoint,3,6,-0.011907177953428771
immune,seed42_main,source_disjoint,3,7,-0.01059869685964554
immune,seed42_main,source_disjoint,3,8,-0.003057573168126604
immune,seed42_main,source_disjoint,3,9,-0.011274300363170342
immune,seed42_main,source_disjoint,3,10,0.00460104678487494
immune,seed42_main,source_disjoint,3,11,-0.0007824182866909002
immune,seed42_main,source_disjoint,3,12,-0.003994872890408119
immune,seed42_main,source_disjoint,3,13,-0.0006515701773126548
immune,seed42_main,source_disjoint,3,14,-0.004718543046357659
immune,seed42_main,source_disjoint,3,15,-0.004115039521469854
immune,seed42_main,source_disjoint,3,16,-0.010996581926938864
immune,seed42_main,source_disjoint,3,17,0.0037465285195470432
immune,seed42_main,source_disjoint,3,18,-0.00273979918820777
immune,seed42_main,source_disjoint,3,19,-0.0051377910702841145
immune,seed42_main,source_disjoint,3,20,-0.0008465071565905147
immune,seed42_main,source_disjoint,3,21,0.004571672719504316
immune,seed42_main,source_disjoint,3,22,0.0016716513565476765
immune,seed42_main,source_disjoint,3,23,-0.012948622089297257
immune,seed42_main,source_disjoint,3,24,-0.012232963042085099
immune,seed42_main,source_disjoint,3,25,-0.00418713950010674
immune,seed42_main,source_disjoint,3,26,-0.007212668233283481
immune,seed42_main,source_disjoint,3,27,-0.005645161290322553
immune,seed42_main,source_disjoint,3,28,-0.01144787438581496
immune,seed42_main,source_disjoint,3,29,-0.001986754966887494
immune,seed42_main,source_disjoint,3,30,-0.007469023712881939
immune,seed42_main,source_disjoint,3,31,-0.0019627216406750136
immune,seed42_main,source_disjoint,3,32,-0.007033753471480386
immune,seed42_main,source_disjoint,3,33,-0.0036690878017516804
immune,seed42_main,source_disjoint,3,34,-0.01040108951078822
immune,seed42_main,source_disjoint,3,35,-0.00030175176244395807
immune,seed42_main,source_disjoint,7,0,-0.002144306772057236
immune,seed42_main,source_disjoint,7,1,-0.0036877803888057947
immune,seed42_main,source_disjoint,7,2,0.0015060884426404408
immune,seed42_main,source_disjoint,7,3,-0.006363490707113728
immune,seed42_main,source_disjoint,7,4,-0.0011936552018798618
immune,seed42_main,source_disjoint,7,5,0.0027771843623156656
immune,seed42_main,source_disjoint,7,6,-0.0025368511001921945
immune,seed42_main,source_disjoint,7,7,-0.00031777397991883394
immune,seed42_main,source_disjoint,7,8,-0.014262443922238743
immune,seed42_main,source_disjoint,7,9,0.00016289254432810818
immune,seed42_main,source_disjoint,7,10,-0.00018425550096135002
immune,seed42_main,source_disjoint,7,11,-0.007268745994445602
immune,seed42_main,source_disjoint,7,12,-0.005193868831446236
immune,seed42_main,source_disjoint,7,13,-0.005492950224311066
immune,seed42_main,source_disjoint,7,14,0.000737022003845289
immune,seed42_main,source_disjoint,7,15,-0.0017517624439221668
immune,seed42_main,source_disjoint,7,16,-0.005794701986754913
immune,seed42_main,source_disjoint,7,17,-0.0007129886776330308
immune,seed42_main,source_disjoint,7,18,-0.005978957487716263
immune,seed42_main,source_disjoint,7,19,-0.0021389660328988702
immune,seed42_main,source_disjoint,7,20,-0.0013191625720999633
immune,seed42_main,source_disjoint,7,21,0.0003818628498184484
immune,seed42_main,source_disjoint,7,22,-0.005017624439222268
immune,seed42_main,source_disjoint,7,23,0.006091113010040838
immune,seed42_main,source_disjoint,7,24,-0.004657124546037172
immune,seed42_main,source_disjoint,7,25,-0.0037198248237555465
immune,seed42_main,source_disjoint,7,26,0.003118991668446869
immune,seed42_main,source_disjoint,7,27,0.006077761162144979
immune,seed42_main,source_disjoint,7,28,-0.0037759025849177785
immune,seed42_main,source_disjoint,7,29,-0.005837427900021286
immune,seed42_main,source_disjoint,7,30,0.0016582995086520391
immune,seed42_main,source_disjoint,7,31,-0.0053834650715659516
immune,seed42_main,source_disjoint,7,32,-0.004526276436658816
immune,seed42_main,source_disjoint,7,33,-0.0016396069215978137
immune,seed42_main,source_disjoint,7,34,-0.003410061952574206
immune,seed42_main,source_disjoint,7,35,-0.006414227729117483
immune,seed42_main,source_disjoint,11,0,-0.008814889980773288
immune,seed42_main,source_disjoint,11,1,-0.005770668660542655
immune,seed42_main,source_disjoint,11,2,-0.007274086733603857
immune,seed42_main,source_disjoint,11,3,-0.007957701345866375
immune,seed42_main,source_disjoint,11,4,0.0002964110232855921
immune,seed42_main,source_disjoint,11,5,-0.002886669515060891
immune,seed42_main,source_disjoint,11,6,-0.003276543473616833
immune,seed42_main,source_disjoint,11,7,-0.006825464644306778
immune,seed42_main,source_disjoint,11,8,-0.010085985900448624
immune,seed42_main,source_disjoint,11,9,-0.011904507583849644
immune,seed42_main,source_disjoint,11,10,-0.016380046998504594
immune,seed42_main,source_disjoint,11,11,-0.0033139286477249508
immune,seed42_main,source_disjoint,11,12,-0.0039094210638752624
immune,seed42_main,source_disjoint,11,13,-0.003492843409527824
immune,seed42_main,source_disjoint,11,14,-0.006705298013245042
immune,seed42_main,source_disjoint,11,15,-0.002467421491134436
immune,seed42_main,source_disjoint,11,16,-0.009073915829950874
immune,seed42_main,source_disjoint,11,17,0.003839991454817282
immune,seed42_main,source_disjoint,11,18,-1.0681478316620918e-05
immune,seed42_main,source_disjoint,11,19,0.0005954924161504227
immune,seed42_main,source_disjoint,11,20,-0.0008411664174321487
immune,seed42_main,source_disjoint,11,21,-0.0022244178594318376
immune,seed42_main,source_disjoint,11,22,-0.0020561845759453634
immune,seed42_main,source_disjoint,11,23,-0.00186391796624652
immune,seed42_main,source_disjoint,11,24,-0.002851954710531901
immune,seed42_main,source_disjoint,11,25,-0.003415402691732461
immune,seed42_main,source_disjoint,11,26,-0.0071913052766503505
immune,seed42_main,source_disjoint,11,27,-0.0022858363597522136
immune,seed42_main,source_disjoint,11,28,-0.003337961973937209
immune,seed42_main,source_disjoint,11,29,0.0056344798120059325
immune,seed42_main,source_disjoint,11,30,0.0033299508651996046
immune,seed42_main,source_disjoint,11,31,-0.0070684682760094875
immune,seed42_main,source_disjoint,11,32,-0.002042832728049726
immune,seed42_main,source_disjoint,11,33,-0.0047132023071992935
immune,seed42_main,source_disjoint,11,34,-0.002689062166203904
immune,seed42_main,source_disjoint,11,35,-0.0008331553086948773
immune,seed42_main,target_disjoint,0,0,-0.001634061788915897
immune,seed42_main,target_disjoint,0,1,-0.007834333623493839
immune,seed42_main,target_disjoint,0,2,-0.00595019929445173
immune,seed42_main,target_disjoint,0,3,-0.009077060521372582
immune,seed42_main,target_disjoint,0,4,-0.011451795177226942
immune,seed42_main,target_disjoint,0,5,-0.016882759884546683
immune,seed42_main,target_disjoint,0,6,-0.007444907683144764
immune,seed42_main,target_disjoint,0,7,0.00013744444953489587
immune,seed42_main,target_disjoint,0,8,-0.015239153342190948
immune,seed42_main,target_disjoint,0,9,-0.008527282723232776
immune,seed42_main,target_disjoint,0,10,-0.011682778210473366
immune,seed42_main,target_disjoint,0,11,-0.00959056825644089
immune,seed42_main,target_disjoint,0,12,-0.005150348956185713
immune,seed42_main,target_disjoint,0,13,-0.002233472304943418
immune,seed42_main,target_disjoint,0,14,-0.0026992562728119784
immune,seed42_main,target_disjoint,0,15,-0.010321696369939515
immune,seed42_main,target_disjoint,0,16,-0.014914631725233218
immune,seed42_main,target_disjoint,0,17,-0.004902185366747469
immune,seed42_main,target_disjoint,0,18,-0.006114369053618507
immune,seed42_main,target_disjoint,0,19,-0.0037358164963882112
immune,seed42_main,target_disjoint,0,20,-0.00640834745956842
immune,seed42_main,target_disjoint,0,21,-0.0036823658771247825
immune,seed42_main,target_disjoint,0,22,-0.010167071364212465
immune,seed42_main,target_disjoint,0,23,-0.003138314931048769
immune,seed42_main,target_disjoint,0,24,-0.0032013103037521473
immune,seed42_main,target_disjoint,0,25,-0.011757227287304883
immune,seed42_main,target_disjoint,0,26,0.0030256868404575643
immune,seed42_main,target_disjoint,0,27,-0.009550480291993124
immune,seed42_main,target_disjoint,0,28,-0.0025866281822206627
immune,seed42_main,target_disjoint,0,29,-0.0050625372245384215
immune,seed42_main,target_disjoint,0,30,-0.0012999954185184404
immune,seed42_main,target_disjoint,0,31,-0.010149890808020645
immune,seed42_main,target_disjoint,0,32,-0.008120676226691659
immune,seed42_main,target_disjoint,0,33,-0.010407599150898839
immune,seed42_main,target_disjoint,0,34,-0.004539484736030386
immune,seed42_main,target_disjoint,0,35,-0.005245796490585097
immune,seed42_main,target_disjoint,3,0,-0.007019211679723969
immune,seed42_main,target_disjoint,3,1,-0.006530520303599574
immune,seed42_main,target_disjoint,3,2,-0.00011644599196736216
immune,seed42_main,target_disjoint,3,3,-0.010837113055695569
immune,seed42_main,target_disjoint,3,4,-0.007857241031749784
immune,seed42_main,target_disjoint,3,5,-0.003256669873703877
immune,seed42_main,target_disjoint,3,6,-0.00564667613506209
immune,seed42_main,target_disjoint,3,7,-0.007864876834501655
immune,seed42_main,target_disjoint,3,8,-0.010216704082100292
immune,seed42_main,target_disjoint,3,9,-0.005438600510071723
immune,seed42_main,target_disjoint,3,10,-0.006223179242833776
immune,seed42_main,target_disjoint,3,11,-0.008179853698019324
immune,seed42_main,target_disjoint,3,12,-0.011694231914601283
immune,seed42_main,target_disjoint,3,13,-0.003451382843878359
immune,seed42_main,target_disjoint,3,14,-0.012568531329698818
immune,seed42_main,target_disjoint,3,15,-0.007070753348299541
immune,seed42_main,target_disjoint,3,16,-0.003243307218888103
immune,seed42_main,target_disjoint,3,17,-0.003808356622531872
immune,seed42_main,target_disjoint,3,18,-0.005997923061651589
immune,seed42_main,target_disjoint,3,19,-0.007565171576487839
immune,seed42_main,target_disjoint,3,20,-0.0034418380904386314
immune,seed42_main,target_disjoint,3,21,-0.0026152624425407334
immune,seed42_main,target_disjoint,3,22,-0.006259449305905607
immune,seed42_main,target_disjoint,3,23,0.002031123532016732
immune,seed42_main,target_disjoint,3,24,-0.006799682350605685
immune,seed42_main,target_disjoint,3,25,-0.009206869168155718
immune,seed42_main,target_disjoint,3,26,0.001380171347413639
immune,seed42_main,target_disjoint,3,27,-0.003913348910371095
immune,seed42_main,target_disjoint,3,28,-0.007595714787495655
immune,seed42_main,target_disjoint,3,29,-0.0008876620699135307
immune,seed42_main,target_disjoint,3,30,-0.0031268612269208518
immune,seed42_main,target_disjoint,3,31,-0.010537407797681864
immune,seed42_main,target_disjoint,3,32,-0.0039038041569311455
immune,seed42_main,target_disjoint,3,33,-0.0022621065652632666
immune,seed42_main,target_disjoint,3,34,-0.010041080618805487
immune,seed42_main,target_disjoint,3,35,-0.003770177608772296
immune,seed42_main,target_disjoint,7,0,-0.00666796475313447
immune,seed42_main,target_disjoint,7,1,9.544753439938436e-05
immune,seed42_main,target_disjoint,7,2,-0.001901314885233929
immune,seed42_main,target_disjoint,7,3,-0.0006013194667154886
immune,seed42_main,target_disjoint,7,4,-0.004491760968830638
immune,seed42_main,target_disjoint,7,5,-0.003621279455109039
immune,seed42_main,target_disjoint,7,6,-0.009733739558039578
immune,seed42_main,target_disjoint,7,7,-0.011740046731112841
immune,seed42_main,target_disjoint,7,8,-0.0008876620699134197
immune,seed42_main,target_disjoint,7,9,-0.007889693193445457
immune,seed42_main,target_disjoint,7,10,-0.00429323009728011
immune,seed42_main,target_disjoint,7,11,-0.002225836502191436
immune,seed42_main,target_disjoint,7,12,0.0024129136696141584
immune,seed42_main,target_disjoint,7,13,-0.006526702402223528
immune,seed42_main,target_disjoint,7,14,-0.001887952230418044
immune,seed42_main,target_disjoint,7,15,-0.006593515676303063
immune,seed42_main,target_disjoint,7,16,-0.0016951482109313076
immune,seed42_main,target_disjoint,7,17,-0.0032585788243918445
immune,seed42_main,target_disjoint,7,18,-0.005682946198133809
immune,seed42_main,target_disjoint,7,19,-0.006511430796719564
immune,seed42_main,target_disjoint,7,20,-0.0021437516226080477
immune,seed42_main,target_disjoint,7,21,-0.00488309585986757
immune,seed42_main,target_disjoint,7,22,-0.005123623646553943
immune,seed42_main,target_disjoint,7,23,-0.007964142270276753
immune,seed42_main,target_disjoint,7,24,0.000983109604312804
immune,seed42_main,target_disjoint,7,25,0.00012408179471912195
immune,seed42_main,target_disjoint,7,26,-0.005738305768085428
immune,seed42_main,target_disjoint,7,27,0.0029741451718819922
immune,seed42_main,target_disjoint,7,28,7.444907683151758e-05
immune,seed42_main,target_disjoint,7,29,0.00511789679449004
immune,seed42_main,target_disjoint,7,30,-0.00826193857760249
immune,seed42_main,target_disjoint,7,31,-0.005623768726806144
immune,seed42_main,target_disjoint,7,32,-0.005171347413753469
immune,seed42_main,target_disjoint,7,33,-0.003268123577831683
immune,seed42_main,target_disjoint,7,34,-0.00888998335394997
immune,seed42_main,target_disjoint,7,35,-0.009371038927322495
immune,seed42_main,target_disjoint,11,0,-0.00026534414563006425
immune,seed42_main,target_disjoint,11,1,-0.002767978497579371
immune,seed42_main,target_disjoint,11,2,0.0012656343061346886
immune,seed42_main,target_disjoint,11,3,0.0003684274827813194
immune,seed42_main,target_disjoint,11,4,-0.010327423222003307
immune,seed42_main,target_disjoint,11,5,0.0001450802522867667
immune,seed42_main,target_disjoint,11,6,0.004552847390846271
immune,seed42_main,target_disjoint,11,7,-0.002987507826697877
immune,seed42_main,target_disjoint,11,8,-0.0012331821444387936
immune,seed42_main,target_disjoint,11,9,0.0005039629816282476
immune,seed42_main,target_disjoint,11,10,-0.0016226080847879798
immune,seed42_main,target_disjoint,11,11,-0.004560483193598253
immune,seed42_main,target_disjoint,11,12,0.0028825155388586543
immune,seed42_main,target_disjoint,11,13,0.002260197614575188
immune,seed42_main,target_disjoint,11,14,-0.00929277194911493
immune,seed42_main,target_disjoint,11,15,-0.006858859821933017
immune,seed42_main,target_disjoint,11,16,0.0045452115880944
immune,seed42_main,target_disjoint,11,17,0.0004524213130526755
immune,seed42_main,target_disjoint,11,18,0.007122295016875224
immune,seed42_main,target_disjoint,11,19,-0.0071585650799468326
immune,seed42_main,target_disjoint,11,20,-0.0034991066110779956
immune,seed42_main,target_disjoint,11,21,-0.0038579893404193655
immune,seed42_main,target_disjoint,11,22,-0.0022754692200790405
immune,seed42_main,target_disjoint,11,23,-0.0007024938531787761
immune,seed42_main,target_disjoint,11,24,-0.0008456651547776861
immune,seed42_main,target_disjoint,11,25,0.0018001404987707526
immune,seed42_main,target_disjoint,11,26,-0.00216856798155185
immune,seed42_main,target_disjoint,11,27,-0.0020101250744490873
immune,seed42_main,target_disjoint,11,28,-0.00756326262579976
immune,seed42_main,target_disjoint,11,29,-0.003254760923015798
immune,seed42_main,target_disjoint,11,30,0.004125242436737397
immune,seed42_main,target_disjoint,11,31,-0.0020922099540324757
immune,seed42_main,target_disjoint,11,32,-0.0018478642659702782
immune,seed42_main,target_disjoint,11,33,-0.004172966203936923
immune,seed42_main,target_disjoint,11,34,-0.006654602098318585
immune,seed42_main,target_disjoint,11,35,-0.0036422779126769056
lung,seed42_main,source_disjoint,0,0,-0.0025577539351491207
lung,seed42_main,source_disjoint,0,1,-0.00024908359542885616
lung,seed42_main,source_disjoint,0,2,-0.009100845397158275
lung,seed42_main,source_disjoint,0,3,-0.007814533098376875
lung,seed42_main,source_disjoint,0,4,-0.014197764939439361
lung,seed42_main,source_disjoint,0,5,-9.294164008533112e-05
lung,seed42_main,source_disjoint,0,6,-0.0034908880016059074
lung,seed42_main,source_disjoint,0,7,-0.005866476322187841
lung,seed42_main,source_disjoint,0,8,-0.003494605667209494
lung,seed42_main,source_disjoint,0,9,-0.012457897437041288
lung,seed42_main,source_disjoint,0,10,-0.007781074107946151
lung,seed42_main,source_disjoint,0,11,-0.0037734305874655982
lung,seed42_main,source_disjoint,0,12,0.0013978422668837753
lung,seed42_main,source_disjoint,0,13,0.00039035488835859056
lung,seed42_main,source_disjoint,0,14,-0.004130326485393354
lung,seed42_main,source_disjoint,0,15,-0.010877889555590325
lung,seed42_main,source_disjoint,0,16,-0.008308982623631
lung,seed42_main,source_disjoint,0,17,-0.013524867465221302
lung,seed42_main,source_disjoint,0,18,7.43533120682871e-05
lung,seed42_main,source_disjoint,0,19,-0.0010706876937832677
lung,seed42_main,source_disjoint,0,20,0.006279137204166729
lung,seed42_main,source_disjoint,0,21,-0.008517171897422293
lung,seed42_main,source_disjoint,0,22,-0.006100689255202796
lung,seed42_main,source_disjoint,0,23,-0.00666949209252532
lung,seed42_main,source_disjoint,0,24,-0.003762277590655394
lung,seed42_main,source_disjoint,0,25,-0.008015287040961327
lung,seed42_main,source_disjoint,0,26,-0.009275575680518733
lung,seed42_main,source_disjoint,0,27,-0.013420772828325656
lung,seed42_main,source_disjoint,0,28,-0.005327414809692788
lung,seed42_main,source_disjoint,0,29,-0.003323593049452289
lung,seed42_main,source_disjoint,0,30,-0.00013755362732637
lung,seed42_main,source_disjoint,0,31,-0.0039407255396192165
lung,seed42_main,source_disjoint,0,32,-0.005026283895816275
lung,seed42_main,source_disjoint,0,33,0.0015353958942101453
lung,seed42_main,source_disjoint,0,34,-0.002323541002133944
lung,seed42_main,source_disjoint,0,35,-0.00010037697129228196
lung,seed42_main,source_disjoint,3,0,-0.004353386421598104
lung,seed42_main,source_disjoint,3,1,0.0010706876937833787
lung,seed42_main,source_disjoint,3,2,-0.008268088301993326
lung,seed42_main,source_disjoint,3,3,-0.0031339921036781515
lung,seed42_main,source_disjoint,3,4,-0.01085186589636633
lung,seed42_main,source_disjoint,3,5,-0.0067401277389901315
lung,seed42_main,source_disjoint,3,6,-0.002219446365238298
lung,seed42_main,source_disjoint,3,7,-0.006364643513045221
lung,seed42_main,source_disjoint,3,8,-0.009892708170685327
lung,seed42_main,source_disjoint,3,9,-0.005524451086673654
lung,seed42_main,source_disjoint,3,10,-0.0011152996810241955
lung,seed42_main,source_disjoint,3,11,-0.00444261039607996
lung,seed42_main,source_disjoint,3,12,-0.003862654561947565
lung,seed42_main,source_disjoint,3,13,0.0027585078777334626
lung,seed42_main,source_disjoint,3,14,-0.0037920189154825312
lung,seed42_main,source_disjoint,3,15,-0.01216048418876814
lung,seed42_main,source_disjoint,3,16,-0.008398206598112745
lung,seed42_main,source_disjoint,3,17,-0.01229060248488767
lung,seed42_main,source_disjoint,3,18,0.0015428312254168741
lung,seed42_main,source_disjoint,3,19,-0.005041154558229732
lung,seed42_main,source_disjoint,3,20,-0.010647394288178513
lung,seed42_main,source_disjoint,3,21,-0.0019517744417923977
lung,seed42_main,source_disjoint,3,22,-0.0032529574029873665
lung,seed42_main,source_disjoint,3,23,-0.004345951090391265
lung,seed42_main,source_disjoint,3,24,-0.0033533343742797594
lung,seed42_main,source_disjoint,3,25,-0.007569167168551494
lung,seed42_main,source_disjoint,3,26,-0.0057214873636546315
lung,seed42_main,source_disjoint,3,27,-0.013160536236086595
lung,seed42_main,source_disjoint,3,28,-0.00040894321637552355
lung,seed42_main,source_disjoint,3,29,0.0006766151398215348
lung,seed42_main,source_disjoint,3,30,-0.009911296498702593
lung,seed42_main,source_disjoint,3,31,-0.013714468410995329
lung,seed42_main,source_disjoint,3,32,-0.00894470344181486
lung,seed42_main,source_disjoint,3,33,-0.002193422706014303
lung,seed42_main,source_disjoint,3,34,-0.010617652963351154
lung,seed42_main,source_disjoint,3,35,-0.00537574446253708
lung,seed42_main,source_disjoint,7,0,0.0036024179697085046
lung,seed42_main,source_disjoint,7,1,0.005041154558229843
lung,seed42_main,source_disjoint,7,2,-0.0049779542429717605
lung,seed42_main,source_disjoint,7,3,-0.0007769921111135947
lung,seed42_main,source_disjoint,7,4,-0.006182477898478034
lung,seed42_main,source_disjoint,7,5,-0.0064278438283034145
lung,seed42_main,source_disjoint,7,6,-0.011948577249373593
lung,seed42_main,source_disjoint,7,7,-0.0007546861174930752
lung,seed42_main,source_disjoint,7,8,-0.0008290394295613623
lung,seed42_main,source_disjoint,7,9,-0.011673469994720964
lung,seed42_main,source_disjoint,7,10,-0.005569063073914693
lung,seed42_main,source_disjoint,7,11,-0.0013197712892120128
lung,seed42_main,source_disjoint,7,12,-0.007461354866052483
lung,seed42_main,source_disjoint,7,13,-0.007877733413634957
lung,seed42_main,source_disjoint,7,14,0.0017770441584321617
lung,seed42_main,source_disjoint,7,15,-0.0037288186002245594
lung,seed42_main,source_disjoint,7,16,-0.004687976325905452
lung,seed42_main,source_disjoint,7,17,-0.010338828043095272
lung,seed42_main,source_disjoint,7,18,-0.0023830236517886627
lung,seed42_main,source_disjoint,7,19,-0.003494605667209494
lung,seed42_main,source_disjoint,7,20,-0.010297933721457597
lung,seed42_main,source_disjoint,7,21,-0.01020870974697563
lung,seed42_main,source_disjoint,7,22,0.0018476798048968623
lung,seed42_main,source_disjoint,7,23,-0.000568802837322524
lung,seed42_main,source_disjoint,7,24,0.0041526324790137625
lung,seed42_main,source_disjoint,7,25,-0.0033273107150557646
lung,seed42_main,source_disjoint,7,26,0.0008513454231817708
lung,seed42_main,source_disjoint,7,27,-0.002699025228078855
lung,seed42_main,source_disjoint,7,28,-0.0016952555151570348
lung,seed42_main,source_disjoint,7,29,-0.005691746038827272
lung,seed42_main,source_disjoint,7,30,-0.00640182016907942
lung,seed42_main,source_disjoint,7,31,-0.005829299666153642
lung,seed42_main,source_disjoint,7,32,-0.000568802837322413
lung,seed42_main,source_disjoint,7,33,-0.002293799677306696
lung,seed42_main,source_disjoint,7,34,-0.004844118281248977
lung,seed42_main,source_disjoint,7,35,-0.0034090993583310025
lung,seed42_main,source_disjoint,11,0,-0.000531626181288436
lung,seed42_main,source_disjoint,11,1,-0.00194433911058578
lung,seed42_main,source_disjoint,11,2,-0.011599116682652622
lung,seed42_main,source_disjoint,11,3,-0.007992981047340808
lung,seed42_main,source_disjoint,11,4,0.0018105031488626633
lung,seed42_main,source_disjoint,11,5,-0.006160171904857514
lung,seed42_main,source_disjoint,11,6,-0.002405329645409182
lung,seed42_main,source_disjoint,11,7,-0.0058776293189981565
lung,seed42_main,source_disjoint,11,8,-0.006122995248823426
lung,seed42_main,source_disjoint,11,9,0.005297673484865428
lung,seed42_main,source_disjoint,11,10,-0.0033273107150559866
lung,seed42_main,source_disjoint,11,11,-0.014751697114348095
lung,seed42_main,source_disjoint,11,12,-0.001513089900589737
lung,seed42_main,source_disjoint,11,13,-0.0047028469883191315
lung,seed42_main,source_disjoint,11,14,-0.004464916389700702
lung,seed42_main,source_disjoint,11,15,0.0006394384837872247
lung,seed42_main,source_disjoint,11,16,-0.0020521514130847907
lung,seed42_main,source_disjoint,11,17,-0.010394593027146404
lung,seed42_main,source_disjoint,11,18,0.005030001561419417
lung,seed42_main,source_disjoint,11,19,-0.0018551151361038132
lung,seed42_main,source_disjoint,11,20,-0.007104458968124727
lung,seed42_main,source_disjoint,11,21,0.0018402444736900225
lung,seed42_main,source_disjoint,11,22,-0.009413129307845103
lung,seed42_main,source_disjoint,11,23,-0.005052307555040048
lung,seed42_main,source_disjoint,11,24,-0.009361081989397335
lung,seed42_main,source_disjoint,11,25,-0.0007955804391307497
lung,seed42_main,source_disjoint,11,26,0.00353178232324336
lung,seed42_main,source_disjoint,11,27,-0.007769921111135947
lung,seed42_main,source_disjoint,11,28,-0.0062902902009771555
lung,seed42_main,source_disjoint,11,29,-0.006323749191407879
lung,seed42_main,source_disjoint,11,30,-0.001981515766619868
lung,seed42_main,source_disjoint,11,31,-0.002167399046790641
lung,seed42_main,source_disjoint,11,32,-0.0015168075661932123
lung,seed42_main,source_disjoint,11,33,0.005156402191935472
lung,seed42_main,source_disjoint,11,34,-0.0036544652881562723
lung,seed42_main,source_disjoint,11,35,-0.007416742878811555
lung,seed42_main,target_disjoint,0,0,-0.0036068293752771208
lung,seed42_main,target_disjoint,0,1,-0.005926356792425036
lung,seed42_main,target_disjoint,0,2,-0.008565325806590085
lung,seed42_main,target_disjoint,0,3,0.003239709927958745
lung,seed42_main,target_disjoint,0,4,0.0034900186420394608
lung,seed42_main,target_disjoint,0,5,-4.2910065270906905e-05
lung,seed42_main,target_disjoint,0,6,-0.00622434335680655
lung,seed42_main,target_disjoint,0,7,0.001046528814108716
lung,seed42_main,target_disjoint,0,8,-0.001120429482075469
lung,seed42_main,target_disjoint,0,9,-0.0001597207985085669
lung,seed42_main,target_disjoint,0,10,-0.005316080308571003
lung,seed42_main,target_disjoint,0,11,0.0031634253674770463
lung,seed42_main,target_disjoint,0,12,-0.001358818733580902
lung,seed42_main,target_disjoint,0,13,0.0029822495363328594
lung,seed42_main,target_disjoint,0,14,-0.0012134012901625635
lung,seed42_main,target_disjoint,0,15,0.0012563113554336924
lung,seed42_main,target_disjoint,0,16,-0.003880977014508402
lung,seed42_main,target_disjoint,0,17,-0.0029131166533963304
lung,seed42_main,target_disjoint,0,18,0.0027486280698575394
lung,seed42_main,target_disjoint,0,19,-0.002016773067735955
lung,seed42_main,target_disjoint,0,20,0.00524217964060425
lung,seed42_main,target_disjoint,0,21,0.0024387220429005207
lung,seed42_main,target_disjoint,0,22,0.0008438979503291311
lung,seed42_main,target_disjoint,0,23,-0.0032730844231695366
lung,seed42_main,target_disjoint,0,24,-0.0010203059964432049
lung,seed42_main,target_disjoint,0,25,-0.005561621237621717
lung,seed42_main,target_disjoint,0,26,0.0020358442078562966
lung,seed42_main,target_disjoint,0,27,-0.003330297843530894
lung,seed42_main,target_disjoint,0,28,0.0047820883851988905
lung,seed42_main,target_disjoint,0,29,0.003223022680353238
lung,seed42_main,target_disjoint,0,30,-0.00841037279311152
lung,seed42_main,target_disjoint,0,31,0.000886808015600149
lung,seed42_main,target_disjoint,0,32,0.002050147562946636
lung,seed42_main,target_disjoint,0,33,0.00042194897516467655
lung,seed42_main,target_disjoint,0,34,0.000674641581760449
lung,seed42_main,target_disjoint,0,35,-0.0038523703043277235
lung,seed42_main,target_disjoint,3,0,0.0030466146342393863
lung,seed42_main,target_disjoint,3,1,0.0013635865186110152
lung,seed42_main,target_disjoint,3,2,3.3374495210902744e-05
lung,seed42_main,target_disjoint,3,3,0.0015256912096347497
lung,seed42_main,target_disjoint,3,4,-0.002877358265670482
lung,seed42_main,target_disjoint,3,5,-0.006722576892452925
lung,seed42_main,target_disjoint,3,6,0.006441277575676585
lung,seed42_main,target_disjoint,3,7,-0.0035233931372501415
lung,seed42_main,target_disjoint,3,8,-0.002712869682131691
lung,seed42_main,target_disjoint,3,9,0.0001454174434182276
lung,seed42_main,target_disjoint,3,10,-0.004465030680696813
lung,seed42_main,target_disjoint,3,11,-0.0034447246842534973
lung,seed42_main,target_disjoint,3,12,-0.009282877453621441
lung,seed42_main,target_disjoint,3,13,-0.00032182548953252343
lung,seed42_main,target_disjoint,3,14,-0.007275639955945712
lung,seed42_main,target_disjoint,3,15,-0.0022170200390004835
lung,seed42_main,target_disjoint,3,16,0.0028797421581856497
lung,seed42_main,target_disjoint,3,17,-3.099060269573517e-05
lung,seed42_main,target_disjoint,3,18,0.006493723211007718
lung,seed42_main,target_disjoint,3,19,-0.003244477712988858
lung,seed42_main,target_disjoint,3,20,0.0029607945036974614
lung,seed42_main,target_disjoint,3,21,-0.003425653544133045
lung,seed42_main,target_disjoint,3,22,-0.00046485904043558346
lung,seed42_main,target_disjoint,3,23,-1.191946257539378e-05
lung,seed42_main,target_disjoint,3,24,-0.006474652070887377
lung,seed42_main,target_disjoint,3,25,0.003244477712988858
lung,seed42_main,target_disjoint,3,26,-0.006145674903809795
lung,seed42_main,target_disjoint,3,27,-0.005192117897788173
lung,seed42_main,target_disjoint,3,28,-0.004641438726810554
lung,seed42_main,target_disjoint,3,29,0.006226727249321828
lung,seed42_main,target_disjoint,3,30,-0.007738115103866239
lung,seed42_main,target_disjoint,3,31,0.0011490361922561476
lung,seed42_main,target_disjoint,3,32,0.002250394534211164
lung,seed42_main,target_disjoint,3,33,-0.002677111294405843
lung,seed42_main,target_disjoint,3,34,-0.004116982373498668
lung,seed42_main,target_disjoint,3,35,-0.005070539379520511
lung,seed42_main,target_disjoint,7,0,-0.005611682980437793
lung,seed42_main,target_disjoint,7,1,0.0009630925760819586
lung,seed42_main,target_disjoint,7,2,0.00021693421886981312
lung,seed42_main,target_disjoint,7,3,-0.006181433291535643
lung,seed42_main,target_disjoint,7,4,0.0014327194015475442
lung,seed42_main,target_disjoint,7,5,-0.002989401213878029
lung,seed42_main,target_disjoint,7,6,-0.004024010565411684
lung,seed42_main,target_disjoint,7,7,0.0003742711248634345
lung,seed42_main,target_disjoint,7,8,-0.006105148731053944
lung,seed42_main,target_disjoint,7,9,-0.0030442307417244407
lung,seed42_main,target_disjoint,7,10,-0.0018951945494681821
lung,seed42_main,target_disjoint,7,11,-0.00275577974740282
lung,seed42_main,target_disjoint,7,12,-0.005835768876852887
lung,seed42_main,target_disjoint,7,13,0.004515092423512668
lung,seed42_main,target_disjoint,7,14,-0.0031133636246609697
lung,seed42_main,target_disjoint,7,15,-0.0018379811291068249
lung,seed42_main,target_disjoint,7,16,-0.0009964670712926393
lung,seed42_main,target_disjoint,7,17,0.00030513824192690553
lung,seed42_main,target_disjoint,7,18,-0.004424504507940741
lung,seed42_main,target_disjoint,7,19,-0.008324552662569595
lung,seed42_main,target_disjoint,7,20,0.0027700831024929373
lung,seed42_main,target_disjoint,7,21,-0.005072923272035457
lung,seed42_main,target_disjoint,7,22,0.006567623878974582
lung,seed42_main,target_disjoint,7,23,-0.00130637309824988
lung,seed42_main,target_disjoint,7,24,-0.002612746196499427
lung,seed42_main,target_disjoint,7,25,-0.005468649429534511
lung,seed42_main,target_disjoint,7,26,-0.006381680262800282
lung,seed42_main,target_disjoint,7,27,-0.005809546059187265
lung,seed42_main,target_disjoint,7,28,-0.010124391511435515
lung,seed42_main,target_disjoint,7,29,-0.004751097782503155
lung,seed42_main,target_disjoint,7,30,0.005051468239400059
lung,seed42_main,target_disjoint,7,31,-0.002257546211756334
lung,seed42_main,target_disjoint,7,32,0.001072751631774449
lung,seed42_main,target_disjoint,7,33,-0.0025364616360176173
lung,seed42_main,target_disjoint,7,34,0.0013302120234002235
lung,seed42_main,target_disjoint,7,35,-0.0008081395626035048
lung,seed42_main,target_disjoint,11,0,-0.0033016911333502152
lung,seed42_main,target_disjoint,11,1,-0.0014875489293939559
lung,seed42_main,target_disjoint,11,2,-0.006100380946023942
lung,seed42_main,target_disjoint,11,3,-0.0010536804916541076
lung,seed42_main,target_disjoint,11,4,0.0033279139510157263
lung,seed42_main,target_disjoint,11,5,-0.00031467381198724276
lung,seed42_main,target_disjoint,11,6,-0.004412585045365569
lung,seed42_main,target_disjoint,11,7,-0.000419565082649509
lung,seed42_main,target_disjoint,11,8,0.006510410458613225
lung,seed42_main,target_disjoint,11,9,0.002176493866244411
lung,seed42_main,target_disjoint,11,10,-0.005623602443013076
lung,seed42_main,target_disjoint,11,11,0.0029345716860318394
lung,seed42_main,target_disjoint,11,12,0.0007437744646969779
lung,seed42_main,target_disjoint,11,13,-0.0012706147105239207
lung,seed42_main,target_disjoint,11,14,-0.0017879193862907483
lung,seed42_main,target_disjoint,11,15,-0.00029560267186679035
lung,seed42_main,target_disjoint,11,16,-0.0019571757548595414
lung,seed42_main,target_disjoint,11,17,-0.005204037360363567
lung,seed42_main,target_disjoint,11,18,0.0008558174129045248
lung,seed42_main,target_disjoint,11,19,-0.002240858964150827
lung,seed42_main,target_disjoint,11,20,-0.002326679094692974
lung,seed42_main,target_disjoint,11,21,-0.006014560815482017
lung,seed42_main,target_disjoint,11,22,0.0017521609985649
lung,seed42_main,target_disjoint,11,23,-0.0021907972213348614
lung,seed42_main,target_disjoint,11,24,-0.005056236024430172
lung,seed42_main,target_disjoint,11,25,0.007928826505070541
lung,seed42_main,target_disjoint,11,26,0.003802308561511536
lung,seed42_main,target_disjoint,11,27,-0.005988337997816395
lung,seed42_main,target_disjoint,11,28,-0.006734496355028319
lung,seed42_main,target_disjoint,11,29,0.00048154628804109034
lung,seed42_main,target_disjoint,11,30,0.00022170200389992623
lung,seed42_main,target_disjoint,11,31,-0.0023695891599637697
lung,seed42_main,target_disjoint,11,32,0.0017545448910799566
lung,seed42_main,target_disjoint,11,33,0.00039811005001411104
lung,seed42_main,target_disjoint,11,34,-0.0028821260507005952
lung,seed42_main,target_disjoint,11,35,-0.0012038657201024483
